id,domanda,risposta_a,risposta_b,risposta_c,risposta_d,corretta,macrocategoria,is_situazionale,efficace_alta,efficace_neutra,efficace_bassa,created_at,deleted_globally,risposta_e
1778786034500-1,"Ai sensi dell'art. 5 del D.Lgs. 33/2013, il procedimento di accesso civico deve concludersi con provvedimento espresso e motivato da comunicarsi al richiedente e agli eventuali controinteressati nel termine di:",Quarantacinque giorni dalla presentazione dell'istanza.,Trenta giorni dalla presentazione dell'istanza.,Sessanta giorni dalla presentazione dell'istanza.,,B,Diritto_Amministrativo,false,,,,2026-05-15 21:10:33.313064,false,
1778786034500-10,Quale delle seguenti funzionalità in Windows consente di identificare settori danneggiati del disco rigido?,Scandisk.,Wi-fi.,Firewall.,,A,Logica,false,,,,2026-05-15 21:10:33.313064,false,
1778786034500-2,"A norma dell'art. 5 del D.Lgs. 33/2013, avverso la decisione dell'amministrazione competente di diniego o differimento dell'accesso civico a tutela degli interessi correlati alla protezione dei dati personali ovvero, in caso di richiesta di riesame, avverso quella del responsabile della prevenzione della corruzione e della trasparenza, il richiedente può proporre ricorso:",Al Tribunale amministrativo regionale.,Al Tribunale ordinario.,Al Presidente della Repubblica.,,A,Diritto_Amministrativo,false,,,,2026-05-15 21:10:33.313064,false,
1778786034500-4,Quale tasto di scelta rapida in ambiente Windows consente di ripristinare l'ultima operazione annullata?,CTRL+C.,CTRL+Z.,CTRL+Y.,,C,Logica,false,,,,2026-05-15 21:10:33.313064,false,
1778786034500-5,Complete the sentence by using one of the options given: 'Laura doesn't have as _________ money as John'.,Very.,Much.,Many.,,B,Inglese,false,,,,2026-05-15 21:10:33.313064,false,
1778786034500-6,Complete the sentence by using one of the options given: 'Zoe's parents have known each other _______ 1978'.,About.,For.,Since.,,C,Inglese,false,,,,2026-05-15 21:10:33.313064,false,
1778786034500-7,Cos’è una Dashboard nel mondo social?,Una sfida social.,Un servizio di conversazione online.,La schermata che riassume i dati più importanti e i risultati dell’attività social.,,C,Teoria_Comunicazione,false,,,,2026-05-15 21:10:33.313064,false,
1778786034500-8,"Secondo lo studioso Lev Manovich, i new media sono caratterizzati da:","Singolarità, stabilità e artificio.","Modularità, variabilità e automazione.","Unicità, costanza e artigianalità.",,B,Teoria_Comunicazione,false,,,,2026-05-15 21:10:33.313064,false,
1778786034500-9,Tra le caratteristiche dei new media primeggia il fatto che ogni singolo oggetto risponde a sempre più funzioni e unisce strumenti di comunicazione differenti. Come si chiama tale caratteristica?,Memoria.,Ibridazione.,Convergenza.,,C,Teoria_Comunicazione,false,,,,2026-05-15 21:10:33.313064,false,
1778786095045-3,Ogni trattamento di dati personali deve avvenire nel rispetto dei principi fissati all'art. 5 del Regolamento (UE) 2016/679. In applicazione del principio di integrità e riservatezza i dati personali sono:,"Trattati in modo lecito, corretto e trasparente nei confronti dell'interessato.","Esatti e, se necessario, aggiornati.",Trattati in maniera da garantire un'adeguata sicurezza dei dati personali.,,C,Diritto_Amministrativo,false,,,,2026-05-15 21:10:33.313064,false,
1778789460875-1,"Quali sono i due tipi di accesso accomunati dal diffuso riconoscimento in capo a chiunque, indipendentemente dalla titolarità di una situazione giuridica soggettiva connessa alla richiesta di accesso?",Accesso civico e accesso documentale.,Accesso documentale e accesso generalizzato.,Accesso civico e accesso generalizzato.,,C,Diritto_Amministrativo,false,,,,2026-05-15 21:10:33.313064,false,
1778789460875-10,L'articolo 3 della Legge n. 241/1990 stabilisce che:,"Ogni provvedimento amministrativo, compresi quelli concernenti l'organizzazione amministrativa, con la sola esclusione di quelli concernenti lo svolgimento dei pubblici concorsi, deve essere motivato.","Ogni provvedimento amministrativo, esclusi quelli concernenti l'organizzazione amministrativa, lo svolgimento dei pubblici concorsi ed il personale, deve essere motivato.","Ogni provvedimento amministrativo, compresi quelli concernenti l'organizzazione amministrativa, lo svolgimento dei pubblici concorsi ed il personale, deve essere motivato.",,C,Diritto_Amministrativo,false,,,,2026-05-15 21:10:33.313064,false,
1778789460875-11,"L'espressione situazioni giuridiche soggettive designa le posizioni dei soggetti all'interno di un rapporto giuridico, che possono essere di vantaggio (situazioni attive) e di svantaggio (situazioni passive). Appartengono alle situazioni giuridiche di svantaggio:",Obbligo - Soggezione.,Aspettative - Obbligo.,Facoltà - Aspettative.,,A,Diritto_Amministrativo,false,,,,2026-05-15 21:10:33.313064,false,
1778789460875-12,"Ai sensi dell'art. 3 co. 1 della legge n. 150/2000, quali tempi sono riservati alla trasmissione di messaggi di pubblico interesse o di utilità sociale?",Quelli non eccedenti il quattro per cento di ogni ora di programmazione e il sei per cento dell'orario settimanale di programmazione di ciascuna rete.,Quelli non eccedenti l'uno per cento di ogni ora di programmazione e il due per cento dell'orario settimanale di programmazione di ciascuna rete.,Quelli non eccedenti il due per cento di ogni ora di programmazione e l'uno per cento dell'orario settimanale di programmazione di ciascuna rete.,,C,Comunicazione_Istituzionale,false,,,,2026-05-15 21:10:33.313064,false,
1778789460875-13,"Le emittenti private, radiofoniche e televisive, possono trasmettere messaggi di utilità sociale ovvero di pubblico interesse come definiti dalla legge n. 150/2000?","No, tali trasmissioni sono riservate alla concessionaria del servizio pubblico radiotelevisivo.","Sì, applicando una tariffa non superiore al trenta per cento del prezzo di listino ufficiale indicato dalla concessionaria.","Sì, con le modalità previste dalla stessa legge.",,C,Comunicazione_Istituzionale,false,,,,2026-05-15 21:10:33.313064,false,
1778789460875-14,"Ai sensi dell'art. 13 co. 2 della legge n. 150/2000, i progetti di comunicazione devono specificare la strategia di diffusione?",No.,È facoltativo.,Sì.,,C,Comunicazione_Istituzionale,false,,,,2026-05-15 21:10:33.313064,false,
1778789460875-15,"Complete the sentence by using one of the options given: The English language is ________ by people in the United Kingdom, the United States, Australia, Canada and other countries.",Speak.,Spoke.,Spoken.,,C,Inglese,false,,,,2026-05-15 21:10:33.313064,false,
1778789460875-16,Complete the sentence by using one of the options given: Sally says she is ______ interested in the job.,No.,Not.,None.,,B,Inglese,false,,,,2026-05-15 21:10:33.313064,false,
1778789460875-17,Cos'è Canva?,Una sfida social che consiste nel chiedere a tutti gli utenti di partecipare condividendo la loro risposta alla sfida.,Un tool online gratuito che consente di creare prodotti grafici e immagini per la condivisione dei contenuti sui social network.,Un servizio che consente di intavolare una conversazione online tra due utenti.,,B,Uso_delle_tecnologie,false,,,,2026-05-15 21:10:33.313064,false,
1778789460875-18,Secondo la definizione degli studiosi Boyd e Ellison si possono definire social network sites quei servizi web che:,Permettono di vedere e consultare la propria lista di amici e di poter interagire e comunicare con una parte di essi.,Permettono di gestire un profilo unicamente pubblico.,Permettono di gestire e rinsaldare online amicizie preesistenti o di estendere la propria rete di contatti.,,C,Teoria_Comunicazione,false,,,,2026-05-15 21:10:33.313064,false,
1778789460875-19,"Con quale acronimo è comunemente indicata l'espressione social network, solitamente utilizzata per indicare lo strumento usato per creare e mantenere le reti virtuali e le comunità online?",SNS.,SMS.,SET.,,A,Teoria_Comunicazione,false,,,,2026-05-15 21:10:33.313064,false,
1778789460875-2,"In applicazione di quale principio, previsto all'art. 5 GDPR, i dati personali devono essere conservati in una forma che consenta l'identificazione degli interessati per un arco di tempo non superiore al conseguimento delle finalità per le quali sono trattati?",Limitazione della conservazione.,Esattezza.,Minimizzazione dei dati.,,A,Diritto_Amministrativo,false,,,,2026-05-15 21:10:33.313064,false,
1778789460875-20,"Quattro maestre si incontrano nella sala professori della scuola in cui lavorano e si raccontano come è andata la giornata. Melissa ha corretto il doppio dei compiti corretti da Angela, Angela a sua volta ne ha corretti 4 in meno rispetto all'amica e collega Federica, che ne ha corretti 10 in più rispetto a Gaia. Complessivamente le 4 insegnanti hanno corretto 88 compiti in classe. Individuare l'affermazione corretta:",Melissa ha corretto 34 compiti.,Gaia ha corretto 12 compiti.,Federica ha corretto 18 compiti.,,B,Logica,false,,,,2026-05-15 21:10:33.313064,false,
1778789460875-21,Individuare il termine che completa logicamente la proporzione: baratto sta a bagatto come vistare sta a..?..,Vietare.,Vincere.,Vietnam.,,A,Logica,false,,,,2026-05-15 21:10:33.313064,false,
1778789460875-22,"Di due ruote di uno stesso ingranaggio, la più grande compie 27 giri al minuto, la più piccola compie 6 giri per ogni giro della prima. Quanti giri compie ogni ruota in 16 minuti?","La grande 531 giri, la piccola 3.186 giri.","La grande 435 giri, la piccola 2.610 giri.","La grande 432 giri, la piccola 2.592 giri.",,C,Logica,false,,,,2026-05-15 21:10:33.313064,false,
1778789460875-23,..?.. sta a Europa come Giappone sta a ..?..,Europei - Asiatici.,Francia - Asia.,Italia - Giapponesi.,,B,Logica,false,,,,2026-05-15 21:10:33.313064,false,
1778789460875-24,"Se tra 104 lavoratori di un comune, 78 sono impiegati e 26 sono dirigenti, la percentuale di dirigenti è del:",25%.,35%.,15%.,,A,Logica,false,,,,2026-05-15 21:10:33.313064,false,
1778789460875-25,"Chi riversa il proprio affetto su una persona dalla quale verrà poi ripagato con l'ingratitudine e il tradimento, si dice che...",Alleva una serpe in seno.,Nutre un figliol prodigo.,Sceglie il certo per l'incerto.,,A,Logica,false,,,,2026-05-15 21:10:33.313064,false,
1778789460875-26,In una fabbrica lavorano 70 persone tra impiegati e operai. Calcolare quanti sono gli impiegati e quanti gli operai sapendo che gli impiegati sono 1/5 del personale.,Gli impiegati sono 15 e gli operai 55.,Gli impiegati sono 14 e gli operai 56.,Gli impiegati sono 13 e gli operai 57.,,B,Logica,false,,,,2026-05-15 21:10:33.313064,false,
1778789460875-27,"Ad un tavolo tondo siedono: Berto, Livio, Sofia, Guido e Fabio. Se Berto non è accanto a Guido e Livio è tra Sofia e Berto, di conseguenza Fabio:",Non può sedere accanto a Berto.,Siede tra Berto e Guido.,Siede subito a sinistra di Sofia.,,B,Logica,false,,,,2026-05-15 21:10:33.313064,false,
1778789460875-28,Il linguista russo Roman Jakobson ha schematizzato sei fattori della comunicazione verbale a cui corrispondono altrettante funzioni del linguaggio. Qual è quella riferita al codice?,La funzione metalinguistica.,La funzione emotiva.,La funzione referenziale.,,A,Teoria_Comunicazione,false,,,,2026-05-15 21:10:33.313064,false,
1778789460875-29,La qualità della comunicazione pubblica riguarda anche la responsabilità del risultato conseguito da un'organizzazione pubblica sulla base di capacità ed etica. Con quale termine viene solitamente indicata tale responsabilità?,Knowledge.,Consciousness.,Accountability.,,C,Comunicazione_Istituzionale,false,,,,2026-05-15 21:10:33.313064,false,
1778789460875-3,Dati relativi all'orientamento sessuale della persona - Dati biometrici. In base a quanto previsto nel GDPR:,Sono entrambi dati rientranti in particolari categorie.,"I primi (orientamento sessuale) sono dati rientranti in particolari categorie, i secondi (biometrici) sono dati identificativi.","I primi (orientamento sessuale) sono dati identificativi, i secondi (biometrici) sono dati rientranti in particolari categorie.",,A,Diritto_Amministrativo,false,,,,2026-05-15 21:10:33.313064,false,
1778789460875-30,"Quale tipologia di comunicazione istituzionale ha caratteristiche di velocità, connettività universale, bassi costi ed interattività?",Le relazioni pubbliche.,La comunicazione istituzionale on-line.,Il marketing.,,B,Comunicazione_Istituzionale,false,,,,2026-05-15 21:10:33.313064,false,
1778789460875-31,"Le 5 W, da utilizzare in un pezzo ma anche spesso in un comunicato stampa, sono considerate la regola di base e irrinunciabile dello stile giornalistico, di derivazione anglosassone. Stanno per:","Wafer, Waffle, Whisky, Won-ton, Würstel.","Who, What, Where, When, Why.","Watt, Wattmetro, Wattometro, Wattora, Wattsecondo.",,B,Comunicazione_Istituzionale,false,,,,2026-05-15 21:10:33.313064,false,
1778789460875-32,"Quale tra i seguenti è un magazine aziendale, quasi sempre realizzato dall'ufficio stampa o comunque sotto la sua supervisione?",Blog.,House organ.,Newsletter.,,B,Comunicazione_Istituzionale,false,,,,2026-05-15 21:10:33.313064,false,
1778789460875-33,"Una newsletter, quasi sempre realizzata dall'ufficio stampa o comunque sotto la sua supervisione, viene solitamente diffusa attraverso:",Un blog.,Una mailing list.,Un comunicato stampato.,,B,Comunicazione_Istituzionale,false,,,,2026-05-15 21:10:33.313064,false,
1778789460875-34,"L'art. 5 del D.Lgs. 33/2013 dispone che, nei casi di diniego totale o parziale dell'accesso o di mancata risposta entro il prescritto termine di conclusione del procedimento di accesso civico, il richiedente può presentare:",Richiesta di riesame al responsabile della prevenzione della corruzione e della trasparenza.,Ricorso gerarchico all'organo di vertice dell'amministrazione.,Ricorso in opposizione allo stesso organo dell'amministrazione.,,A,Diritto_Amministrativo,false,,,,2026-05-15 21:10:33.313064,false,
1778789460875-35,Con quale termine è identificato il programma che accede nel web attraverso lo stesso tipo di canali utilizzati dagli utenti e può inviare più messaggi in una chat per sostenere un'ideologia o diffamare un ente?,Bot.,Lead.,Meme.,,A,Uso_delle_tecnologie,false,,,,2026-05-15 21:10:33.313064,false,
1778789460875-36,"Quale differenza esiste, in termini di comunicazione, tra le comunità online iniziali e gli attuali social network sites (SNS)?","Le prime erano strutturate con l'individuo al centro della propria comunità, quelli attuali per argomenti o per gerarchie di argomenti.",Nessuna differenza.,"Le prime erano strutturate per argomenti o per gerarchie di argomenti, quelli attuali pongono l'individuo al centro della propria comunità.",,C,Teoria_Comunicazione,false,,,,2026-05-15 21:10:33.313064,false,
1778789460875-7,In quale barra nei sistemi operativi Windows è mostrato l'orologio di sistema?,Barra del titolo.,Barra delle applicazioni.,Barra multifunzione.,,B,Uso_delle_tecnologie,false,,,,2026-05-15 21:10:33.313064,false,
1778789460875-8,Quale delle seguenti formule di Excel calcola la media delle celle consecutive di una colonna?,MEDIA(A5:H5).,MEDIA(A1:G7).,MEDIA(A1:A5).,,C,Uso_delle_tecnologie,false,,,,2026-05-15 21:10:33.313064,false,
1778789460875-9,"In base all'art. 63 del decreto legislativo 165/2001 e ss.mm.ii, è corretto affermare che le controversie concernenti l'assunzione al lavoro, il conferimento e la revoca degli incarichi dirigenziali e la responsabilità dirigenziale, nonché quelle concernenti le indennità di fine rapporto, sono di competenza del giudice amministrativo in sede di giurisdizione esclusiva qualora vengano in questione atti amministrativi presupposti?","No, esse sono di competenza del giudice amministrativo, ma in sede di giurisdizione di legittimità.","No, esse sono devolute al giudice ordinario, in funzione di giudice del lavoro, ancorché vengano in questione atti amministrativi presupposti.",Sì.,,B,Diritto_Amministrativo,false,,,,2026-05-15 21:10:33.313064,false,
1778789460876-37,"Secondo Alessandro Rovinetti, ogni attività di comunicazione pubblica deve ricollegarsi a due questioni di fondo:","La coerenza, e non la continuità, del processo che la comunicazione aziona; la legittimazione dell'azione politico-amministrativa che deve venire dal sistema dei media e non dall'ente.",La continuità e la coerenza del processo che la comunicazione aziona; la legittimazione dell'azione politico-amministrativa che deve venire dall'ente e non dal sistema dei media.,"La continuità, ma non la coerenza, del processo che la comunicazione aziona; la legittimazione dell'azione politico-amministrativa che deve venire dal sistema dei media e non dall'ente.",,B,Comunicazione_Istituzionale,false,,,,2026-05-15 21:10:33.313064,false,
1778789460876-38,"In base alle disposizioni dell'articolo 55-bis del D.Lgs. 165/2001, quale sanzione disciplinare si applica al dipendente pubblico in caso di falsa attestazione della presenza in servizio, mediante l'alterazione dei sistemi di rilevamento della presenza o con altre modalità fraudolente, ovvero giustificazione dell'assenza dal servizio mediante una certificazione medica falsa o che attesta falsamente uno stato di malattia?",La sanzione disciplinare del licenziamento con preavviso.,La sanzione disciplinare del licenziamento senza preavviso.,La sanzione disciplinare della sospensione dal servizio con privazione della retribuzione fino ad un massimo di dodici mesi.,,B,Diritto_Amministrativo,false,,,,2026-05-15 21:10:33.313064,false,
1778789460876-39,Il rapporto di lavoro dei dipendenti delle amministrazioni pubbliche è disciplinato:,Secondo le disposizioni dell'art. 2 commi 2 e 3 e dell'art. 3 comma 1 del D.Lgs. n. 165/2001. La legge n. 300/1970 si applica solo alle amministrazioni centrali dello Stato.,Esclusivamente dalle disposizioni contenute nel codice civile. La legge n. 300/1970 si applica alle P.A. a prescindere dal numero dei dipendenti.,Secondo le disposizioni dell'art. 2 commi 2 e 3 e dell'art. 3 comma 1 del D.Lgs. n. 165/2001. La legge n. 300/1970 si applica alle P.A. a prescindere dal numero dei dipendenti.,,C,Diritto_Amministrativo,false,,,,2026-05-15 21:10:33.313064,false,
1778789460876-40,Complete the sentence by using one of the options given: Paul really liked the new book he bought. He didn't know what was going to happen ________.,Later.,Before.,Next.,,C,Inglese,false,,,,2026-05-15 21:10:33.313064,false,
1778789460876-41,Complete the sentence by using one of the options given: There ________ some books and CDs on the desk.,Is.,Are.,Being.,,B,Inglese,false,,,,2026-05-15 21:10:33.313064,false,
1778789460876-42,"Nella stesura di un comunicato stampa, qual è la grandezza ideale del corpo da utilizzare per il testo?",18 o 20.,12 o 14.,24 o 28.,,B,Comunicazione_Istituzionale,false,,,,2026-05-15 21:10:33.313064,false,
1778789460876-43,Esiste una fascia oraria ideale per inviare comunicati stampa?,Prima delle 10.,Tra le 11 e le 16.,La notte.,,A,Comunicazione_Istituzionale,false,,,,2026-05-15 21:10:33.313064,false,
1778789460876-44,In quale scheda della barra multifunzione di Microsoft Excel è possibile cambiare l'orientamento della pagina?,Stampa.,In Microsoft Excel non esiste il concetto di pagina e di conseguenza non è possibile impostare un orientamento di pagina.,Layout di Pagina.,,C,Uso_delle_tecnologie,false,,,,2026-05-15 21:10:33.313064,false,
1778789460876-48,Con quale termine si indica la diffusione di una quantità eccessiva di informazioni che determina disorientamento nell'utenza?,Junkmail.,Infodemia.,Spamming.,,B,Comunicazione_Istituzionale,false,,,,2026-05-15 21:10:33.313064,false,
1778789460876-49,"Ai sensi dell'art. 1 co. 4 lettera c della legge n. 150/2000, le attività di informazione e comunicazione istituzionale sono volte a conseguire:","La comunicazione esterna rivolta ai soli cittadini, con esclusione delle collettività e degli altri enti attraverso ogni modalità tecnica ed organizzativa.",La comunicazione interna realizzata nell'ambito di ciascun ente.,"L'informazione ai dipendenti, attraverso newsletter, audiovisivi e strumenti telematici.",,B,Comunicazione_Istituzionale,false,,,,2026-05-15 21:10:33.313064,false,
1778789460876-50,"Ai sensi dell'art. 1 co. 5 della legge n. 150/2000, le attività di informazione e di comunicazione delle pubbliche amministrazioni sono, in particolare, finalizzate a:","Favorire processi interni di semplificazione delle procedure e di modernizzazione degli apparati, ma non della conoscenza dell'avvio e del percorso dei procedimenti amministrativi.","Favorire processi interni di semplificazione delle procedure e di modernizzazione degli apparati, nonché la conoscenza dell'avvio e del percorso dei procedimenti amministrativi.",Agevolare l'entità e i percorsi procedurali dei procedimenti amministrativi per il personale interno.,,B,Comunicazione_Istituzionale,false,,,,2026-05-15 21:10:33.313064,false,
1778789460876-51,"Il GDPR distingue tra dati che permettono l'identificazione diretta o indiretta, dati rientranti in particolari categorie, dati relativi a condanne penali e reati. Il codice fiscale e l'indirizzo IP sono:",Dati rientranti in particolari categorie.,Dati che permettono l'identificazione indiretta.,Dati che permettono l'identificazione diretta.,,B,Diritto_Amministrativo,false,,,,2026-05-15 21:10:33.313064,false,
1778789460876-52,Quale dei seguenti numeri integra la serie? 4 - 8 - ... - 9 - 6 - 10.,5.,9.,6.,,A,Logica,false,,,,2026-05-15 21:10:33.313064,false,
1778789460876-53,"Se L=24, E=5, D=56, B=72, T=3, quanto vale (D+B+L)/(E+T)?",17.,21.,19.,,C,Logica,false,,,,2026-05-15 21:10:33.313064,false,
1778789460876-54,"Un tuo collaboratore appare particolarmente stressato da un po' di tempo, nonostante tu non abbia colto particolari e significativi cambiamenti delle condizioni di lavoro, cosa fai?","Niente, evidentemente non è in mio potere risolvere questa situazione.",Cerco di capire quali elementi a livello organizzativo e quali risorse personali dell'individuo possano essere sviluppate e migliorate.,"Riassegno le attività, facendo in modo che i carichi di lavoro siano più equilibrati nel gruppo.",,,Situazionali,true,B,C,A,2026-05-15 21:10:33.313064,false,
1778789460876-55,"Durante un briefing nel quale stai presentando un nuovo progetto molto ambizioso, un tuo collaboratore si mostra estremamente scettico e critico e davanti agli altri non nasconde la propria contrarietà a portare avanti quell'idea. Che fai?","Nel briefing eviti un confronto diretto, ma in separata sede cerchi di convincerlo della bontà del progetto.","Lo affronti apertamente nel corso del briefing, facendo notare che le innovazioni spaventano sempre ma che nel tuo gruppo non c'è spazio per i signor no.","Gli chiedi di appuntarsi tutti i punti per lui critici e prometti che dedicherai uno spazio apposito alla fine del briefing o in un'altra occasione, affinché ogni aspetto individuato venga esaminato attentamente.",,,Situazionali,true,C,A,B,2026-05-15 21:10:33.313064,false,
1778789460876-56,"Spesso alcuni manager di altre funzioni ti telefonano lamentandosi del comportamento poco collaborativo dei tuoi colleghi, quando invece c'è necessità di unire le informazioni e di collaborare per migliorare il servizio.","Mi pare che le relazioni della mia unità organizzativa con le altre siano nelle regole aziendali, vedremo volta per volta quando ci sarà un problema come relazionarci con le altre Funzioni.","Appena terminato quei due progetti urgenti che dobbiamo ultimare per fine mese, prenderò il tempo per parlarne con i miei colleghi.","A me sembra che siano obiezioni dettate più dall'invidia, perché anche quest'anno abbiamo ricevuto l'encomio e le gratifiche di squadra per i risultati ottenuti.",,,Situazionali,true,B,A,C,2026-05-15 21:10:33.313064,false,
1778789460876-57,Ogni tanto i colleghi più giovani manifestano insofferenza perché non ritengono di essere sufficientemente aiutati e supportati dalle risorse più anziane e con maggiore esperienza.,"Si sa, è normale, gli anziani si tengono ben strette le loro conoscenze; i giovani non sono, nei fatti, tanto disposti ad ascoltare i loro colleghi cresciuti in contesti diversi da oggi.",Parlerò con i colleghi con più esperienza di lavoro per coinvolgerli nella formazione dei più giovani.,"Non mi sembra un problema tanto urgente, vedrò in futuro di prendere una decisione in proposito, se i colleghi giovani mi faranno presente nuovamente la loro situazione.",,,Situazionali,true,B,A,C,2026-05-15 21:10:33.313064,false,
1778789460876-58,"Un tuo collaboratore viene spesso accusato di essere poco disponibile quando ci sono scadenze e lavori urgenti da portare a termine, tu sai che ha due figli piccoli.","Lo rimproveri, anche davanti agli altri, perché è un comportamento poco rispettoso nei confronti dei colleghi. Tutti hanno le loro difficoltà, ma le urgenze richiedono impegno e dedizione.","Lo convochi e cerchi di fargli capire che comprendi pienamente la sua situazione, ma anche i colleghi non hanno tutti i torti: la sua scarsa disponibilità aggrava il lavoro sul resto del gruppo.",Presumi che in questa fase della vita abbia necessità di una maggiore flessibilità e provi a proporre lo smart working per una migliore gestione degli impegni di lavoro e di quelli familiari.,,,Situazionali,true,C,B,A,2026-05-15 21:10:33.313064,false,
1778789460876-59,"Volendo supportare una collega evidentemente sotto stress, cosa potresti fare?","Ritengo che un intervento diretto possa sembrare poco opportuno, quindi penso sia meglio segnalare il suo caso al RSPP o alle Risorse Umane.",Consigliarle un periodo di riposo per ripristinare il giusto equilibrio mentale ed emotivo.,"Capire insieme a lei cosa ha provocato questa condizione di stress, quindi aiutarla a stabilire delle priorità di intervento.",,,Situazionali,true,C,B,A,2026-05-15 21:10:33.313064,false,
1778789460876-60,"Una mia collega (peer) ha un carattere dominante, vuole sempre avere l'ultima parola su un progetto ed è molto competitiva per quanto riguarda il raggiungimento dei risultati. La devo affrontare per una questione spinosa, che strategie adotterò?","Mi faccio vedere sicuro di me e se tenterà di aggredirmi, anche io mi farò vedere sufficientemente pronto allo scontro.","Vado al nocciolo del problema, mantengo il focus sull'obiettivo da raggiungere e cerco di assumere un atteggiamento cordiale ma fermo. Cerco di renderla partecipe nella soluzione del problema.",Utilizzo argomenti informali (es. cosa ha fatto lo scorso weekend) per preparare il terreno alla conversazione che dovremo affrontare.,,,Situazionali,true,B,C,A,2026-05-15 21:10:33.313064,false,
1778789460876-61,"Nel tuo team c'è una ragazza di origini egiziane che indossa il velo, è una persona molto talentuosa ma fatica ad integrarsi nel gruppo.","Favorisci dei momenti informali di incontro tra colleghi, ad esempio un pranzo insieme.","Dato che conosci altre donne egiziane che vivono in Italia e non indossano il velo, provi a suggerire di toglierlo perché evidentemente ci sono ancora troppi pregiudizi e questo accessorio non la sta aiutando ad integrarsi.",Preferisci lasciar correre per il momento perché non vuoi mettere in imbarazzo lei né costringere i tuoi collaboratori ad integrarla nel gruppo.,,,Situazionali,true,A,C,B,2026-05-15 21:10:33.313064,false,
1778789460876-62,"Non ti senti pienamente soddisfatto dei risultati raggiunti dalla tua Funzione, nonostante che tu abbia raggiunto gli obiettivi, e vuoi intervenire per trovare il modo di migliorarli.","Mi complimento con i collaboratori del risultato conseguito, risultato comunque buono anche se coerente con gli obiettivi assegnati, nonostante la situazione economica sfavorevole di questi tempi.","Mi complimento con i collaboratori, ma potevamo fare di più, considerate le potenzialità della mia squadra.","Mi complimento con i collaboratori per gli obiettivi raggiunti, ma abbiamo le potenzialità per fare di più e lo dimostreremo sicuramente sulla prossima campagna obiettivi.",,,Situazionali,true,C,B,A,2026-05-15 21:10:33.313064,false,
1778790458591-1,"Nelle riunioni settimanali con altri dirigenti, spesso ti sei trovato a scontrarti con un Dirigente che si focalizza sui suoi compiti e non ha una visione d'insieme del processo produttivo e della necessità di reciproca sinergia. Quali modalità intendi seguire per arrivare ad una collaborazione proficua e reciprocamente soddisfacente?",Chiedi un incontro e cerchi di dimostrargli che un atteggiamento ostile provoca danni e non fa progredire nessuna delle due funzioni organizzative. Collaborare è l'unica strada.,Chiedi all'altro dirigente la possibilità di un incontro. Memorizzi e ragioni sulle sue obbiezioni ai tavoli e per ciascuna trovi una risposta o chiederai un approfondimento in sede di incontro. Metterai in evidenza il legame stretto del risultato dell'intero dipartimento dalla vostra reciproca collaborazione.,Chiedi un incontro con il tuo collega. Gli dici chiaramente che il suo atteggiamento non ti piace e che siamo tutti sulla stessa barca.,,,Situazionali,true,B,A,C,2026-05-15 21:10:33.313064,false,
1778790458591-2,"Eri sicuro che il tuo capo ti avrebbe assegnato quell’incarico di lavoro, ritenevi di averne le competenze e l’esperienza per realizzare un buon risultato, invece quell’incarico è stato assegnato a un altro manager, per te privo della professionalità necessaria","Prima possibile parlerò con il mio capo, per dimostrarmi interessato ad incarichi più importanti.","Se il capo ha deciso così, vedrò in futuro se si comporterà nella stessa maniera, oppure mi darà anche a me un'opportunità per assumere un incarico più importante.","Chiedo chiarimenti in proposito, perché quell’incarico era proprio adeguato alle mie capacità professionali e non ritengo di avere una professionalità inferiore ad altri colleghi.",,,Situazionali,true,A,B,C,2026-05-15 21:10:33.313064,false,
1778790458591-3,Non sei soddisfatto di come il tuo capo ti comunica i tuoi punti di forza e i punti da migliorare.,"Forse è una mia impressione, per ora preferisco non sollevare la questione, del resto il mio capo non mi ha fatto nessun rilievo.","Nonostante che sia molto impegnato nel lavoro, voglio trovare quanto prima il momento di parlarne con il mio capo e chiarire i miei dubbi.","Aspetto l’occasione opportuna per parlarne, tanto prima o poi capiterà.",,,Situazionali,true,B,C,A,2026-05-15 21:10:33.313064,false,
1778790458591-4,"Come è noto, il vertice politico di una Amministrazione all'inizio del mandato manifesta prospettive di cambiamento e modifica rispetto a quanto operato nel passato. In una fase di primo approccio come conquistare subito la sua fiducia e contemporaneamente fargli riconoscere la tua professionalità?",Il primo incontro deve vertere anzitutto su di un bilancio oggettivo della gestione precedente con punti di forza ed aree di miglioramento sulle quali far vedere un ventaglio di soluzioni possibili che hai elaborato.,Nel primo appuntamento con chi ricopre funzione apicale dichiari di essere a completa disposizione ed attendi orientamenti e linee-guida.,Nell'incontro all'inizio devi dichiarare che hai ben compreso la necessità di dare una svolta rispetto alla gestione precedente e che hai delle idee in tal senso che avrai cura di delineare.,,,Situazionali,true,A,C,B,2026-05-15 21:10:33.313064,false,
1778790458591-5,Vi candidate a ricoprire un ruolo per il quale esistono diversi candidati. Come presentarvi e quali punti mettere in evidenza per prevalere sugli altri.,Esponi al Capo del Personale che tu hai qualità e professionalità decisamente superiori agli altri.,Metterai in risalto la tua affidabilità e capacità di gestire i collaboratori. Mostrerai lo storico dei tuoi risultati conseguiti e la capacità di affrontare difficoltà.,Dovete anzitutto prendere informazioni sul ruolo che andrete a ricoprire. In prima analisi dovrete mettere in evidenza quelle che sono le vostre caratteristiche che meglio corrispondono alle richieste del profilo. Dovrete mettere in evidenza solo quei risultati conseguiti che coincidono con quelli del ruolo. Particolare enfasi dovrà essere data al vostro ruolo di gestore ed alla capacità di conseguire gli obiettivi assegnati illustrandone altresì il metodo seguito.,,,Situazionali,true,C,B,A,2026-05-15 21:10:33.313064,false,
1778790458592-6,"Al vostro ufficio è stato attribuito un progetto relativo ad un tema che tu stai coltivando e sostenendo da diverso tempo. Sai che il tuo Dirigente superiore, parlandone in maniera informale nel passato, ha dei preconcetti verso la tua soluzione. Quale strategia intendi intraprendere per far sì che quest'ultima superi le resistenze del capo gerarchico?","Chiedo un appuntamento al mio Dirigente e gli chiedo di dirmi con franchezza cosa non gli piace del mio progetto. In base alle sue risposte, che dichiari di comprendere, metti in evidenza su quali elementi le sue obiezioni possono essere superate con l'obiettivo di uscire dall'ufficio con la sua piena condivisione.","Prendo un appuntamento e, andando a memoria, mi preparo sulle sue possibili obiezioni. In base a quanto alla fine mi dirà prendo le mie decisioni al riguardo.",Gli presento il progetto evidenziando quei punti di forza che già gli avevo ribadito in precedenza in modo da fargli capire che allora aveva torto.,,,Situazionali,true,A,B,C,2026-05-15 21:10:33.313064,false,
1778790458592-7,"Quando ti capita di attraversare un momento particolarmente stressante, quali accorgimenti adotti?","Cerco sostegno negli altri, oltre ad utilizzare strumenti che mi aiutino nella pianificazione e nella definizione delle priorità.",Mi dedico alla meditazione.,Generalmente ritengo che ci sia un sovraccarico di lavoro per il quale provo a chiedere delle unità di personale in più.,,,Situazionali,true,A,B,C,2026-05-15 21:10:33.313064,false,
1778790466083-10,"Il procedimento amministrativo è l’insieme di una pluralità di atti, susseguenti e diversi tra loro. Il ricorso e la denuncia sono propri:",Entrambi della fase istruttoria.,Entrambi della fase d'iniziativa.,Rispettivamente della fase dell’iniziativa (ricorso) e dell’istruttoria (denuncia).,,B,Diritto_Amministrativo,false,,,,2026-05-15 21:10:33.313064,false,
1778790466083-11,A norma di quanto dispone l'art. 55-septies del D.Lgs. n. 165/2001 in quale caso il controllo sulle assenze per malattia è in ogni caso richiesto sin dal primo giorno?,Solo quando l'assenza si verifica nella giornata precedente a quelle non lavorative.,Solo quando l'assenza si verifica nelle giornate successive a quelle non lavorative.,Quando l'assenza si verifica nelle giornate precedenti o successive a quelle non lavorative.,,C,Diritto_Amministrativo,false,,,,2026-05-15 21:10:33.313064,false,
1778790466083-12,"Le attività di informazione e di comunicazione istituzionale di cui alla legge n. 150/2000 sono soggette ai limiti imposti in materia di pubblicità, sponsorizzazioni e offerte al pubblico?","Si, alla stregua di tutte le attività di informazione e di comunicazione.","Si, ma solo se le attività di informazione e di comunicazione istituzionale sono messe in onda da reti private.","No, non sono soggette ai limiti imposti in materia di pubblicità, sponsorizzazioni e offerte al pubblico.",,C,Comunicazione_Istituzionale,false,,,,2026-05-15 21:10:33.313064,false,
1778790466083-13,"Ai sensi degli articoli 6-9 della legge n. 150/2000, quali sono le strutture previste per l'attività di informazione e di comunicazione delle pubbliche amministrazioni?","Portavoce, Urp, ufficio stampa.","Ordine dei giornalisti, cabina di regia ministeriale, comitato dei probiviri.","Consiglio nazionale dei giornalisti, Dipartimento per l'editoria e l'informazione della Presidenza del Consiglio dei ministri.",,A,Comunicazione_Istituzionale,false,,,,2026-05-15 21:10:33.313064,false,
1778790466083-14,"Ai sensi dell'art. 12, co. 1, della legge n. 150/2000, il Dipartimento per l'informazione e l'editoria, sulla base dei programmi presentati dalle amministrazioni statali, predispone ogni anno:",Il piano di comunicazione.,Il piano marketing.,Il cronoprogramma delle comunicazioni digitale pianificate mensilmente.,,A,Comunicazione_Istituzionale,false,,,,2026-05-15 21:10:33.313064,false,
1778790466083-20,"Continuare la sequenza: IMPORTANTE, RILEVANTE, ...","RAGGUARDEVOLE, RIMARCABILE.","SALIENTE, CONVENZIONALE.","RIMARCHEVOLE, GLABRO.",,A,Logica,false,,,,2026-05-15 21:10:33.313064,false,
1778790466083-21,"Una frase è stata divisa in cinque parti, che successivamente sono state mescolate e che di seguito sono proposte in ordine casuale: [ 1) il cielo grigio carico / 2) che sembrarono lunghissimi, / 3) Per alcuni minuti, / 4) Luca guardò con stupore / 5) di pioggia. ]. Ricomporre correttamente la frase.",1); 5); 2); 3); 4).,3); 2); 4); 1); 5).,4); 5); 2); 1); 3).,,B,Logica,false,,,,2026-05-15 21:10:33.313064,false,
1778790466083-22,"Quale delle seguenti parole conserva senso compiuto se preceduta dalle lettere C, M, S, T, V ?",Asta.,Anta.,Isso.,,A,Logica,false,,,,2026-05-15 21:10:33.313064,false,
1778790466083-23,Quali lettere non inserirebbe al posto degli spazi per ottenere una parola di senso compiuto ed uso corrente? L_M_.,I - A.,O - U.,A - A.,,B,Logica,false,,,,2026-05-15 21:10:33.313064,false,
1778790466083-24,'Lenza' sta a 'Pesca' come '..?..' sta a '..?..'.,Pittura - Acquarello.,Pennello - Filatelia.,Rastrello - Giardinaggio.,,C,Logica,false,,,,2026-05-15 21:10:33.313064,false,
1778790466083-25,Individuare il termine che completa logicamente la proporzione. 'tastato' sta a 'tatuato' come 'ribalte' sta a ..?..,Risorte.,Revoche.,Rivolte.,,C,Logica,false,,,,2026-05-15 21:10:33.313064,false,
1778790466083-26,"Il triplo di quale numero, aumentato di 46, è uguale a 400?",138.,128.,118.,,C,Logica,false,,,,2026-05-15 21:10:33.313064,false,
1778790466083-27,"Carlo ha 6 anni e suo fratello 8, lo zio ha 38 anni in più di Carlo. Quando lo zio avrà 51 anni quale età avranno Carlo e suo fratello?",Carlo 12 anni e il fratello 14 anni.,Carlo 15 anni e il fratello 17 anni.,Carlo 13 anni e il fratello 15 anni.,,C,Logica,false,,,,2026-05-15 21:10:33.313064,false,
1778790466083-28,"Quale strumento quantitativo, in netta espansione, permette di rendere la comunicazione pubblica più funzionale?",Policy-making.,Cloud computing.,Big data.,,C,Comunicazione_Istituzionale,false,,,,2026-05-15 21:10:33.313064,false,
1778790466083-29,'Utilizzare le nuove tecnologie per aumentare la partecipazione al processo democratico'. È la definizione che la Commissione europea ha dato:,Della teoria della spirale del silenzio di Elisabeth Noelle-Neumann.,Dell’agenda setting.,Dell’e-government.,,C,Teoria_Comunicazione,false,,,,2026-05-15 21:10:33.313064,false,
1778790466083-3,Ogni trattamento di dati personali deve avvenire nel rispetto dei principi fissati all'art. 5 del Regolamento (UE) 2016/679. In applicazione del principio di 'integrità e riservatezza' i dati personali sono:,"Trattati in modo lecito, corretto e trasparente nei confronti dell'interessato.","Esatti e, se necessario, aggiornati; devono essere adottate tutte le misure ragionevoli per cancellare o rettificare tempestivamente i dati inesatti rispetto alle finalità per le quali sono trattati.","Trattati in maniera da garantire un'adeguata sicurezza dei dati personali, compresa la protezione, mediante misure tecniche e organizzative adeguate, da trattamenti non autorizzati o illeciti e dalla perdita, dalla distruzione o dal danno accidentali.",,C,Diritto_Amministrativo,false,,,,2026-05-15 21:10:33.313064,false,
1778790466083-8,In quale scheda della barra multifunzione si può aggiungere una tabella ad un documento di Microsoft Word?,Disegno.,Inserisci.,Revisione.,,B,Uso_delle_tecnologie,false,,,,2026-05-15 21:10:33.313064,false,
1778790466083-9,"A norma del disposto di cui al comma 2, dell’art. 18 della legge n. 241/1990, i documenti attestanti atti, fatti, qualità e stati soggettivi, necessari per l'istruttoria del procedimento:","Se necessari all’erogazione di benefici economici comunque denominati, devono essere comprovati dall’istante mediante la produzione di documenti originali comprovanti i requisiti oggettivi.","Devono essere sempre richiesti dall’amministrazione procedente direttamente agli interessati, in quanto non possono essere acquisiti d'ufficio.","Sono acquisiti d'ufficio quando sono in possesso dell'amministrazione procedente, ovvero sono detenuti, istituzionalmente, da altre pubbliche amministrazioni. L'amministrazione procedente può richiedere agli interessati i soli elementi necessari per la ricerca dei documenti.",,C,Diritto_Amministrativo,false,,,,2026-05-15 21:10:33.313064,false,
1778790466084-30,"Quale tipologia di comunicazione incarna una funzione di governo, rientrando tra i suoi compiti quelli di fare informazione, ascoltare e rispondere alle richieste dei cittadini?",Pubblica.,Privata.,Confidenziale.,,A,Comunicazione_Istituzionale,false,,,,2026-05-15 21:10:33.313064,false,
1778790466084-31,"Nella redazione di un comunicato stampa, cosa si intende per 'cartella' editoriale e di quanti caratteri solitamente è composta?","Una 'cartella' editoriale è un foglio protocollo, composta tradizionalmente di 6.000 battute, pari a 1.500 a pagina.","Una 'cartella' editoriale è la pagina standard con avanti e retro (doppia facciata), composta tradizionalmente di 3.600 battute, suddivise in 60 righe da 60 battute ognuna.","Una 'cartella' editoriale è la pagina standard, composta tradizionalmente di 1.800 battute, suddivise in 30 righe da 60 battute ognuna.",,C,Comunicazione_Istituzionale,false,,,,2026-05-15 21:10:33.313064,false,
1778790466084-32,"Nello scrivere un articolo o un comunicato stampa si consiglia di scrivere in modo che le informazioni più importanti siano all’inizio, poi quelle meno importanti, fino a quelle di cui si può fare a meno. Come si chiama di solito tale tecnica?",Giraffa.,Imbuto.,Piramide rovesciata.,,C,Comunicazione_Istituzionale,false,,,,2026-05-15 21:10:33.313064,false,
1778790466084-33,"Da cosa è composta una rassegna stampa, spesso realizzata in ambito di ufficio stampa o da strutture esterne specializzate ma sempre per conto di un ufficio stampa tradizionale cartacea?",Dalle sole interviste rilasciate dai vertici dell’ente/organizzazione.,Dai ritagli degli articoli pubblicati sui giornali.,Dalla raccolta dei comunicati stampa.,,B,Comunicazione_Istituzionale,false,,,,2026-05-15 21:10:33.313064,false,
1778790466084-35,Con quale termine è identificato il programma che accede nel web attraverso lo stesso tipo di canali utilizzati dagli utenti e può inviare più messaggi in una chat per sostenere un’ideologia o diffamare un ente?,Lead.,Bot.,Meme.,,B,Uso_delle_tecnologie,false,,,,2026-05-15 21:10:33.313064,false,
1778790466084-40,Complete the sentence by using one of the options given: 'Paul really liked the new book he bought. He didn't know what was going to happen ________'.,Before.,Next.,Later.,,B,Inglese,false,,,,2026-05-15 21:10:33.313064,false,
1778790466084-41,Complete the sentence by using one of the options given: 'There ________ some books and CDs on the desk'.,Being.,Is.,Are.,,C,Inglese,false,,,,2026-05-15 21:10:33.313064,false,
1778790466084-42,"Nella stesura di un comunicato stampa, qual è la grandezza ideale del 'corpo' da utilizzare per il testo?",24 o 28.,18 o 20.,12 o 14.,,C,Comunicazione_Istituzionale,false,,,,2026-05-15 21:10:33.313064,false,
1778790466084-48,Con quale termine si indica la diffusione di una quantità eccessiva di informazioni che determina disorientamento nell’utenza?,Junkmail.,Infodemia.,Spamming.,,B,Teoria_Comunicazione,false,,,,2026-05-15 21:10:33.313064,false,
1778790466084-49,"Ai sensi dell'art. 1, co. 4, lettera c, della legge n. 150/2000, le attività di informazione e comunicazione istituzionale sono volte a conseguire:","La comunicazione esterna rivolta ai soli cittadini, con esclusione delle collettività e degli altri enti attraverso ogni modalità tecnica ed organizzativa.",La comunicazione interna realizzata nell'ambito di ciascun ente.,"L'informazione ai dipendenti, attraverso newsletter, audiovisivi e strumenti telematici.",,B,Comunicazione_Istituzionale,false,,,,2026-05-15 21:10:33.313064,false,
1778790466084-50,"Ai sensi dell'art. 1, co. 5, della legge n. 150/2000, le attività di informazione e di comunicazione delle pubbliche amministrazioni sono, in particolare, finalizzate a:","Favorire processi interni di semplificazione delle procedure e di modernizzazione degli apparati, nonché la conoscenza dell'avvio e del percorso dei procedimenti amministrativi.",Agevolare l'entità e i percorsi procedurali dei procedimenti amministrativi per il personale interno.,"Favorire processi interni di semplificazione delle procedure e di modernizzazione degli apparati, ma non della conoscenza dell'avvio e del percorso dei procedimenti amministrativi.",,A,Comunicazione_Istituzionale,false,,,,2026-05-15 21:10:33.313064,false,
1778790466084-51,"Il GDPR distingue tra 'dati che permettono l'identificazione diretta o indiretta', 'dati rientranti in particolari categorie', dati relativi a condanne penali e reati. Il codice fiscale e l'indirizzo IP sono:",Dati che permettono l'identificazione indiretta.,Dati che permettono l'identificazione diretta.,Dati rientranti in particolari categorie.,,A,Diritto_Amministrativo,false,,,,2026-05-15 21:10:33.313064,false,
1778790466084-52,Quale dei seguenti numeri integra la serie? 4 - 8 - ... - 9 – 6 - 10.,9.,6.,5.,,C,Logica,false,,,,2026-05-15 21:10:33.313064,false,
1778790772379-1,Il rapporto con i fornitori nella PA è fortemente vincolato dalle procedure di acquisto...,Convochi gli altri colleghi per dirgli chiaro e tondo che verso il consulente va adottata una linea che lo costringa a proporvi una soluzione più personalizzata ed adatta alla vostra struttura.,Durante l'incontro del consulente gli dici davanti a tutti che le soluzioni che dovrà prospettare dovranno essere orientate ad una maggiore personalizzazione e che non potrà riproporre le stesse già più volte adottate.,Prima dell'incontro con il consulente indici una riunione con le altre funzioni in modo da raccogliere il loro parere o ascoltare suggerimenti che portino poi nell'incontro con il consulente ad una richiesta di una soluzione personalizzata e non standard.,,,Situazionali,true,C,B,A,2026-05-15 21:10:33.313064,false,
1778790772379-2,Da un po' di tempo ti sei accorto che nel tuo gruppo sembrano essere sempre tutti favorevoli alle tue idee...,Chiedo un trasferimento interno all'organizzazione perché evidentemente non ho più possibilità di agire da leader sul quel gruppo.,Con le Risorse Umane propongo una job rotation interna all'organizzazione per avere un ricambio di persone e di idee.,"Potrei cercare io stesso di animare un dibattito, anche attraverso tecniche di confronto che favoriscano il pensiero divergente.",,,Situazionali,true,C,B,A,2026-05-15 21:10:33.313064,false,
1778790778767-1,"L'art. 5 del D.Lgs. 33/2013 dispone che l'istanza di accesso civico può essere trasmessa per via telematica secondo le modalità previste dal decreto legislativo 7 marzo 2005, n. 82, e successive modificazioni, e può essere presentata, tra gli altri:",All'ufficio del difensore civico.,All'ufficio relazioni con il pubblico.,All'ufficio dei revisori dei conti.,,B,Diritto_Amministrativo,false,,,,2026-05-15 21:10:33.313064,false,
1778790778767-10,"Nell'ipotesi contemplata al comma 1, art. 55-quinquies D.Lgs. n. 165/2001 che si verifica, tra l'altro, quando il lavoratore attesta falsamente la propria presenza in servizio, mediante l'alterazione dei sistemi di rilevamento della presenza, il lavoratore:",È obbligato a risarcire solo il danno all'immagine subito dall'amministrazione.,È obbligato a risarcire solo il danno patrimoniale subito dall'amministrazione.,È obbligato a risarcire sia il danno patrimoniale subito dall'amministrazione sia il danno all'immagine.,,C,Diritto_Amministrativo,false,,,,2026-05-15 21:10:33.313064,false,
1778790778767-11,"Per quale/quali infrazioni il procedimento disciplinare è di competenza del responsabile della struttura presso cui presta servizio il dipendente? (D.Lgs. n. 165/2001, art. 55-bis, comma 1).",Rimprovero verbale.,Licenziamento con preavviso.,Licenziamento senza preavviso.,,A,Diritto_Amministrativo,false,,,,2026-05-15 21:10:33.313064,false,
1778790778767-12,La legge n. 150/2000 disciplina l'attività delle Regioni relativa alla pubblicità obbligatoria degli atti pubblici?,"No, per espressa previsione della stessa legge, la quale dispone che 'è fatta salva la disciplina vigente relativa alla pubblicità legale od obbligatoria degli atti pubblici'.","La legge si limita a formulare alcune linee di indirizzo, lasciando a ciascuna amministrazione la disciplina della pubblicità legale od obbligatoria degli atti pubblici.","Si, la legge disciplina in modo particolare la pubblicità legale od obbligatoria degli atti pubblici.",,A,Comunicazione_Istituzionale,false,,,,2026-05-15 21:10:33.313064,false,
1778790778767-13,"Ai sensi dell'art. 7, co. 1, della legge n. 150/2000, l'organo di vertice dell'amministrazione pubblica, per i compiti di diretta collaborazione ai fini dei rapporti di carattere politico-istituzionale con gli organi di informazione, può essere coadiuvato da:",Un dirigente amministrativo con almeno quindici anni di anzianità professionale.,Un funzionario amministrativo con almeno dieci anni di anzianità professionale.,"Un portavoce, anche esterno all'amministrazione.",,C,Comunicazione_Istituzionale,false,,,,2026-05-15 21:10:33.313064,false,
1778790778767-14,"Ai sensi dell'art. 3, co. 1, della legge n. 150/2000, chi determina i messaggi di pubblica utilità sociale ovvero di pubblico interesse, che la concessionaria del servizio pubblico radiotelevisivo può trasmettere a titolo gratuito?",Presidenza del Consiglio dei ministri.,AgCom.,Ministro competente in materia.,,A,Comunicazione_Istituzionale,false,,,,2026-05-15 21:10:33.313064,false,
1778790778767-15,Complete the sentence by using one of the options given: 'Last week it was Sandra's birthday and her friends ________ her what she wanted to do'.,Talked.,Asked.,Spoke.,,B,Inglese,false,,,,2026-05-15 21:10:33.313064,false,
1778790778767-16,Complete the sentence by using one of the options given: 'Katherine's parents often invite me to stay for ________ with them'.,Food.,Snack.,Dinner.,,C,Inglese,false,,,,2026-05-15 21:10:33.313064,false,
1778790778767-17,Come si chiama il nome utente che pubblica contenuti su una piattaforma on-line?,Account.,Post.,Dashboard.,,A,Uso_delle_tecnologie,false,,,,2026-05-15 21:10:33.313064,false,
1778790778767-18,Cosa sono ow.ly e bit.ly?,Bot molto perforanti nella rete.,Strumenti per abbreviare i link da condividere sui social.,"Strumenti che permettono, esclusivamente, di vedere quanti utenti hanno cliccato su quel determinato link, inserendo al fondo del url un '?'.",,B,Uso_delle_tecnologie,false,,,,2026-05-15 21:10:33.313064,false,
1778790778767-19,"In ambito comunicativo, i social network permettono, tra l'altro:","L'invio di messaggi privati o pubblici, la partecipazione ad eventi virtuali e reali, la partecipazione unicamente attiva a discussioni.","L'invio di messaggi privati o pubblici, la partecipazione ad eventi virtuali e reali, la partecipazione unicamente passiva a discussioni.","L'invio di messaggi privati o pubblici, la partecipazione ad eventi virtuali e reali, la partecipazione attiva o passiva a discussioni.",,C,Teoria_Comunicazione,false,,,,2026-05-15 21:10:33.313064,false,
1778790778767-2,"Il principio detto di 'responsabilizzazione' (o accountability) di cui all'art. 5, par. 2, GDPR, fa esplicito riferimento:",Al rappresentante.,Al responsabile del trattamento.,Al titolare del trattamento.,,C,Diritto_Amministrativo,false,,,,2026-05-15 21:10:33.313064,false,
1778790778767-20,Frigo sta a Cucina come....,Dispensa sta a Provviste.,Divano sta a Sala.,Camera sta a Armadio.,,B,Logica,false,,,,2026-05-15 21:10:33.313064,false,
1778790778767-21,Cosa significa negare la frase 'tutti i negozianti sono sgarbati'?,Nessun negoziante è gentile.,Devono esistere almeno due negozianti gentili.,Esiste almeno un negoziante gentile.,,C,Logica,false,,,,2026-05-15 21:10:33.313064,false,
1778790778767-22,Tra le comuni classificazioni della comunicazione pubblica c’è il genere finalizzato ad esternare le attività e le funzioni... Si tratta:,Della comunicazione politica.,Della comunicazione sociale.,Della comunicazione istituzionale.,,C,Comunicazione_Istituzionale,false,,,,2026-05-15 21:10:33.313064,false,
1778790778767-23,"La comunicazione pubblica può contribuire a realizzare la soddisfazione di utenti, cittadini e stakeholder attraverso un processo definito:",Touchstone.,Customer satisfaction management.,Benchmarking.,,B,Comunicazione_Istituzionale,false,,,,2026-05-15 21:10:33.313064,false,
1778790778767-24,L'Ufficio per le relazioni con il pubblico (Urp) e la gestione dei reclami fanno parte della cosiddetta comunicazione istituzionale:,Implicita.,Allusiva.,Esplicita.,,C,Comunicazione_Istituzionale,false,,,,2026-05-15 21:10:33.313064,false,
1778790778767-25,"Come si chiama l’invio multiplo di mail, solitamente utilizzato per l’invio di un comunicato stampa?",Analogico.,Consonante.,Massivo.,,C,Uso_delle_tecnologie,false,,,,2026-05-15 21:10:33.313064,false,
1778790778767-26,"Il modello generale della comunicazione si basa sull'interazione di alcuni elementi. Tra questi l'oggetto della comunicazione, è abitualmente identificato come:",Referente.,Emittente.,Ricevente.,,A,Teoria_Comunicazione,false,,,,2026-05-15 21:10:33.313064,false,
1778790778767-27,"Come si chiama, nella stesura di un giornale o di un opuscolo, l'abbozzo schematico delle pagine e dei contenuti, tenuto costantemente aggiornato fino alla chiusura dell'edizione?",Borderaux.,Timone.,Menabò.,,C,Comunicazione_Istituzionale,false,,,,2026-05-15 21:10:33.313064,false,
1778790778767-3,"Chi può presentare richiesta di accesso generalizzato ai sensi dell’art. 5, comma 2 del D.Lgs. n. 33/2013?","Il soggetto in grado di dimostrare di essere titolare di un interesse diretto, concreto e attuale, corrispondente ad una situazione giuridicamente tutelata e collegata al documento al quale è chiesto l'accesso.","Chiunque; non occorre possedere, né dimostrare, una specifica legittimazione soggettiva, e chiunque può presentare richiesta.","Chiunque, purché cittadino italiano.",,B,Diritto_Amministrativo,false,,,,2026-05-15 21:10:33.313064,false,
1778790778767-7,Quale è il formato di salvataggio standard di un documento di testo di Open Office?,.doc,.odt,.oof,,B,Uso_delle_tecnologie,false,,,,2026-05-15 21:10:33.313064,false,
1778790778767-8,In quale scheda della barra multifunzione di Microsoft Word è possibile aggiungere una filigrana alle pagine di un documento?,Disegno.,Inserisci.,Progettazione.,,C,Uso_delle_tecnologie,false,,,,2026-05-15 21:10:33.313064,false,
1778790778767-9,"Con riferimento ai tipi di attività amministrativa, l’amministrazione di controllo comprende:",Tutte le attività con cui la pubblica amministrazione agisce per realizzare i propri fini.,Le attività dirette a sindacare secondo il diritto o secondo le regole della buona amministrazione l’operato degli agenti a cui sono demandati i compiti di amministrazione attiva.,"Le attività dirette a fornire pareri, orientamenti e chiarimenti alle autorità che devono provvedere su un determinato oggetto.",,B,Diritto_Amministrativo,false,,,,2026-05-15 21:10:33.313064,false,
1778790958764-1,Il rapporto con i fornitori nella PA è fortemente vincolato dalle procedure di acquisto. Tuttavia ti è noto che un consulente di primaria società tende a proporre soluzioni standard invece che personalizzate. Poiché la fase iniziale della collaborazione prevede un incontro collegiale con altre funzioni aziendali come pensi di orientare il disegno verso una maggiore personalizzazione?,Convochi gli altri colleghi per dirgli chiaro e tondo che verso il consulente va adottata una linea che lo costringa a proporvi una soluzione più personalizzata ed adatta alla vostra struttura.,Durante l'incontro del consulente gli dici davanti a tutti che le soluzioni che dovrà prospettare dovranno essere orientate ad una maggiore personalizzazione e che non potrà riproporre le stesse già più volte adottate.,Prima dell'incontro con il consulente indici una riunione con le altre funzioni in modo da raccogliere il loro parere o ascoltare suggerimenti che portino poi nell'incontro con il consulente ad una richiesta di una soluzione personalizzata e non standard.,,,Situazionali,true,C,B,A,2026-05-15 21:10:33.313064,false,
1778790958764-2,"Da un po' di tempo ti sei accorto che nel tuo gruppo sembrano essere sempre tutti favorevoli alle tue idee. Inizialmente ti è sembrata una cosa positiva, ma ora temi che senza un confronto ci sia un appiattimento delle idee. Che fai?",Chiedo un trasferimento interno all'organizzazione perché evidentemente non ho più possibilità di agire da leader sul quel gruppo.,Con le Risorse Umane propongo una job rotation interna all'organizzazione per avere un ricambio di persone e di idee.,"Potrei cercare io stesso di animare un dibattito, anche attraverso tecniche di confronto che favoriscano il pensiero divergente.",,,Situazionali,true,C,B,A,2026-05-15 21:10:33.313064,false,
1778790958764-3,Sei inserito in nuovo ufficio e dovrai lavorare con un nuovo team di collaboratori. È importante il momento della presentazione e del proprio accreditamento verso persone con le quali d'ora in avanti dovrai lavorare. Come imposti la tua presentazione così da essere percepito come persona autorevole ed attenta?,"Ti presenti con il tuo curriculum mettendo in forte evidenza i risultati che hai conseguito nel passato, e sottacendo gli aspetti del tuo carattere più critici.",Indici una riunione nella quale ti presenti brevemente e dimostri di aver preso informazioni sull'ufficio che ti sarà assegnato e suoi tuoi collaboratori. Mostri rispetto per chi ti ha preceduto ma anticipi che dopo aver preso tempo per approfondire meglio valuterai eventuali interventi di cui comunque parlerai con loro preventivamente.,"Indici una riunione dove chiedi subito la loro collaborazione, delinei possibili cambiamenti. Assicuri ampia trasparenza e porte aperte.",,,Situazionali,true,B,C,A,2026-05-15 21:10:33.313064,false,
1778790958764-4,"Ti sembra che il tuo capo non sia attento alla tua crescita professionale, perché ti assegna sempre i soliti obiettivi di scarso valore e non conformi alle tua capacità professionali.","Chiarisco con il mio capo il mio disappunto, perché mi sento penalizzato e non adeguatamente valutato secondo le mie capacità professionali.","Cercherò le opportunità per dimostrare le mie competenze, e conseguentemente per avere maggiori possibilità di svolgere attività più importanti.","Provoco un colloquio con il mio capo, per chiedere la possibilità di accrescere le competenze, per essere coinvolto su attività più importanti.",,,Situazionali,true,C,B,A,2026-05-15 21:10:33.313064,false,
1778790958764-5,"Quando arrivi al momento di discutere le valutazioni sulle prestazioni con i tuoi colleghi, alcuni di loro non si sentono adeguatamente valutati e credono di non essere adeguatamente considerati secondo le loro prestazioni.","Motivo sempre con supporti concreti le mie valutazioni, per cui cerco di portare il collega sulle mie decisioni, assicurando il mio supporto la mia disponibilità a confrontarci anche successivamente, con l’intento di crescere professionalmente.","Ritengo con certezza di essere obiettivo e di fronte ad eventuali contestazioni, non posso che confermare le mie decisioni e consigliare il mio collaboratore di applicarsi maggiormente e con maggiore convinzione.","Cerco di far condividere le mie decisioni, perché realmente obiettive, e di vedere nella prossima occasione come assegnare un giudizio più positivo.",,,Situazionali,true,A,C,B,2026-05-15 21:10:33.313064,false,
1778790958764-6,"Al tuo team sono stati assegnati due giovani provenienti da altri settori. Sei stato informato dal tuo collega che li ha avuti alle sue dipendenze, che sono piuttosto restii a lavorare in gruppo con altri cui non riconoscono professionalità e competenze. E tu non vuoi modificare un modo di lavorare insieme nel rispetto di tutti.","Li affronti insieme. Gli mostri come funziona l'ufficio, ribadisci la necessità di essere uniti verso l'obiettivo. Gli dici che ci vuole rispetto per gli altri loro colleghi e che non saranno tollerati atteggiamenti non collaborativi.",Affronti uno ad uno i due nuovi collaboratori e gli dici a chiare lettere di seguire il modo di operare sin qui applicato nel tuo ufficio. In caso contrario sarai costretto a chiederne il trasferimento.,Prima di introdurli nel gruppo prendi un appuntamento con ciascuno di loro separatamente e poi congiuntamente. Gli illustri la struttura dell'ufficio e li intrattieni sulla necessità di essere coesi per conseguire un obiettivo comune di ufficio sul quale tutti saranno valutati. In base alle caratteristiche di ciascuno li orienti alle attività più consone al loro profilo.,,,Situazionali,true,C,A,B,2026-05-15 21:10:33.313064,false,
1778790958764-7,L'attività dell'ufficio A che devi supervisionare assieme a quello di altri non ti risulta proceda nel modo auspicato considerando i risultati sin qui conseguiti. Finora il Responsabile da te interpellato ti ha tranquillizzato con grafici e tabelle. Come intendi approfondire la situazione?,Prendo informazioni sugli scostamenti effettivi dell'ufficio A. Convoco il mio responsabile ad un colloquio franco dove gli dimostro che i risultati attesi non sono soddisfacenti. Individuo con lui le cause e cerco assieme a lui di trovare le contromisure adeguate.,Chiamo a rapporto il responsabile nel mio ufficio e lo esorto a fare di più e meglio.,Convoco il responsabile dell'ufficio A e gli chiedo se si rende conto che i risultati conseguiti dall'ufficio non sono in linea con gli obiettivi a suo tempo assegnati. Gli chiedo di farmi una relazione per ovviare a tale problema.,,,Situazionali,true,A,C,B,2026-05-15 21:10:33.313064,false,
1778791002997-22,"Quale dei termini proposti, inserito tra le parentesi, assume un significato associabile sia al termine che precede che a quello che segue: Accordo ( ) Musica.",Intesa.,Concerto.,Patto.,,B,Logica,false,,,,2026-05-15 21:10:33.313064,false,
1778791002997-23,'BACCO' sta a 'dio del vino' come 'APOLLO' sta a ...?...,dio del fuoco.,dio della luce e della bellezza.,dio della guerra.,,B,Logica,false,,,,2026-05-15 21:10:33.313064,false,
1778791002997-24,'Riccio' sta a '..?..' come 'mallo' sta a '..?..'.,Nocciòlo - Guscio.,Castagna - Buccia.,Castagna - Noce.,,B,Logica,false,,,,2026-05-15 21:10:33.313064,false,
1778791002997-25,Se X si trova tra A e B; A si trova tra Y e X; B si trova tra X e K; Y si trova tra C e A; K si trova tra B e D è sicuramente vero che:,D è più vicino a A che a C.,A è più vicino a C che a Y.,Non è possibile stabilire se Y sia più vicino a X che a B.,,C,Logica,false,,,,2026-05-15 21:10:33.313064,false,
1778791002997-26,Se ANATRA < STORMO allora....,STELLA > COSTELLAZIONE.,PERSONA < FOLLA.,UCCELLO > STORMO.,,B,Logica,false,,,,2026-05-15 21:10:33.313064,false,
1778791002997-27,Stefano legge in una sera i 2/5 di un libro di 300 pagine. Il giorno successivo legge 2/3 delle pagine che ancora gli mancavano. Quante pagine restano da leggere a Stefano per finire il libro?,40.,60.,80.,,B,Logica,false,,,,2026-05-15 21:10:33.313064,false,
1778791002997-28,"Tra le comuni classificazioni della comunicazione pubblica c’è il genere finalizzato ad esternare le attività e le funzioni, ad applicare norme, a regolare giuridicamente i rapporti tra i soggetti membri dell’ordinamento, ad informare gli utenti sulle modalità di funzionamento degli uffici e sull’applicazione di norme e a far conoscere l’identità e orientamento operativo delle istituzioni pubbliche. Si tratta:",Della comunicazione politica.,Della comunicazione sociale.,Della comunicazione istituzionale.,,C,Comunicazione_Istituzionale,false,,,,2026-05-15 21:10:33.313064,false,
1778791002998-42,"Nella stesura di un comunicato stampa, qual è la grandezza ideale del “corpo” da utilizzare per il testo?",24 o 28.,18 o 20.,12 o 14.,,C,Comunicazione_Istituzionale,false,,,,2026-05-15 21:10:33.313064,false,
1778792120837-26,Domanda 26,A,B,C,,C,Logica,false,,,,2026-05-15 21:10:33.313064,false,
1778792120837-27,Domanda 27,A,B,C,,C,Logica,false,,,,2026-05-15 21:10:33.313064,false,
1778792120837-28,Domanda 28,A,B,C,,A,Logica,false,,,,2026-05-15 21:10:33.313064,false,
1778792120837-29,Domanda 29,A,B,C,,A,Logica,false,,,,2026-05-15 21:10:33.313064,false,
1778792120837-30,Domanda 30,A,B,C,,A,Logica,false,,,,2026-05-15 21:10:33.313064,false,
1778792120837-31,Domanda 31,A,B,C,,C,Logica,false,,,,2026-05-15 21:10:33.313064,false,
1778792120837-32,Domanda 32,A,B,C,,A,Logica,false,,,,2026-05-15 21:10:33.313064,false,
1778792120837-33,Domanda 33,A,B,C,,B,Logica,false,,,,2026-05-15 21:10:33.313064,false,
1778792120837-40,Domanda 47,A,B,C,,B,Logica,false,,,,2026-05-15 21:10:33.313064,false,
1778835788401-11,"Il miglioramento continuo è un processo di miglioramento della qualità e dell'efficienza apportando piccole modifiche incrementali nel tempo, ottimizzando il flusso di lavoro e la riduzione dei tempi del ciclo, con conseguente aumento della produttività. Tale metodo di miglioramento continuo è conosciuto anche come:",Just In Time.,Kaizen.,Work-in-progress.,,B,Uso_delle_tecnologie,false,,,,2026-05-15 21:10:33.313064,false,
1778835788401-12,L'inoppugnabilità costituisce carattere proprio dei provvedimenti amministrativi; tale carattere:,È inteso come idoneità dello stesso a produrre effetti.,"Si sostanzia nella capacità di disporre della sfera giuridica altrui, prescindendo dalla prestazione del consenso dell'interessato.","Comporta l'impossibilità di aggredire il provvedimento da parte dei destinatari, ma non l'intangibilità dello stesso, che resta ancora soggetto ai poteri di annullamento e revoca della p.a.",,C,Diritto_Amministrativo,false,,,,2026-05-15 21:10:33.313064,false,
1778835788401-13,"Per espressa previsione di cui all'art. 14, par. 1, TUE, la funzione legislativa e la funzione di bilancio sono esercitate dal Consiglio congiuntamente:",Al Consiglio europeo.,Al Parlamento europeo.,Alla Commissione europea.,,B,Diritto_Amministrativo,false,,,,2026-05-15 21:10:33.313064,false,
1778835788401-14,"Qualora sia opportuno effettuare un esame contestuale di vari interessi pubblici coinvolti in un procedimento amministrativo, l'amministrazione procedente si avvale di regola dello strumento previsto dall'art. 14, della legge n. 241/1990. Di quale strumento di tratta?",Conferenza di servizi.,Provvedimento contrattuale.,Accordo di programma.,,A,Diritto_Amministrativo,false,,,,2026-05-15 21:10:33.313064,false,
1778835788401-15,A quale organo la Costituzione attribuisce il potere di rimuovere il Presidente della Giunta regionale nel caso di ragioni di sicurezza nazionale?,"Presidente della Repubblica, con atto motivato.",Ministro dell'Interno.,Consiglio dei Ministri.,,A,Diritto_Amministrativo,false,,,,2026-05-15 21:10:33.313064,false,
1778835788401-16,"Quale delitto, insieme con la corruzione in atti giudiziari, è ritenuto nell'ordinamento penale italiano il più grave delitto contro la pubblica amministrazione che può essere commesso dal soggetto dotato della qualifica pubblicistica?","Concussione (art. 317, c.p.).","Indebita percezione di erogazioni a danno dello Stato (art. 316-ter, c.p.).","Corruzione per un atto contrario ai doveri d'ufficio. (art. 319, c.p.).",,A,Diritto_Amministrativo,false,,,,2026-05-15 21:10:33.313064,false,
1778835788401-3,Quale dei seguenti attacchi informatici ha come obiettivo quello di prendere in ostaggio i dati di un pc o un server criptandoli?,Worm.,Ransomware,Spyware.,,B,Uso_delle_tecnologie,false,,,,2026-05-15 21:10:33.313064,false,
1778835788401-5,Cosa indica il Recovery Point Objective?,Indica la perdita dati tollerata.,Il disco da cui deve essere effettuata l'operazione di recovery.,La data di ultimo salvataggio di un dato.,,A,Uso_delle_tecnologie,false,,,,2026-05-15 21:10:33.313064,false,
1778835788401-6,Un apparato/sistema che controlla il traffico di una rete e genera un allarme in caso di tentativo di accesso non autorizzato è comunemente chiamato:,Network Monitor.,UPS – Universal Protection System.,IDS – Intrusion Detection System.,,C,Uso_delle_tecnologie,false,,,,2026-05-15 21:10:33.313064,false,
1778835788402-17,In ordine al delitto di Astensione dagli incanti (art. 354 c.p.) è giuridicamente corretto affermare che:,"La figura delittuosa è principalmente diretta a garantire il buon andamento della P.A., sotto il profilo della garanzia di una libera concorrenza nelle gare organizzate dagli enti pubblici.",È sempre consentito il fermo di indiziato di delitto.,È consentito l'arresto in flagranza.,,A,Diritto_Amministrativo,false,,,,2026-05-15 21:10:33.313064,false,
1778835788402-18,"A norma di quanto dispone il co. 1, art. 323-bis del c.p., nel caso di condanna per il delitto di Indebita percezione di erogazioni pubbliche (art. 316-ter) in quale caso la pena è diminuita?",Quando il fatto è commesso da un esercente un servizio di pubblica necessità.,Solo quando il fatto è commesso da membri di organi di Stati esteri.,Quando il fatto è di particolare tenuità.,,C,Diritto_Amministrativo,false,,,,2026-05-15 21:10:33.313064,false,
1778835788402-19,Con riferimento a quanto prevede l'art. 53 del D.Lgs. n. 165/2001 i compensi derivati da incarichi per i quali è corrisposto solo il rimborso delle spese documentate costituiscono incompatibilità?,"No, non costituiscono incompatibilità.",Non costituiscono incompatibilità per i dipendenti con rapporto di lavoro a tempo parziale qualora la prestazione lavorativa non sia superiore al 50% di quella a tempo pieno.,"Si, a far data dall'entrata in vigore della legge n. 208/2015.",,A,Diritto_Amministrativo,false,,,,2026-05-15 21:10:33.313064,false,
1778835788402-20,"1) Il dipendente deve agire in posizione di indipendenza e imparzialità, astenendosi in caso di conflitto di interessi. 2) Il dipendente deve dimostrare la massima disponibilità e collaborazione nei rapporti con le altre p.a., assicurando lo scambio e la trasmissione delle informazioni e dei dati in qualsiasi forma anche telematica, nel rispetto della normativa vigente. Indicare quali/quale tra i precedenti sono principi generali di cui all'art. 3, D.P.R. n. 62/2013 (Codice di comportamento dei dipendenti pubblici).",Entrambi sono principi generali di cui all'art. 3.,Solo il n. 2) è un principio generale di cui all'art. 3.,Solo il n. 1) è un principio generale di cui all'art. 3.,,A,Diritto_Amministrativo,false,,,,2026-05-15 21:10:33.313064,false,
1778835788402-21,"Indicare quale principio sui Rapporti con il pubblico, non è consono a quanto dispone il Codice di Comportamento dei dipendenti delle pubbliche amministrazioni.","Il dipendente, salvo il diritto di esprimere valutazioni e diffondere informazioni a tutela dei diritti sindacali, si astiene da dichiarazioni pubbliche offensive nei confronti dell'amministrazione.",Il dipendente può fornire informazioni e notizie relative ad atti od operazioni amministrative conclusi ma non in corso.,Il dipendente cura il rispetto degli standard di qualità e di quantità fissati dall'amministrazione anche nelle apposite carte dei servizi.,,B,Diritto_Amministrativo,false,,,,2026-05-15 21:10:33.313064,false,
1778835788402-22,"Tra gli Uffici di diretta collaborazione del Ministro dell’interno rientra l’Ufficio affari legislativi e relazioni parlamentari. Quale funzione, tra le altre, espleta?",Svolge attività di ricerca e consulenza e di collaborazione con le altre strutture ministeriali.,Cura l'informazione sull'attività politico-istituzionale del ministero.,Cura il raccordo del vertice politico con l'Amministrazione.,,A,Diritto_Amministrativo,false,,,,2026-05-15 21:10:33.313064,false,
1778835788402-23,"La Direzione Centrale per i Servizi Antidroga è un organismo istituito nell’ambito del Dipartimento della Pubblica Sicurezza ed opera alle dipendenze del Capo della Polizia –Direttore Generale della Pubblica Sicurezza –per la prevenzione e repressione del traffico illecito di sostanze stupefacenti e psicotrope: disciplinata dal decreto interministeriale del 15 giugno 1991, è composta:","Da personale interforze, con maggioritaria rappresentanza della Polizia di Stato, nonché da personale appartenente all’Amministrazione civile dell’Interno.","Da personale interforze, con paritetica rappresentanza della Polizia di Stato e dell’Arma dei Carabinieri e della Guardia di Finanza, nonché da personale appartenente all’Amministrazione civile dell’Interno.","Da personale interforze, con maggioritaria rappresentanza della Guardia di Finanza, nonché da personale appartenente all’Amministrazione civile dell’Interno.",,B,Diritto_Amministrativo,false,,,,2026-05-15 21:10:33.313064,false,
1778835788402-24,"Nell’ambito della struttura organizzativa del Ministero dell’interno, sono uffici della Polizia di Stato con competenza provinciale: si tratta delle.",Prefetture.,Questure.,Direzioni regionali e i comandi provinciali dei Vigili del fuoco.,,B,Diritto_Amministrativo,false,,,,2026-05-15 21:10:33.313064,false,
1778835788402-25,"L’art. 11 del D.P.R n. 82/2002 (Regolamento di organizzazione degli Uffici di diretta collaborazione del Ministro dell'interno), stabilisce il limite del personale degli uffici di diretta collaborazione. Quante sono le risorse umane assegnate, complessivamente e nel massimo alla Segreteria, alla Segreteria particolare e alla Segreteria tecnica del Ministro?",Quarantacinque.,Venticinque.,Novanta.,,A,Diritto_Amministrativo,false,,,,2026-05-15 21:10:33.313064,false,
1778835788402-26,In quale delle seguenti parole non si cela il termine esteta?,Teiste.,Estate.,Saette.,,A,Logica,false,,,,2026-05-15 21:10:33.313064,false,
1778835788402-27,"Se «ogni domenica Pierino fa il bagno» e «oggi è martedì», si può logicamente concludere che....",Sicuramente oggi Pierino non farà il bagno.,"Oggi Pierino farà il bagno, perché costretto dalla mamma.",Non è possibile dire con certezza se oggi Pierino farà il bagno.,,C,Logica,false,,,,2026-05-15 21:10:33.313064,false,
1778835788402-28,Quale termine integra la seguente serie? biplano - aerostato - dirigibile.,Mongolfiera.,Aviatore.,Hangar.,,A,Logica,false,,,,2026-05-15 21:10:33.313064,false,
1778835788402-29,"Maura ama la pesca subacquea. Chi è temerario ama la pesca subacquea. Simone è temerario. Se le precedenti affermazioni sono corrette, quale delle seguenti affermazioni NON rappresenta una conclusione corretta?",Simone ama la pesca subacquea.,Non si può escludere che Maura sia temeraria.,Tutti coloro che amano la pesca subacquea sono temerari.,,C,Logica,false,,,,2026-05-15 21:10:33.313064,false,
1778835788402-30,"Se l'espressione Andare, camminare a testa alta sta a avere orgogliosa coscienza della propria onestà, della propria integrità, del proprio merito allora l'espressione Partire col piede sbagliato sta a:",Correre velocemente.,Iniziare qualcosa con una mossa sbagliata.,Prostrarsi davanti a qualcuno per ottenere qualcosa.,,B,Logica,false,,,,2026-05-15 21:10:33.313064,false,
1778835788402-31,"Se GERGO vale EG e BOLIDE vale OIE, allora NEOGASTEROPODI vale....",EGSEOOD.,EGSEPOI.,EGSEOOI.,,C,Logica,false,,,,2026-05-15 21:10:33.313064,false,
1778835788402-32,"Quattro amici che sono iscritti alla stessa palestra di arti marziali decidono che ognuno affronti un altro in una disciplina diversa da quella praticata in palestra: A è iscritto al corso di judo, B è iscritto al corso di karate, C è iscritto al corso di aikido e D è iscritto al corso di kickboxing. In quale disciplina possono sfidarsi C e D, se A sfida C nella disciplina di kickboxing, mentre B sfida A nella disciplina di aikido?",Kickboxing o judo.,Karate o aikido.,Judo o karate.,,C,Logica,false,,,,2026-05-15 21:10:33.313064,false,
1778835788402-33,Individuare il termine che completa logicamente la proporzione. proto sta a probo come tasca sta a ......,Tassa.,Tresca.,Tacca.,,C,Logica,false,,,,2026-05-15 21:10:33.313064,false,
1778835788402-35,"Nell'ambito dei criteri di valutazione della performance delle istituzioni pubbliche, quali sono gli indicatori che misurano gli impatti generati sulle aree di bisogno?",Output.,Outcome.,Input.,,B,Diritto_Amministrativo,false,,,,2026-05-15 21:10:33.313064,false,
1778835788402-36,Se il documento informatico è conservato per legge dalle pubbliche amministrazioni cessa l'obbligo di conservazione a carico dei cittadini?,"No, non cessa l'obbligo di conservazione a carico dei cittadini e delle imprese (43, CAD).","Si, cessa l'obbligo di conservazione a carico dei cittadini e delle imprese (43, CAD).","No, non cessa l'obbligo di conservazione a carico dei cittadini.",,B,Diritto_Amministrativo,false,,,,2026-05-15 21:10:33.313064,false,
1778835788402-37,Art. 357 c.p. (Pubblico ufficiale) – Art. 358 c.p. (Persona incaricata di un pubblico servizio) – Art. 359 c.p. (Persone esercenti un servizio di pubblica necessità). I consiglieri regionali:,Sono persone esercenti un servizio di pubblica necessità.,Sono persone incaricate di un pubblico servizio.,Sono pubblici ufficiali.,,C,Diritto_Amministrativo,false,,,,2026-05-15 21:10:33.313064,false,
1778835788402-38,"Per quanto riguarda le procedure di impugnazione dei provvedimenti disciplinari, esse possono essere istituite dalla contrattazione collettiva (art. 55 tupi)?","No, lo esclude espressamente il co. 3 dell'art. 55 tupi.","Si, ma solo la contrattazione collettiva nazionale di comparto.","No, la contrattazione collettiva non può neanche prevedere procedure di conciliazione non obbligatoria.",,A,Diritto_Amministrativo,false,,,,2026-05-15 21:10:33.313064,false,
1778835788402-39,"Con riferimento alla struttura organizzativa del Ministero dell’interno, il Gabinetto del Ministro collabora con il ministro per l'efficace e funzionale definizione degli obiettivi dell'Amministrazione. Quanti uffici comprende?",Sette.,Undici.,Tre.,,A,Diritto_Amministrativo,false,,,,2026-05-15 21:10:33.313064,false,
1778835788402-40,Albero sta a Abete come ..?.. sta a ..?...,Pesca - Pesco.,Frutto - Susina.,Pratolina - Fiore.,,B,Logica,false,,,,2026-05-15 21:10:33.313064,false,
1778835792877-1,"Se notassi che la qualità percepita di un servizio pubblico è in calo rispetto agli anni precedenti, come procederesti per invertire la tendenza?","Proporrei miglioramenti graduali basati sulle criticità più evidenti, monitorando se le modifiche apportate migliorano la percezione del servizio.",Analizzerei i dati storici e i feedback dei cittadini per capire le cause del calo e coinvolgerei i vari livelli dell’organizzazione per pianificare degli interventi migliorativi.,"Apporterei qualche cambiamento puntuale, contando che le modifiche fatte possano essere sufficienti per migliorare la situazione complessiva.",,,Situazionali,true,B,A,C,2026-05-15 21:10:33.313064,false,
1778835792877-2,Ti viene chiesto di pianificare una strategia per promuovere la sostenibilità energetica negli edifici pubblici. Come immagini gli impatti a medio-lungo termine?,Effettuo un'analisi energetica degli edifici e definisco un piano per introdurre fonti di energia rinnovabile e migliorare l'efficienza. Prevedo un sistema di monitoraggio per valutare i progressi verso gli obiettivi di sostenibilità.,"Propongo di iniziare con alcuni miglioramenti nell’efficienza energetica, come l’uso di lampadine a basso consumo. Procedo gradualmente, fiducioso che queste prime misure possano già offrire benefici apprezzabili sul lungo periodo.","Suggerisco di avviare l'installazione di sistemi a basso consumo energetico in alcuni edifici pilota, per poi valutare i risultati e decidere sull’estensione agli altri edifici.",,,Situazionali,true,A,C,B,2026-05-15 21:10:33.313064,false,
1778835792877-3,"Stai coordinando un team distribuito geograficamente, ma alcuni membri lamentano difficoltà di comunicazione a distanza. Come risolvi la situazione?",Implemento strumenti digitali per facilitare la comunicazione e organizzo riunioni regolari per mantenere il team allineato e favorire lo scambio di idee.,Lascio autonomia ai membri del team avendo fiducia nel fatto che risolvano autonomamente le difficoltà di comunicazione.,Suggerisco l'uso di strumenti per migliorare la comunicazione e invito il team a contattarmi per qualsiasi problema specifico.,,,Situazionali,true,A,C,B,2026-05-15 21:10:33.313064,false,
1778835792877-4,Stai guidando un team con differenti livelli di esperienza e competenza. Come promuovi l'inclusione e garantisci che tutti diano il loro contributo?,"Assegno i compiti in base alle competenze, e promuovo un ambiente di apprendimento continuo, dove tutti possono condividere idee e crescere professionalmente.","Assegno attività proporzionali alle capacità dei membri del team, mantenendo i ruoli distinti e offro feedback regolari.",Do le stesse responsabilità a tutti lasciando che i membri meno esperti gestiscano autonomamente il proprio lavoro anche a costo di un sforzo maggiore.,,,Situazionali,true,A,B,C,2026-05-15 21:10:33.313064,false,
1778835792877-5,Una modifica normativa richiede un cambiamento nelle procedure operative. Come promuovi l'adozione delle nuove procedure?,Organizzo una riunione per spiegare nel dettaglio la modifica normativa e il suo impatto sulle procedure. Preparo materiale di supporto per facilitare la comprensione e monitoro i progressi.,"Distribuisco le nuove procedure, confidando che il team le implementi senza necessità di ulteriori spiegazioni, in caso contrario organizzerò della formazione.","Comunico le nuove procedure e invito il team a leggerle attentamente, rispondendo solo a eventuali domande.",,,Situazionali,true,A,C,B,2026-05-15 21:10:33.313064,false,
1778835792877-6,Il morale del team è basso a causa di un progetto impegnativo. Come intervieni?,"Organizzo un momento di pausa, come un pranzo di squadra o un'attività fuori dall'ufficio, per alleggerire la tensione. Parlo con ciascuno dei membri del team per capire le loro preoccupazioni e cerco di offrire supporto.",Ritengo che non sia proficuo mettere ulteriori pressioni al team: confido che ritrovi la motivazione da solo con il tempo.,"Parlo con il team e riconosco le difficoltà, cercando di motivarli sottolineando l'importanza del progetto e l'impatto del loro lavoro.",,,Situazionali,true,A,C,B,2026-05-15 21:10:33.313064,false,
1778835792877-7,Un collaboratore è interessato ad ampliare le sue conoscenze in un campo che non è immediatamente utile al progetto. Come gestisci la richiesta?,"Incoraggio il collaboratore a seguire la sua curiosità, cercando di trovare il modo di integrare in futuro quelle competenze nei progetti del team.",Declino la richiesta perché non direttamente correlata agli attuali progetti e non voglio incentivare comportamenti che ci possano far perdere tempo.,Permetto al collaboratore di seguire corsi al di fuori dell'orario di lavoro o durante momenti di bassa attività.,,,Situazionali,true,A,C,B,2026-05-15 21:10:33.313064,false,
1778835792877-8,Un progetto intersettoriale incontra problemi di comunicazione tra i vari team coinvolti. Come interverresti per risolvere i conflitti?,"Organizzo un incontrodi allineamento con tutti i team per discutere apertamente i problemi di comunicazione, creando poi un protocollo comune e un canale di comunicazione centralizzato per evitare futuri malintesi.",Mi incontro separatamente con i leader dei diversi team per capire le ragioni dei conflitti. Propongo di migliorare le procedure di comunicazione gradualmente.,"Non intervengo direttamente sui team, confido che si tratti di un momento temporaneo. Lascio che i team coinvolti risolvano in autonomia i loro problemi di comunicazione.",,,Situazionali,true,A,B,C,2026-05-15 21:10:33.313064,false,
1778836081857-12,"L'Unione dispone di un quadro istituzionale che mira a promuoverne i valori, perseguirne gli obiettivi, servire i suoi interessi, quelli dei suoi cittadini e quelli degli Stati membri. Per espressa previsione di cui all'art. 13 par. 1 TUE sono due delle sette istituzioni:",Autorità europea degli investimenti finanziari e dei mercati (ESMA) - Commissione europea.,Consiglio europeo - Corte dei conti.,Parlamento europeo - Comitato Economico e Sociale.,,B,Diritto_Amministrativo,false,,,,2026-05-15 21:10:33.313064,false,
1778836081857-13,"Ai sensi dell'art. 5 D.Lgs. n. 33/2013, fatti salvi i casi di pubblicazione obbligatoria, il rifiuto, il differimento e la limitazione dell'accesso devono essere motivati?",No.,"No, deve essere motivato solo il rifiuto.","Sì, devono essere motivati il rifiuto, il differimento e la limitazione.",,C,Diritto_Amministrativo,false,,,,2026-05-15 21:10:33.313064,false,
1778836081857-14,"In attuazione della legge n. 241/1990, l'amministrazione provvede a dare notizia dell'avvio del procedimento amministrativo mediante comunicazione personale, indicando, tra l'altro:",Il nominativo di tutte le persone interessate al procedimento.,Le tipologie di atti di cui è possibile prendere visione.,L'amministrazione competente.,,C,Diritto_Amministrativo,false,,,,2026-05-15 21:10:33.313064,false,
1778836081857-15,"Oltre alla portata generale, indicare quali sono le caratteristiche dei regolamenti dell'Unione europea.","Obbligatorietà in tutti i suoi elementi, diretta applicazione negli Stati membri.","Obbligatorietà in tutti i suoi elementi, applicazione negli Stati membri cui sono rivolti.","Obbligatorietà parziale, diretta applicazione negli Stati membri.",,A,Diritto_Amministrativo,false,,,,2026-05-15 21:10:33.313064,false,
1778836081857-19,"Recita l'art. 8 del Codice di comportamento dei dipendenti pubblici che il dipendente rispetta le prescrizioni contenute nel Piano per la prevenzione della corruzione e presta la sua collaborazione al R.P.C., in applicazione del dovere di:",Comportamento in servizio.,Obbligo di astensione.,Prevenzione della corruzione.,,C,Diritto_Amministrativo,false,,,,2026-05-15 21:10:33.313064,false,
1778836081857-20,"Il dipendente pubblico deve comunicare al responsabile dell'ufficio di appartenenza la propria adesione o appartenenza ad associazioni od organizzazioni, i cui ambiti di interessi possano interferire con lo svolgimento dell'attività dell'ufficio?","Sì, per espressa previsione di cui all'art. 5 D.P.R. n. 62/2013; tale disposizione non si applica anche all'adesione a partiti politici o a sindacati.","Sì, per espressa previsione di cui all'art. 5 D.P.R. n. 62/2013, e tale disposizione si applica anche all'adesione a partiti politici o a sindacati.","No, per espressa previsione di cui all'art. 5 D.P.R. n. 62/2013.",,A,Diritto_Amministrativo,false,,,,2026-05-15 21:10:33.313064,false,
1778836081857-21,"A norma dell'art. 57 del D.Lgs. 165/2001, per la corretta applicazione dei principi dettati in materia di pari opportunità, le pubbliche amministrazioni:","Riservano alle donne, salva motivata impossibilità, il cinquanta per cento dei posti di componente delle commissioni di concorso.",Garantiscono la partecipazione delle proprie dipendenti ai corsi di formazione e di aggiornamento professionale in rapporto proporzionale alla loro presenza nelle amministrazioni interessate ai corsi medesimi.,Riservano in ogni caso alle donne almeno il 30 per cento dei posti di componente delle commissioni di concorso.,,B,Diritto_Amministrativo,false,,,,2026-05-15 21:10:33.313064,false,
1778836081857-22,"Con riferimento all'art. 12 del D.P.R n. 82/2002, il Ministro può avvalersi di un Consigliere diplomatico che coadiuva il Ministro nelle iniziative in campo internazionale e comunitario. Da chi è nominato il Consigliere diplomatico?","Dal Ministro dell'interno, sentito il Ministro dell'economia e delle finanze, fra funzionari appartenenti alla carriera diplomatica.","Dal Ministro dell'interno, sentito il Ministro degli affari esteri, fra funzionari appartenenti alla carriera prefettizia.","Dal Ministro dell'interno, sentito il Ministro degli affari esteri, fra funzionari appartenenti alla carriera diplomatica.",,C,Diritto_Amministrativo,false,,,,2026-05-15 21:10:33.313064,false,
1778836081857-23,"Con riferimento alla struttura organizzativa del Ministero dell'interno, l'Ufficio affari legislativi e relazioni parlamentari è:",Uno dei Dipartimenti del ministero.,Una Direzione generale.,Un Ufficio di diretta collaborazione con il Ministro.,,C,Diritto_Amministrativo,false,,,,2026-05-15 21:10:33.313064,false,
1778836081857-24,"Nell'ambito della struttura organizzativa del Ministero dell'interno, è autorità provinciale di pubblica sicurezza e, nell'ambito della protezione civile, sovrintende al coordinamento degli interventi di immediato soccorso in situazioni di emergenza: di quale organo si tratta?",Del Prefetto.,Del Questore.,Del comandante della stazione dei carabinieri locale.,,A,Diritto_Amministrativo,false,,,,2026-05-15 21:10:33.313064,false,
1778836081857-26,Completare la seguente proporzione. Se decimilligrammo sta a peso allora è logico che ..?.. stia a ..?...,Peso - decimilligrammo.,Giorno - velocità.,Decilitro - capacità e volume.,,C,Logica,false,,,,2026-05-15 21:10:33.313064,false,
1778836081857-27,"Quale dei seguenti termini, sostituito ai puntini, forma parole di senso compiuto? BAL(..) - (..)NIARE.",PARA.,ARIO.,ESTRA.,,C,Logica,false,,,,2026-05-15 21:10:33.313064,false,
1778836081857-28,_____ sta a Insetto come Talpa sta a _____.,Scarabeo - Rettile.,Civetta - Mammifero.,Lucciola - Mammifero.,,C,Logica,false,,,,2026-05-15 21:10:33.313064,false,
1778836081857-29,"Angela, Beatrice e Carla sono in fila e hanno, non necessariamente in quest'ordine, ventitré, venticinque e ventisette anni. La ventisettenne Beatrice è subito dietro a Carla; la venticinquenne, prima, non si chiama Angela. Chi è l'ultima della fila e quanti anni ha?",Angela e ha ventitré anni.,Beatrice e ha venticinque anni.,Beatrice e ha ventisette anni.,,A,Logica,false,,,,2026-05-15 21:10:33.313064,false,
1778836081857-30,Se Beccaccino sta a fischiare allora è logico che ________ stia a ________.,Cicala - sbuffare.,Topo - soffiare.,Pecora - belare.,,C,Logica,false,,,,2026-05-15 21:10:33.313064,false,
1778836081857-31,Trastullarsi sta a baloccarsi come ? sta a ?.,"Balenare, scintillare.","Agitare, fissare.","Banalizzare, enfatizzare.",,A,Logica,false,,,,2026-05-15 21:10:33.313064,false,
1778836081857-32,Identificare la sequenza corretta: 1) indossare l'abbigliamento da basket 2) raggiungere il campo di basket 3) udire il fischio di fine partita dell'arbitro 4) entrare in gioco 5) lasciare il gioco 6) giocare.,"2, 1, 4, 6, 3, 5.","4, 3, 1, 2, 5, 6.","5, 1, 4, 6, 3, 2.",,A,Logica,false,,,,2026-05-15 21:10:33.313064,false,
1778836081857-33,Lo struzzo è più veloce del ghepardo; il falco è più lento del ghepardo e meno lento dello struzzo. Pertanto:,L'enunciato potrebbe essere corretto.,L'enunciato è sicuramente errato.,L'enunciato è sicuramente corretto.,,B,Logica,false,,,,2026-05-15 21:10:33.313064,false,
1778836081857-39,"Con riferimento alla struttura organizzativa del Ministero dell'interno, il Gabinetto del Ministro collabora con il ministro per l'efficace e funzionale definizione degli obiettivi dell'Amministrazione. Quanti uffici comprende?",Sette.,Tre.,Undici.,,A,Diritto_Amministrativo,false,,,,2026-05-15 21:10:33.313064,false,
1778836081857-41,Noti che alcune decisioni prese non sono allineate con gli interessi dell'organizzazione. Come reagisci?,Comunico subito il mio dubbio al mio superiore e attendo il suo feedback prima proporre azioni specifiche per l'interesse dell'organizzazione.,Cerco un confronto con i responsabili per capire le motivazioni dietro quelle decisioni e propongo un'analisi per migliorare l'allineamento con gli obiettivi organizzativi.,"Accetto le decisioni prese, confidando che siano state prese con un razionale alle spalle e tenendo conto dei rischi per l'organizzazione.",,,Situazionali,true,B,A,C,2026-05-15 21:10:33.313064,false,
1778836081857-42,L'ente sta per lanciare una nuova iniziativa che richiede un significativo impegno di risorse. Come pianifichi in anticipo per evitare sprechi e inefficienze?,"Identifico le risorse necessarie, assegno priorità, e prevedo l'uso di strumenti di monitoraggio durante l'implementazione.","Mi assicuro che le risorse siano disponibili e che ogni attività abbia un piano di budget ben definito, monitorando le spese.","Procedo con la pianificazione del progetto, includendo un'analisi generale delle risorse.",,,Situazionali,true,A,B,C,2026-05-15 21:10:33.313064,false,
1778836081857-43,"Una nuova normativa richiede che i servizi pubblici siano resi accessibili tramite piattaforme digitali, ma il tuo ufficio non è preparato. Come procedi?",Redigo un piano di adeguamento e organizzo una task force per implementare le piattaforme digitali entro i tempi previsti dalla normativa.,"Aspetto indicazioni più precise e dettagliate relative alla nuova normativa, non avvio alcuna iniziativa fino a quando non mi verrà richiesto direttamente.",Informo i superiori della necessità di conformarsi alla normativa e suggerisco una pianificazione graduale per adeguarsi.,,,Situazionali,true,A,C,B,2026-05-15 21:10:33.313064,false,
1778836081857-44,Devi promuovere l'uso di nuove tecnologie digitali tra colleghi che preferiscono metodi tradizionali. Come affronteresti la resistenza al cambiamento?,"Organizzo workshop pratici che mostrano chiaramente i benefici delle nuove tecnologie rispetto ai metodi tradizionali, coinvolgendo esperti interni e testimoniando i successi in altre organizzazioni. Faccio leva su piccoli successi iniziali e mostro miglioramenti misurabili in termini di efficienza e produttività.","Inizio con una campagna di sensibilizzazione, evidenziando come le nuove tecnologie possano migliorare l'operatività. Propongo un periodo di coesistenza tra metodi tradizionali e digitali, in modo che i colleghi possano adattarsi gradualmente senza sentirsi forzati.",Informo i colleghi che la tecnologia è ormai il futuro e che dovranno adeguarsi prima o poi e cerco di spiegare nel dettaglio i vantaggi dell'adozione.,,,Situazionali,true,A,B,C,2026-05-15 21:10:33.313064,false,
1778836081857-45,Ti rendi conto di non avere sufficienti competenze per affrontare una nuova responsabilità assegnata. Come agisci per colmare le tue lacune?,"Chiedo supporto a colleghi esperti, cercando anche opportunità di apprendimento esterne, per potermi formare personalmente.","Mi informo sulle competenze necessarie e inizio a studiare in autonomia per colmare alcune delle lacune, cercando prima di informarmi bene sulla responsabilità che avrò.","Cerco di gestire la nuova responsabilità come posso, cercando di imparare dall'esperienza pratica.",,,Situazionali,true,A,B,C,2026-05-15 21:10:33.313064,false,
1778836081857-46,"Un fornitore esterno, cruciale per il progetto, sta causando ritardi nella consegna dei materiali. Come gestisci il problema?","Contatto il fornitore per capire le cause del ritardo e cerco soluzioni per accelerare la consegna. Preparo un piano B, valutando l'utilizzo di altri fornitori o materiali sostitutivi, per evitare ulteriori problemi.",Metto in stand-by il lavoro in attesa che il fornitore riesca a risolvere il problema da solo.,Chiedo al fornitore una nuova data di consegna e adatto il piano del progetto per ridurre l'impatto del ritardo. Prevedo anche delle misure per compensare i tempi persi.,,,Situazionali,true,A,C,B,2026-05-15 21:10:33.313064,false,
1778836081857-47,Un progetto che hai gestito viene fortemente criticato dai cittadini per errori operativi. Come reagisci sotto pressione per proteggere il tuo team e risolvere la situazione?,"Comunico ai cittadini che stiamo lavorando per risolvere i problemi e prometto aggiornamenti sui progressi. Internamente, chiedo al team di correggere gli errori.","Ammetto gli errori, proteggo il mio team dalle critiche dirette e propongo un piano immediato per risolvere i problemi, comunicando con i cittadini per gestire le loro aspettative.",Ignoro le critiche dei cittadini per non ammettere l'eventuale errore proponendo un comunicato che spieghi la bontà del nostro lavoro.,,,Situazionali,true,B,A,C,2026-05-15 21:10:33.313064,false,
1778836081857-7,"Nell'ambito dei criteri di valutazione della performance delle istituzioni pubbliche, le risorse impiegate nei processi aziendali per erogare beni e servizi si definiscono:",Output.,Input.,Outcome.,,B,Diritto_Amministrativo,false,,,,2026-05-15 21:10:33.313064,false,
1778836917210-1,"Quale dei seguenti è l'acronimo che identifica un sistema che definisce i ruoli e i privilegi di accesso per ogni utente, nonché le condizioni in cui vengono concessi o negati i privilegi?",AMI.,OV.,IAM.,,C,Uso_delle_tecnologie,false,,,,2026-05-15 21:10:33.313064,false,
1778836917210-10,"Quando si fa riferimento a tutti i processi e strumenti tramite i quali le informazioni sulla performance sono raccolte e rese disponibili e quando si intende chiarire la relazione che intercorre tra gli obiettivi di un'istituzione pubblica, le risorse (input) da essa impiegate e i risultati conseguiti/impatti generati (output; outcome), si parla di:",Performance measurement.,Performance evaluation.,Performance management.,,C,Diritto_Amministrativo,false,,,,2026-05-15 21:10:33.313064,false,
1778836917210-12,I presupposti di fatto e di diritto sono:,Requisiti di legittimità del provvedimento amministrativo.,Requisiti di efficacia del provvedimento amministrativo.,Requisiti di obbligatorietà del provvedimento amministrativo.,,A,Diritto_Amministrativo,false,,,,2026-05-15 21:10:33.313064,false,
1778836917210-13,"Nel CAD la caratteristica di un sistema informativo, le cui interfacce sono pubbliche e aperte, di interagire in maniera automatica con altri sistemi informativi per lo scambio di informazioni e l'erogazione di servizi è denominata:",Interoperabilità.,Allineamento dei dati.,Disponibilità.,,A,Diritto_Amministrativo,false,,,,2026-05-15 21:10:33.313064,false,
1778836917210-14,"L'istanza di accesso civico, di cui al co. 1, art. 5, D.Lgs. n. 33/2013, può essere trasmessa ad un ufficio indicato dall'amministrazione nella sezione Amministrazione trasparente del sito istituzionale?","No, può essere trasmessa solo all'ufficio che detiene i dati, le informazioni o i documenti.",Si può essere trasmessa anche ad un ufficio indicato dall'amministrazione nella sezione Amministrazione trasparente del sito istituzionale.,"No, può essere trasmessa solo all'ufficio relazioni con il pubblico.",,B,Diritto_Amministrativo,false,,,,2026-05-15 21:10:33.313064,false,
1778836917210-15,"Dispone l'art. 20, CAD sulla validità ed efficacia probatoria dei documenti informatici che:",La data e l'ora di formazione del documento informatico non sono in ogni caso opponibili ai terzi.,"La data di formazione del documento informatico è opponibile ai terzi se apposta in conformità alle Linee guida, mentre l'ora si ha come non apposta.",La data e l'ora di formazione del documento informatico sono opponibili ai terzi se apposte in conformità alle Linee guida.,,C,Diritto_Amministrativo,false,,,,2026-05-15 21:10:33.313064,false,
1778836917210-16,"Salvo che il fatto costituisca più grave reato, chiunque con violenza o minaccia, o con doni, promesse, collusioni o altri mezzi fraudolenti, turba il procedimento amministrativo diretto a stabilire il contenuto del bando o di altro atto equipollente al fine di condizionare le modalità di scelta del contraente da parte della pubblica amministrazione commette il delitto di cui all'art. 353 bis c.p., ovvero:",Turbata libertà del procedimento di scelta del contraente.,Turbata libertà degli incanti.,Astensione dagli incanti.,,A,Diritto_Amministrativo,false,,,,2026-05-15 21:10:33.313064,false,
1778836917210-17,"Il pubblico ufficiale, che, avendo per ragione del suo ufficio il possesso o comunque la disponibilità di cosa mobile altrui, se ne appropria al solo scopo di fare uso momentaneo della cosa, e questa, dopo l'uso momentaneo, è stata immediatamente restituita è punito con la reclusione da sei mesi a tre anni. Quale reato ha commesso il pubblico ufficiale?",Usurpazione.,Rapina.,Peculato d'uso.,,C,Diritto_Amministrativo,false,,,,2026-05-15 21:10:33.313064,false,
1778836917210-18,"Quale dei seguenti delitti viene disciplinato nel Capo I, Titolo II Libro II del Codice Penale, relativo ai delitti dei pubblici ufficiali contro la Pubblica Amministrazione?",Utilizzazione d'invenzioni o scoperte conosciute per ragione d'ufficio.,Violazione della pubblica custodia di cose.,"Oltraggio a un corpo politico, amministrativo o giudiziario.",,A,Diritto_Amministrativo,false,,,,2026-05-15 21:10:33.313064,false,
1778836917211-19,"Quale sanzione disciplinare si applica al dipendente pubblico in caso di condanna penale definitiva, in relazione alla quale è prevista l'interdizione perpetua dai pubblici uffici ovvero l'estinzione, comunque denominata, del rapporto di lavoro?",La sanzione disciplinare del licenziamento con preavviso di 15 giorni.,La sanzione disciplinare del licenziamento con preavviso di 30 giorni.,La sanzione disciplinare del licenziamento senza preavviso.,,C,Diritto_Amministrativo,false,,,,2026-05-15 21:10:33.313064,false,
1778836917211-20,Il dipendente pubblico è tenuto a segnalare al proprio superiore gerarchico eventuali situazioni di illecito nell'amministrazione di cui sia venuto a conoscenza?,"Si, per espressa previsione di cui all'art. 8, D.P.R. n. 62/2013, fermo restando l'obbligo di denuncia all'autorità giudiziaria.","No, per espressa previsione di cui all'art. 8, D.P.R. n. 62/2013, il dipendente è tenuto solo a fare segnalazione alla Corte dei conti.","No, per espressa previsione di cui all'art. 8, D.P.R. n. 62/2013, il dipendente è tenuto solo a denunciare il fatto all'autorità giudiziaria.",,A,Diritto_Amministrativo,false,,,,2026-05-15 21:10:33.313064,false,
1778836917211-21,La Costituzione italiana pur non disciplinando direttamente il rapporto di pubblico impiego detta alcune disposizioni che si riferiscono allo stesso. Quale principio costituzionali è strettamente correlato al rapporto di pubblico impiego?,Art. 97 - I principi di imparzialità e di buon andamento.,Art. 38 - Il riconoscimento del diritto dei lavoratori a che siano previsti e assicurati mezzi adeguati alle loro esigenze di vita in caso di malattia.,"Art. 35 - La tutela del lavoro in tutte le sue forme e applicazione, e cura della formazione e dell'elevazione professionale.",,A,Diritto_Amministrativo,false,,,,2026-05-15 21:10:33.313064,false,
1778836917211-22,"Con riferimento alla struttura organizzativa del Ministero dell’interno, la Direzione Centrale per la Finanza Locale si svolge, tra l’altro, attività finalizzata al risanamento degli enti dissestati e degli enti in riequilibrio finanziario. A quale Dipartimento appartiene?","Dipartimento per l’amministrazione generale, per le Politiche del personale dell'amministrazione civile e per le Risorse strumentali e finanziarie.",Dipartimento per gli Affari interni e territoriali.,Dipartimento per la Pubblica sicurezza.,,B,Diritto_Amministrativo,false,,,,2026-05-15 21:10:33.313064,false,
1778836917211-23,Tra le strutture organizzative del Ministero dell’interno rientrano i Dipartimenti. In particolare il Dipartimento per gli Affari interni e territoriali è articolato in Uffici di diretta collaborazione con il Capo Dipartimento e in Direzioni generali: per quanto riguarda gli Uffici di diretta collaborazione è corretto affermare che essi curano il sistema di relazioni esterne e con gli organi d’informazione?,"No, essi curano solo le attività del cerimoniale.","No, essi provvedono solo all'organizzazione di convegni, conferenze e visite.","Si, essi curano sia il sistema di relazioni esterne che quello con gli organi d’informazione.",,C,Diritto_Amministrativo,false,,,,2026-05-15 21:10:33.313064,false,
1778836917211-24,"Nell’ambito della struttura organizzativa del Ministero dell’interno, esercita, a livello provinciale, tutte le attività di polizia di sicurezza e amministrativa con un'ampia tipologia di atti (ordinanze, diffide, permessi, licenze, autorizzazioni, ecc.): di quale organo si tratta?",Del Questore.,Del Prefetto.,Del comandante della stazione dei carabinieri locale.,,A,Diritto_Amministrativo,false,,,,2026-05-15 21:10:33.313064,false,
1778836917211-25,"La struttura organizzativa del Ministero dell’interno è articolata, tra l’altro, in Dipartimenti: la Commissione per la stabilità finanziaria degli enti locali nell’ambito di quale Dipartimento è costituita?","Dipartimento per l’amministrazione generale, per le Politiche del personale dell'amministrazione civile e per le Risorse strumentali e finanziarie.",Dipartimento per la Pubblica sicurezza.,Dipartimento per gli Affari interni e territoriali.,,C,Diritto_Amministrativo,false,,,,2026-05-15 21:10:33.313064,false,
1778836917211-26,"Completare la seguente serie: AFFERMARE, DICHIARARE, ASSICURARE, GIURARE, ....",NEGARE.,SMENTIRE.,ASSERIRE.,,C,Logica,false,,,,2026-05-15 21:10:33.313064,false,
1778836917211-27,"Norina non dice il falso solo a Oreste, che solo a lei non dice il vero. Tiberio dice il vero ma non a Oreste. Se uno dei tre dice all'altro Mi piacciono i film gialli, ciò è:","Vero, se Tiberio lo dice a Oreste.","Falso, se Norina lo dice a Oreste.","Vero, se Oreste lo dice a Tiberio.",,C,Logica,false,,,,2026-05-15 21:10:33.313064,false,
1778836917211-28,"Se AGI=1+3=4, BEVA=2+1=3 e CADE=1+2=3, a quanto è uguale MOGIA ?",4+3+1=8.,3+4+1=8.,1+4+3=8.,,B,Logica,false,,,,2026-05-15 21:10:33.313064,false,
1778836917211-29,"Se DAI vale 9 e CESSATI vale 21, quanto vale AMMALIZIEREBBERO ?",50.,55.,48.,,C,Logica,false,,,,2026-05-15 21:10:33.313064,false,
1778836917211-30,Insolente sta a riguardoso come ? sta a ?.,"Genuino, autentico.","Geniale, idiota.","Ghiotto, avido.",,B,Logica,false,,,,2026-05-15 21:10:33.313064,false,
1778836917211-31,Se Schietto sta a Sincero e Serrato sta a Incalzante allora:,Schiavizzazione sta a Liberazione.,Discredito sta a Stima.,Esordiente sta a Debuttante.,,C,Logica,false,,,,2026-05-15 21:10:33.313064,false,
1778836917211-32,"Se B<C, B>A, D<C, quale delle seguenti affermazioni è sicuramente falsa?",B<D.,A>C.,A>D.,,B,Logica,false,,,,2026-05-15 21:10:33.313064,false,
1778836917211-33,Se Torino sta a Piemonte allora è logico che:,Teramo stia a Abruzzo.,Brescia stia a Lombardia.,Potenza stia a Basilicata.,,C,Logica,false,,,,2026-05-15 21:10:33.313064,false,
1778836922835-1,Un cambiamento improvviso nelle direttive mette a rischio il successo del tuo progetto. Come gestisci lo stress e mantieni la lucidità per riorganizzare il piano?,"Rivedo il piano di lavoro, valutando l’impatto del cambiamento e proponendo soluzioni alternative per adattare il progetto alle nuove direttive, rimango sugli obiettivi.","Comunico al team il cambiamento e chiedo qualche giorno per riorganizzare il progetto in base alle nuove direttive, cercando di mantenere la calma.","Proseguo con il progetto senza rivedere il piano, confido nel mio team e nella qualità delle nostre idee.",,,Situazionali,true,A,B,C,2026-05-15 21:10:33.313064,false,
1778836922836-2,Un collega si mostra molto critico nei tuoi confronti davanti ad altri colleghi. Come mantieni il controllo delle emozioni?,"Ascolto le critiche e, percependo un senso di frustrazione, attendo di parlarne in un secondo momento.","Pur mostrando disagio, metto da parte le emozioni, evitando di rispondere direttamente al collega.","Pur riconoscendo le mie emozioni decido di mantenere la calma, rispondo con professionalità e propongo di discutere le critiche in privato per evitare ulteriori tensioni.",,,Situazionali,true,C,A,B,2026-05-15 21:10:33.313064,false,
1778836922836-3,"Durante la gestione di un progetto, ti accorgi che le risorse economiche stanziate non sono sufficienti a coprire tutte le attività previste. Come intervieni?","Continuo a gestire il progetto con le risorse disponibili, ottimizzandole il più possibile per non compromettere i risultati finali.","Rivedo l’allocazione delle risorse, identificando attività non essenziali da ridurre o rinviare e, se necessario, propongo alternative per aumentare il budget.",Informo i responsabili della scarsità di risorse e propongo una riduzione selettiva delle attività per rispettare il budget.,,,Situazionali,true,B,C,A,2026-05-15 21:10:33.313064,false,
1778836922836-4,Ti viene offerta l’opportunità di seguire un progetto che richiede abilità manageriali che non hai mai sviluppato. Come agisci?,"Accetto il progetto e cerco di imparare direttamente sul campo, affidandomi all’esperienza man mano che procedo.",Accetto l'opportunità cercando informazioni online per colmare le lacune.,Accetto la sfida e mi iscrivo a un corso di management per acquisire le competenze necessarie.,,,Situazionali,true,C,B,A,2026-05-15 21:10:33.313064,false,
1778836922836-5,"Un membro del team continua a non rispettare le scadenze, mettendo a rischio l’obiettivo finale. Come intervieni?",Porto avanti la parte di mia competenza certa/o che il collega recupererà il ritardo autonomamente.,Redistribuisco parte del carico di lavoro agli altri membri del team per compensare il ritardo senza affrontare direttamente le difficoltà del collega.,"Le/gli parlo per capire le difficoltà, offro supporto aggiuntivo e definisco micro-obiettivi più specifici per aiutarlo a restare nei tempi.",,,Situazionali,true,C,B,A,2026-05-15 21:10:33.313064,false,
1778836922836-6,"Durante la revisione di un processo, scopri che c'è una discrepanza tra i risultati attesi e quelli effettivi. Come agisci per correggere e migliorare il processo?","Valuto in un secondo momento la discrepanza, considerando che piccole variazioni possono essere usuali e non prendo provvedimenti specifici per migliorare il processo nell'immediato.",Indago sulle possibili cause della discrepanza e correggo le aree più rilevanti. Mantengo un monitoraggio più stretto del processo e aspetto di vedere se le correzioni apportate risolvono il problema.,"Analizzo i dati per identificare le cause della discrepanza, coinvolgendo il team per una revisione del processo. Una volta identificati i problemi, implemento azioni correttive e pianifico sessioni di feedback regolari per prevenire ulteriori deviazioni.",,,Situazionali,true,C,B,A,2026-05-15 21:10:33.313064,false,
1778836922836-7,Devi definire una strategia per l’introduzione di una nuova tecnologia nella tua amministrazione. Come immagini l’impatto sul lavoro dei dipendenti e sui cittadini?,"Pianifico un'introduzione graduale della tecnologia, prevedendo formazione per i dipendenti e sessioni informative per i cittadini. Definisco un sistema di feedback per monitorare l’adozione e apportare miglioramenti.","Procedo con l'introduzione della nuova tecnologia, confidando che dipendenti e cittadini si adattino al cambiamento nel corso del tempo, senza necessità di ulteriori interventi.",Propongo di introdurre la nuova tecnologia nei reparti principali e di fornire un supporto tecnico per aiutare i dipendenti nella transizione. Monitoro i problemi emergenti e propongo correzioni successive.,,,Situazionali,true,A,C,B,2026-05-15 21:10:33.313064,false,
1778836982354-1,Con riferimento all'istanza di accesso civico e generalizzato si individui l'affermazione corretta.,L'amministrazione ha l'obbligo di rielaborare i dati ai fini dell'accesso generalizzato.,"Poiché la richiesta di accesso civico generalizzato riguarda i dati e i documenti detenuti dalle pubbliche amministrazioni, resta escluso che l'amministrazione sia tenuta a formare o raccogliere o altrimenti procurarsi informazioni che non siano già in suo possesso.","Qualora venga presentata una domanda di accesso per un numero manifestamente irragionevole di documenti, l'amministrazione ha comunque obbligo di provvedere.",,B,Diritto_Amministrativo,false,,,,2026-05-15 21:10:33.313064,false,
1778836982354-2,Per i disegni di legge di autorizzazione a ratificare trattati internazionali:,È sempre adottata la procedura normale di esame e di approvazione diretta da parte della Camera.,È sempre adottato il procedimento decentrato (o in Commissione).,Può essere adottata la c.d. procedura mista.,,A,Diritto_Amministrativo,false,,,,2026-05-15 21:10:33.313064,false,
1778836982354-3,"Dispone il co. 1 art. 3 l. n. 241/1990 che la motivazione deve indicare le ragioni giuridiche che hanno determinato la decisione dell'amministrazione, in relazione alle risultanze dell'istruttoria e:",Termine e condizione del provvedimento.,Requisiti di legittimità.,Presupposti di fatto.,,C,Diritto_Amministrativo,false,,,,2026-05-15 21:10:33.313064,false,
1778836982354-4,"A norma del disposto di cui al co. 1 art. 18 d.lgs. n. 36/2023, in caso di procedura negoziata oppure per affidamenti diretti il contratto è stipulato:","Sempre mediante atto pubblico notarile informatico, ovvero, in modalità elettronica nel rispetto delle pertinenti disposizioni del codice dell'amministrazione digitale.",Sempre mediante atto pubblico notarile informatico ovvero in forma pubblica amministrativa a cura dell'Ufficiale rogante della stazione appaltante.,"Mediante corrispondenza secondo l'uso del commercio consistente in un apposito scambio di lettere, anche tramite posta elettronica certificata o sistemi elettronici di recapito certificato qualificato.",,C,Diritto_Amministrativo,false,,,,2026-05-15 21:10:33.313064,false,
1778836982354-5,Le denunce e i ricorsi sono propri:,Della fase istruttoria del procedimento amministrativo.,Della fase d'iniziativa del procedimento amministrativo.,Sia della fase istruttoria sia della fase integrativa dell'efficacia del procedimento amministrativo.,,B,Diritto_Amministrativo,false,,,,2026-05-15 21:10:33.313064,false,
1778836982355-14,"Ai sensi dell'art. 5 del d.lgs. 165/2001, gli organismi di controllo interno delle pubbliche amministrazioni verificano periodicamente la rispondenza delle determinazioni organizzative ai principi indicati dalla legge. Scopo del controllo è, tra l'altro, quello di:",verificare le capacità gestionali ed organizzative dei responsabili ai fini della corresponsione di eventuali compensi incentivanti.,proporre l'adozione di eventuali interventi correttivi e di fornire elementi per l'adozione delle misure previste nei confronti dei responsabili della gestione.,"rendere esecutive le determinazioni, o annullare quelle non conformi ai principi indicati dalla legge.",,B,Diritto_Amministrativo,false,,,,2026-05-15 21:10:33.313064,false,
1778836982355-15,"Indicare quale/i delle seguenti affermazioni è/sono conforme/i al disposto dell'art. 9 del decreto legislativo n. 150/2009: 1) La misurazione e la valutazione svolte dai dirigenti sulla performance individuale del personale sono effettuate sulla base del SMVP e collegate al raggiungimento di specifici obiettivi di gruppo o individuali; 2) Nella valutazione di performance individuale sono anche considerati i periodi di congedo di maternità, di paternità e parentale; 3) La misurazione e la valutazione svolte dai dirigenti sulla performance individuale del personale sono effettuate sulla base del SMVP e collegate alla qualità del contributo assicurato alla performance dell'unità organizzativa di appartenenza, alle competenze dimostrate ed ai comportamenti professionali e organizzativi.",La n. 1 e la n. 3.,Tutte le tre affermazioni.,La n. 1 e la n. 2.,,A,Diritto_Amministrativo,false,,,,2026-05-15 21:10:33.313064,false,
1778836982355-16,"A chi spettano i controlli esterni di regolarità amministrativa e contabile nei confronti delle pubbliche amministrazioni, ai sensi dell'art. 3 del decreto legislativo n. 286/1999?",Alla Corte dei conti.,Agli organi di revisione.,Agli organismi indipendenti di valutazione.,,A,Diritto_Amministrativo,false,,,,2026-05-15 21:10:33.313064,false,
1778836982355-17,"A norma del disposto di cui all'art. 7 D.P.R. n. 62/2013, il dipendente deve astenersi dal partecipare all'adozione di decisioni o ad attività che possano coinvolgere interessi di persone con le quali abbia rapporti di frequentazione abituale?","Sì, per espressa previsione di cui al citato art.","No, le uniche astensioni previste sono nel caso di interessi propri, o di conviventi.","No, l'obbligo di astensione è previsto solo nel caso di interessi propri, di suoi parenti, affini entro il secondo grado, del coniuge o di conviventi.",,A,Diritto_Amministrativo,false,,,,2026-05-15 21:10:33.313064,false,
1778836982355-18,"Dispone l'art. 6 D.P.R. n. 62/2013 che il dipendente, all'atto dell'assegnazione all'ufficio, informa per iscritto il dirigente di tutti i rapporti, diretti o indiretti, di collaborazione con soggetti privati in qualunque modo retribuiti che lo stesso abbia o abbia avuto:",Negli ultimi quattro anni.,Negli ultimi tre anni.,Negli ultimi due anni.,,B,Diritto_Amministrativo,false,,,,2026-05-15 21:10:33.313064,false,
1778836982355-19,"L'articolo 55-bis del D.Lgs. 165/2001 prevede tra l'altro che per le infrazioni per le quali è prevista l'irrogazione della sanzione del rimprovero verbale, il procedimento disciplinare è di competenza:",Dell'ufficio competente per i procedimenti disciplinari.,Dell'organo indipendente di valutazione.,Del responsabile della struttura presso cui presta servizio il dipendente.,,C,Diritto_Amministrativo,false,,,,2026-05-15 21:10:33.313064,false,
1778836982355-20,L'art. 4 del Codice di comportamento dei dipendenti pubblici sancisce il divieto per il dipendente di accettare regali o altre utilità da un proprio subordinato. Al fine di preservare il prestigio e l'imparzialità dell'amministrazione chi vigila sulla corretta applicazione del divieto?,Il responsabile dell'ufficio.,La struttura di controllo interno.,In via esclusiva il responsabile della prevenzione e della corruzione.,,A,Diritto_Amministrativo,false,,,,2026-05-15 21:10:33.313064,false,
1778836982355-21,"È corretto affermare, ai sensi dell'art. 15 del decreto legislativo n. 300/1999, che l'organizzazione periferica del Ministero dell'interno è costituita anche dalle strutture periferiche del Corpo nazionale dei vigili del fuoco?",Sì.,"No, il Corpo nazionale dei vigili del fuoco è una struttura ad ordinamento militare, che fa parte delle forze armate italiane.","No, è costituita solo dagli Uffici territoriali del governo e dalle Questure.",,A,Diritto_Amministrativo,false,,,,2026-05-15 21:10:33.313064,false,
1778836982355-23,Quale dei seguenti uffici di diretta collaborazione con il Ministro dell'interno cura l'informazione sull'attività politico-istituzionale del ministero?,L'Ufficio di Segreteria del Ministro.,L'Ufficio stampa e comunicazione.,L'Ufficio di Gabinetto del Ministro.,,B,Diritto_Amministrativo,false,,,,2026-05-15 21:10:33.313064,false,
1778836982355-26,Annaffiatoio sta a Giardinaggio come ..?.. sta a ..?...,Pesca - Bolentino.,Filo - Filatelia.,Macchina fotografica - Fotografia.,,C,Logica,false,,,,2026-05-15 21:10:33.313064,false,
1778836982355-27,"Utilizzando l'alfabeto italiano, inserire la lettera mancante nella seguente serie: F - H - .... - Q - V - E.",L.,N.,M.,,C,Logica,false,,,,2026-05-15 21:10:33.313064,false,
1778836982355-28,Se Accurato sta a Analitico e Escluso sta a Eliminato allora:,Depauperare sta a Dissanguare.,Scettico sta a Fiducioso.,Intralciare sta a Facilitare.,,A,Logica,false,,,,2026-05-15 21:10:33.313064,false,
1778836982355-29,"Chi è entrato almeno una volta nella casa blu, dopo non può più entrare nella casa gialla. Solo chi è già entrato nella casa rossa può entrare nella casa gialla. Chi è entrato almeno una volta nella casa gialla, dopo non può più entrare nella casa verde. Se sono entrato nella casa verde...",Potrei essere entrato prima nella casa blu.,Sicuramente sono entrato prima nella casa rossa.,Sicuramente non sono entrato prima nella casa blu.,,A,Logica,false,,,,2026-05-15 21:10:33.313064,false,
1778836982355-30,"Le mamme di alcuni alunni della seconda classe (Sig.ra Rossi, Sig.ra Bianchi, Sig.ra Verdi) sono in fila. La Sig.ra Bianchi mamma di Franco è subito dietro la Sig.ra Verdi; la mamma di Filippo, prima, non è la Sig. Rossi. La mamma di quale alunno parlerà per ultima con l'insegnante di matematica?","La Sig.ra Rossi, mamma di Federico.","La Sig.ra Bianchi, mamma di Filippo.","La Sig.ra Bianchi, mamma di Franco.",,A,Logica,false,,,,2026-05-15 21:10:33.313064,false,
1778836982355-31,Se l'espressione Mettere la mano sul fuoco sta a dichiararsi assolutamente sicuro di qualcosa allora l'espressione Lavata di testa sta a:,"Barcamenarsi senza decidere, tenersi aperte due strade, due possibilità.",Decidere fermamente di fare qualcosa.,"Rimprovero, energica sgridata.",,C,Logica,false,,,,2026-05-15 21:10:33.313064,false,
1778836982355-32,In quale delle seguenti parole non si cela il termine atrio?,Imbucato.,Figurato.,Silurato.,,A,Logica,false,,,,2026-05-15 21:10:33.313064,false,
1778836982355-33,Se ANESTETICO vale STETI allora SELEZIONATORE vale....,EZIONATE.,EZIONATO.,EZIONARE.,,B,Logica,false,,,,2026-05-15 21:10:33.313064,false,
1778836982355-34,"A norma del disposto di cui al co. 8 art. 33 d.lgs. n. 36/2023, le offerte che la stazione appaltante ha giudicato anormalmente basse sono considerate:",Inadeguate.,Inaccettabili.,Irregolari.,,B,Diritto_Amministrativo,false,,,,2026-05-15 21:10:33.313064,false,
1778836982355-37,"Indicare quale/i delle seguenti affermazioni è/sono conforme/i al disposto dell'art. 6 del decreto legislativo n. 165/2001: 1) Le amministrazioni pubbliche che non provvedono agli adempimenti di cui al predetto articolo non possono assumere nuovo personale; 2) Le amministrazioni pubbliche definiscono l'organizzazione degli uffici adottando gli atti previsti dai rispettivi ordinamenti, previa informazione sindacale, ove prevista nei contratti collettivi nazionali; 3) Nelle amministrazioni statali, il piano triennale dei fabbisogni di personale è approvato con decreto del Ministro competente, di concerto con il Ministro dell'economia e delle finanze.",La n. 1 e la n. 3.,Tutte le tre affermazioni.,La n. 1 e la n. 2.,,B,Diritto_Amministrativo,false,,,,2026-05-15 21:10:33.313064,false,
1778836982355-38,"A norma del disposto di cui all'art. 55-quinquies TUPI, è prevista anche la reclusione per il lavoratore che, mediante l'alterazione dei sistemi di rilevamento della presenza o con altre modalità fraudolente, attesta falsamente la propria presenza in servizio?","Sì, è prevista sia la reclusione sia la multa.","Sì, è prevista solo la reclusione.","No, è prevista la multa.",,A,Diritto_Amministrativo,false,,,,2026-05-15 21:10:33.313064,false,
1778836982355-39,Argomento: struttura organizzativa del Ministero dell'interno a livello provinciale. La garanzia dell'ordine democratico è competenza:,Del Prefetto.,Del Sindaco della città con maggiore densità di popolazione.,Del Questore.,,C,Diritto_Amministrativo,false,,,,2026-05-15 21:10:33.313064,false,
1778836982355-40,Individuare tra i seguenti il sillogismo che conduce ad una falsa conclusione.,Se cucini bene allora ti piace anche mangiare. Francesca cucina bene quindi le piace anche mangiare.,Se canti bene allora hai attitudine musicale. Rebecca ha attitudine musicale quindi canta bene.,Se balli bene allora sei coordinato. Dario balla bene quindi è coordinato.,,B,Logica,false,,,,2026-05-15 21:10:33.313064,false,
1778836982355-41,"Durante l'esecuzione di un progetto, il tuo team affronta problemi di comunicazione che mettono a rischio il raggiungimento dell'obiettivo. Come agisci?",Organizzo una riunione per discutere delle difficoltà di comunicazione e stabilisco nuovi canali e regole per migliorare lo scambio di informazioni all'interno del team.,"Suggerisco al team di migliorare la comunicazione, cercando sempre di mettersi nei panni dell'interlocutore, infine, le/li invito a riunirsi periodicamente per aggiornamenti.",Inizialmente lascio che la situazione si evolva per capire che direzione prendere per ovviare a questa problematica.,,,Situazionali,true,A,B,C,2026-05-15 21:10:33.313064,false,
1778836982355-42,"Il tuo team è stato incaricato di un nuovo progetto urgente, ma siete già impegnati su altri progetti. Come ti assicuri di raggiungere il risultato?","Accetto il progetto senza modificare significativamente il carico di lavoro, certa/o che il team possa gestire tutto.","Accetto il nuovo progetto e cerco di riorganizzare le attività esistenti, coinvolgendo anche risorse aggiuntive per garantire che il nuovo progetto venga affrontato efficacemente.","Valuto le priorità di tutti i progetti e, se necessario, ridistribuisco i carichi di lavoro o negozio scadenze meno critiche.",,,Situazionali,true,C,B,A,2026-05-15 21:10:33.313064,false,
1778836982355-43,"Ti viene chiesto di sviluppare nuove competenze per un progetto futuro, ma il carico di lavoro attuale è già elevato. Come gestiresti la situazione?",Mi limito a svolgere il lavoro corrente e rimando lo sviluppo delle competenze fino a quando non ci sarà più tempo.,Ridefinisco le priorità insieme al mio superiore e organizzo il mio tempo per includere momenti dedicati alla formazione senza compromettere il lavoro attuale.,Chiedo di posticipare alcune scadenze per concentrarmi sull'apprendimento necessario al nuovo progetto.,,,Situazionali,true,B,C,A,2026-05-15 21:10:33.313064,false,
1778836982356-44,Il tuo team è diviso su come procedere con un'attività strategica. Come risolvi il conflitto e riporti il focus sugli obiettivi comuni?,"Organizzo un incontro di confronto in cui ciascun membro può esprimere le proprie opinioni, favorendo un dialogo costruttivo per trovare una soluzione condivisa e riallineare tutti sugli obiettivi.","Ascolto le opinioni di ognuno e cerco di comprendere i loro punti di vista, dopo di che impongo una linea d'azione comune per raggiungere l'obiettivo.",Parlo separatamente con ciascun membro del team per capire le posizioni e cerco di trovare un compromesso accettabile per tutti ricordando che lavoriamo tutti per un obiettivo comune.,,,Situazionali,true,A,C,B,2026-05-15 21:10:33.313064,false,
1778836982356-45,"Hai raggiunto gli obiettivi del tuo progetto, ma ti accorgi che c'è ancora margine per migliorare ulteriormente la qualità. Decidi di impegnarti ulteriormente per ottimizzare il risultato. Come?","Verifico con i superiori se è possibile investire altro tempo per migliorare la qualità del progetto, proponendo modifiche solo se approvate.","Propongo immediatamente di investire ulteriori risorse e tempo per migliorare la qualità del progetto, coinvolgendo anche il team per identificare possibili aree di miglioramento.","Completo il progetto come da piano, senza investire ulteriori risorse, accettando che il margine di miglioramento non venga sfruttato, riservandomi però di agire in un secondo tempo.",,,Situazionali,true,B,A,C,2026-05-15 21:10:33.313064,false,
1778836982356-46,"Durante una crisi interna, i membri del team hanno difficoltà a lavorare insieme sotto pressione. Come mantieni la collaborazione e riduci le tensioni tra colleghi?","Organizzo una sessione di confronto per discutere apertamente le difficoltà, favorendo la condivisione di soluzioni. Riorganizzo i ruoli per ridurre il carico di stress su ogni membro.",Parlo individualmente con i membri più stressati per capire i problemi e cerco di offrire supporto emotivo e operativo per alleviare le tensioni.,Lascio che il team si gestisca in autonomia cercando di valorizzare quei componenti che si mostrano più capaci di tollerare lo stress.,,,Situazionali,true,A,B,C,2026-05-15 21:10:33.313064,false,
1778836982356-47,"Un partner esterno coinvolto nel processo segnala di non poter rispettare una scadenza importante, mettendo a rischio il progetto. Come riorganizzi il processo?","Rivedo la pianificazione del progetto e cerco di adattare le altre attività per compensare il ritardo. Rimango in contatto con il partner per monitorare l'evoluzione e cerco di minimizzare le conseguenze, inoltre, mi adopero nel ricercare un fornitore alternativo.","Accetto e comunico ai miei superiori il ritardo del partner senza però modificare drasticamente il processo, aspettando che la situazione si evolva per valutare, pur sapendo che potrebbe compromettere il progetto.","Contatto il partner per capire i dettagli del ritardo e cerco di negoziare una nuova scadenza. Nel frattempo, riorganizzo le risorse interne per ridurre l'impatto del ritardo e cerco un fornitore di backup per ultimare il progetto.",,,Situazionali,true,A,C,B,2026-05-15 21:10:33.313064,false,
1778836982356-48,"Ti viene offerto un progetto che richiede competenze che non possiedi completamente, ma potresti imparare. Accetti la sfida? Come ti prepareresti?","Accetto la sfida, programmando un percorso di apprendimento per acquisire le competenze mancanti e chiedendo supporto a colleghi esperti.","Accetto il progetto senza un piano preciso e dettagliato, cercando di imparare strada facendo.","Accetto il progetto, ma chiedo del tempo aggiuntivo prima di iniziare a lavorare.",,,Situazionali,true,A,C,B,2026-05-15 21:10:33.313064,false,
1778837350935-1,"A norma del disposto di cui al co. 5, art. 18, d.lgs. n. 36/2023, se la stipulazione del contratto non avviene nel termine fissato, per fatto della stazione appaltante, l'aggiudicatario può sciogliersi da ogni vincolo?","Si, mediante atto notificato alla stazione appaltante.","No, in tal caso il termine viene prorogato di diritto per ulteriori trenta giorni.","Si, salvo che la stazione appaltante non richieda il differimento del termine per la stipulazione del contratto.",,A,Diritto_Amministrativo,false,,,,2026-05-15 21:10:33.313064,false,
1778837350935-2,"Per espressa previsione di cui all'art. 13, par. 1, TUE oltre al Parlamento europeo, quali sono le altre istituzioni dell'Unione?","Consiglio europeo, Consiglio, Commissione europea, Corte di giustizia dell'Ue, Banca centrale europea, Corte dei conti.","Consiglio europeo, Commissione europea, Corte di giustizia dell'Ue, Banca centrale europea, Corte dei conti.","Consiglio europeo, Consiglio, Commissione europea, Corte di giustizia dell'Ue, Banca centrale europea, Corte dei conti, COREPER.",,A,Diritto_Amministrativo,false,,,,2026-05-15 21:10:33.313064,false,
1778837350935-3,"Con riferimento al termine dilatorio, il co. 3, art. 18, d.lgs. n. 36/2023 dispone che il contratto non può comunque essere stipulato:",Prima di venti giorni dall'invio dell'ultima delle comunicazioni del provvedimento di aggiudicazione.,Prima di trentacinque giorni dall'invio dell'ultima delle comunicazioni del provvedimento di aggiudicazione.,Prima di sessanta giorni dall'invio dell'ultima delle comunicazioni del provvedimento di aggiudicazione.,,B,Diritto_Amministrativo,false,,,,2026-05-15 21:10:33.313064,false,
1778837350935-4,La direttiva (art. 288 TFUE):,Diversamente dal regolamento e dalla decisione non produce nessun effetto obbligatorio.,"Vincola lo Stato membro cui è rivolta per quanto riguarda il risultato da raggiungere, salva restando la competenza degli organi nazionali in merito alla forma e ai mezzi.","È obbligatoria in tutti i suoi elementi. Se designa i destinatari, è obbligatoria soltanto nei confronti di questi.",,B,Diritto_Amministrativo,false,,,,2026-05-15 21:10:33.313064,false,
1778837350935-5,"L'accesso generalizzato (co. 2, art. 5, D.Lgs. n. 33/2013):",È un istituto distinto dall'accesso ai documenti amministrativi.,Ha come finalità quella di porre i soggetti interessati in grado di esercitare al meglio le facoltà - partecipative e/o oppositive e difensive - che l'ordinamento attribuisce loro a tutela delle posizioni giuridiche qualificate di cui sono titolari.,Non incontra come limiti il rispetto della tutela degli interessi pubblici e/o privati e il rispetto delle norme che prevedono specifiche esclusioni.,,A,Diritto_Amministrativo,false,,,,2026-05-15 21:10:33.313064,false,
1778837350935-6,"1) Pubblico ufficiale o persona incaricata di un pubblico servizio, che, violando i doveri inerenti alle funzioni o al servizio, o comunque abusando della sua qualità, rivela notizie d'ufficio, le quali debbano rimanere segrete, o ne agevola in qualsiasi modo la conoscenza. 2) Pubblico ufficiale o persona incaricata di un pubblico servizio, che, violando i doveri inerenti alle funzioni o al servizio, o comunque abusando della sua qualità, agevola colposamente la conoscenza, da parte di terzi incompetenti a conoscere notizie d'ufficio che debbono rimanere segrete. Quale/quali delle citate situazioni configurano il delitto di Rivelazione ed utilizzazione di segreti di ufficio di cui all'art. 326 del c.p.?",Nessuna.,Solo la situazione 1).,Entrambe.,,C,Diritto_Amministrativo,false,,,,2026-05-15 21:10:33.313064,false,
1778837350936-10,"Nella contabilità pubblica, i c.d. “residui attivi” assolutamente inesigibili:","Vengono eliminati dalle scritture contabili con decreto ministeriale, al termine di apposito procedimento amministrativo. Tali decreti sono registrati dalla Ragioneria Generale dello Stato.","Vengono eliminati dalle scritture contabili con decreto ministeriale, al termine di apposito procedimento amministrativo. Tali decreti sono registrati dalla Corte dei Conti.","Vengono eliminati dalle scritture contabili con decreto ministeriale, al termine di apposito procedimento amministrativo. Tali decreti sono registrati dalla Tesoreria dello Stato.",,B,Diritto_Amministrativo,false,,,,2026-05-15 21:10:33.313064,false,
1778837350936-11,"Nell’ambito della variazione del rapporto tra debito e Prodotto Interno Lordo (PIL), cosa si intende con l’espressione “effetto valanga” (o “snowball effect”)?",Si tratta dell’effetto sulla variazione del rapporto Debito/Pil attribuibile alla differenza tra tasso di decrescita del PIL e del tasso di interesse nominali.,Si tratta dell’effetto sulla variazione del rapporto Debito/Pil attribuibile alla differenza tra tasso di crescita del PIL e del tasso di interesse nominali.,Si tratta dell’effetto sulla variazione del rapporto Debito/Pil attribuibile alla differenza tra tasso di crescita del Pil e del tasso di interesse non nominale.,,B,Diritto_Amministrativo,false,,,,2026-05-15 21:10:33.313064,false,
1778837350936-12,"La seconda sezione del Documento di Economia e Finanza, contiene un'indicazione delle previsioni a politiche invariate per i principali aggregati del conto economico delle amministrazioni pubbliche riferite:",Almeno al solo anno corrente.,Almeno al triennio successivo.,Almeno al quadriennio successivo.,,C,Diritto_Amministrativo,false,,,,2026-05-15 21:10:33.313064,false,
1778837350936-13,Cosa si intende per “classificazione economica del bilancio”?,Si tratta della classificazione delle entrate e delle uscite del bilancio pubblico in cui le voci sono articolate a prescindere dalla natura economica delle stesse.,Si tratta della classificazione delle entrate del bilancio pubblico in cui le voci sono articolate a seconda della natura economica delle stesse. La classificazione delle uscite del bilancio pubblico non può avvenire valutando la natura economica delle stesse.,Si tratta della classificazione delle entrate e delle uscite del bilancio pubblico in cui le voci sono articolate a seconda della natura economica delle stesse.,,C,Diritto_Amministrativo,false,,,,2026-05-15 21:10:33.313064,false,
1778837350936-14,"Il D.Lgs. 30/03/2001, n. 165, recante Norme generali sull'ordinamento del Lavoro alle dipendenze delle amministrazioni pubbliche, stabilisce che le disposizioni dell'art. 5, relativo al potere di organizzazione:",si applicano anche alle società miste a prevalente capitale pubblico.,non si applicano alle Autorità amministrative indipendenti ed alle società miste a prevalente capitale privato.,si applicano anche alle Autorità amministrative indipendenti.,,C,Diritto_Amministrativo,false,,,,2026-05-15 21:10:33.313064,false,
1778837350936-15,"A norma dell'art. 2 del decreto legislativo n. 286/1999, il controllo interno di regolarità amministrativa e contabile nelle pubbliche amministrazioni:",Non comprende verifiche da effettuarsi in via preventiva se non nei casi espressamente previsti dalla legge.,Non comprende verifiche da effettuarsi in via successiva se non nei casi espressamente previsti dalla legge.,"Comprende verifiche da effettuarsi sia in via preventiva che in via successiva, in base ai sistemi previsti dalle pubbliche amministrazioni nell'ambito della rispettiva autonomia.",,A,Diritto_Amministrativo,false,,,,2026-05-15 21:10:33.313064,false,
1778837350936-16,"Ai sensi dell'art. 7 del decreto legislativo n. 150/2009, è corretto affermare che la funzione di misurazione e valutazione delle performance è svolta anche dai cittadini o dagli altri utenti finali?","No, è svolta solo dai dirigenti di ciascuna amministrazione.","Sì, in rapporto alla qualità dei servizi resi dall'amministrazione, partecipando alla valutazione della performance organizzativa dell'amministrazione.","No, è svolta solo dagli Organismi indipendenti di valutazione.",,B,Diritto_Amministrativo,false,,,,2026-05-15 21:10:33.313064,false,
1778837350936-17,"La legge 20/1994 stabilisce che nel giudizio di responsabilità dei soggetti sottoposti alla giurisdizione della Corte dei Conti in materia di contabilità pubblica, qualora la prescrizione del diritto al risarcimento sia maturata a causa di omissione o ritardo della denuncia del fatto, l'azione nei confronti dei soggetti che hanno omesso o ritardato la denuncia è proponibile:",Entro sette anni dalla data dalla data di commissione del fatto dannoso.,Entro tre anni dalla data in cui la prescrizione è maturata.,Entro cinque anni dalla data in cui la prescrizione è maturata.,,C,Diritto_Amministrativo,false,,,,2026-05-15 21:10:33.313064,false,
1778837350936-18,"Fermo restando gli ulteriori obblighi e le conseguenti ipotesi di responsabilità disciplinare dei pubblici dipendenti previsti da norme di legge, di regolamento o dai contratti collettivi, la violazione degli obblighi previsti dal Codice di comportamento dei dipendenti pubblici (art. 16, D.P.R. n. 62/2013):",È fonte di responsabilità disciplinare accertata all'esito del procedimento disciplinare.,Non può dar luogo anche a responsabilità penale.,Non può dar luogo anche a responsabilità civile.,,A,Diritto_Amministrativo,false,,,,2026-05-15 21:10:33.313064,false,
1778837350936-19,"In base alla legge 20 n. /1994, la responsabilità dei soggetti sottoposti alla giurisdizione della Corte dei conti in materia di contabilità pubblica:","È personale e si estende ai fatti ed alle omissioni commessi anche con colpa lieve, ferma restando l'insindacabilità nel merito delle scelte discrezionali.","È personale e limitata ai fatti ed alle omissioni commessi con dolo o con colpa grave, ferma restando l'insindacabilità nel merito delle scelte discrezionali.",È personale e si estende anche alle scelte discrezionali di merito.,,B,Diritto_Amministrativo,false,,,,2026-05-15 21:10:33.313064,false,
1778837350936-20,"Con riferimento ai rapporti fra procedimento disciplinare e procedimento penale (art. 55-ter, TUPI), se il procedimento disciplinare si conclude con l'archiviazione ed il processo penale con una sentenza irrevocabile di condanna, l’ufficio competente per i procedimenti disciplinari:",Ha il potere discrezionale di riaprire o meno il procedimento disciplinare concluso.,Ha l'obbligo di riaprire il procedimento disciplinare solo nel caso in cui dall'esito del giudizio penale risulti che la sanzione disciplinare da applicare era il licenziamento senza preavviso.,Riapre il procedimento disciplinare per adeguare le determinazioni conclusive all'esito del giudizio penale.,,C,Diritto_Amministrativo,false,,,,2026-05-15 21:10:33.313064,false,
1778837350936-21,"È corretto affermare, ai sensi dell'art. 14 del decreto legislativo n. 300/1999 (Riforma dell'organizzazione del Governo), che sono attribuite al Ministero dell'interno le funzioni e i compiti spettanti allo Stato in materia, tra l'altro, di prevenzione incendi?","Sì, le funzioni e i compiti in materia di prevenzione incendi spettano esclusivamente al Ministero dell'interno.","Sì, salve le specifiche competenze in materia del Presidente del Consiglio dei Ministri.","No, le funzioni e i compiti in materia di prevenzione incendi spettano esclusivamente al Presidente del Consiglio dei Ministri.",,B,Diritto_Amministrativo,false,,,,2026-05-15 21:10:33.313064,false,
1778837350936-22,"A quale Dipartimento fa capo lo svolgimento delle funzioni e dei compiti spettanti al Ministero dell'interno per la promozione, sostegno e monitoraggio degli interventi a garanzia della legalità territoriale, ai sensi del D.P.R. n. 78/2019 (Regolamento recante l'organizzazione degli Uffici centrali di livello dirigenziale generale del Ministero dell'interno)?",Al Dipartimento della pubblica sicurezza.,Al Dipartimento per le libertà civili e l'immigrazione.,Al Dipartimento per gli affari interni e territoriali.,,C,Diritto_Amministrativo,false,,,,2026-05-15 21:10:33.313064,false,
1778837350936-23,"Nel caso in cui non vengano assunte dai responsabili delle strutture amministrative periferiche dello Stato, nel termine indicato, le necessarie iniziative previste dall'articolo 11, comma 4, del decreto legislativo n. 300/1999, volte ad evitare un grave pregiudizio alla qualità dei servizi resi alla cittadinanza, il Prefetto può provvedere direttamente?","Sì, previa autorizzazione del Ministro dell'interno.","Sì, previo assenso del Ministro competente per materia e informandone preventivamente il Presidente del Consiglio dei Ministri.","No, deve sempre essere autorizzato dal Ministro competente per materia.",,B,Diritto_Amministrativo,false,,,,2026-05-15 21:10:33.313064,false,
1778837350936-24,"Nell'esercizio delle funzioni di coordinamento previste dall'articolo 11, commi 2 e 3, del decreto legislativo n. 300/1999, il Prefetto può richiedere ai responsabili delle strutture amministrative periferiche dello Stato, anche con interventi diretti, l'adozione di provvedimenti volti ad evitare un grave pregiudizio alla qualità dei servizi resi alla cittadinanza anche ai fini del rispetto della leale collaborazione con le autonomie territoriali?","No, può farlo solo con interventi diretti.",Sì.,"No, può richiedere l'adozione dei predetti provvedimenti solo in sede di conferenza provinciale permanente.",,B,Diritto_Amministrativo,false,,,,2026-05-15 21:10:33.313064,false,
1778837350936-25,"Tra le strutture organizzative del Ministero dell’interno rientrano i Dipartimenti i quali sono articolati in Direzioni generali e, a volta, anche in Uffici centrali, Uffici di diretta collaborazione con il Capo Dipartimento e Segreterie: presso quale Dipartimento è allocata la Direzione Centrale per i Servizi Demografici?",Dipartimento per la Pubblica sicurezza.,Dipartimento per gli Affari interni e territoriali.,Dipartimento per le Libertà civili e l'Immigrazione.,,B,Diritto_Amministrativo,false,,,,2026-05-15 21:10:33.313064,false,
1778837350936-26,Completare la seguente proporzione. Se milligrammo sta a peso allora è logico che ..?.. stia a ..?...,Oncia - capacità e volume.,Peso - decigrammo.,Miglio terrestre - lunghezza.,,C,Logica,false,,,,2026-05-15 21:10:33.313064,false,
1778837350936-27,Quale dei seguenti termini può essere inserito tra le parentesi assumendo un significato associabile sia al termine che precede che a quello che segue? Cavallo (...?...) Integratore.,Ferro.,Vapore.,Dieta.,,A,Logica,false,,,,2026-05-15 21:10:33.313064,false,
1778837350936-28,Nella famiglia Rossi sono tutti figli unici. Il figlio del nonno del padre del nipote di Damiano Rossi è:,Damiano Rossi.,Il padre di Damiano Rossi.,Il figlio di Damiano Rossi.,,A,Logica,false,,,,2026-05-15 21:10:33.313064,false,
1778837350936-29,"Se «Anna nelle occasioni importanti indossa un bellissimo abito a fiori» e «oggi è un'occasione importante», si può logicamente concludere che....",Non è possibile stabilire con certezza se oggi Anna indossa un abito a fiori.,Oggi Anna indossa sicuramente un bellissimo abito a fiori.,L'abito a fiori è sicuramente di Anna.,,B,Logica,false,,,,2026-05-15 21:10:33.313064,false,
1778837350936-30,Martedì - Venerdì = _______ come _______ = Mesi.,Giorni / Settembre - Dicembre.,Giorni / Anno.,Agosto - Novembre / Anni.,,A,Logica,false,,,,2026-05-15 21:10:33.313064,false,
1778837350936-31,"Chi ama la natura va in bicicletta. Tutti i ciclisti professionisti vanno in bicicletta. Mirella ama la natura. Se le precedenti affermazioni sono corrette, quale delle seguenti affermazioni NON rappresenta una conclusione corretta?",Non si può escludere che tutti i ciclisti professionisti amino la natura.,Tutti coloro che vanno in bicicletta amano la natura.,Mirella va in bicicletta.,,B,Logica,false,,,,2026-05-15 21:10:33.313064,false,
1778837350936-32,"Supponendo che: la distanza stradale tra Chieti e L'Aquila sia 128 km, tra L'Aquila e Pescara 120 km, tra Pescara e Teramo 66 km. Quanti km vengono percorsi da Chieti a Teramo?",Km 314.,Km 248.,Km 324.,,A,Logica,false,,,,2026-05-15 21:10:33.313064,false,
1778837350936-33,_____ sta a Insetto come Cinghiale sta a _____.,Scarabeo - Anfibio.,Tacchino - Mammifero.,Zanzara - Mammifero.,,C,Logica,false,,,,2026-05-15 21:10:33.313064,false,
1778837350936-34,"A norma del disposto di cui al co. 8, art. 33, d.lgs. n. 36/2023, le offerte che la stazione appaltante ha giudicato anormalmente basse sono considerate:",Inaccettabili.,Irregolari.,Inadeguate.,,A,Diritto_Amministrativo,false,,,,2026-05-15 21:10:33.313064,false,
1778837350936-35,"Chiunque, non adempiendo gli obblighi che gli derivano da un contratto di fornitura concluso con lo Stato, o con un altro ente pubblico, ovvero con un'impresa esercente servizi pubblici o di pubblica necessità, fa mancare, in tutto o in parte, cose od opere, che siano necessarie a uno stabilimento pubblico o ad un pubblico servizio commette il delitto di cui all'art. 355, c.p., ovvero:",Interruzione di un pubblico servizio.,Omissione di doveri d'ufficio.,Inadempimento di contratti di pubbliche forniture.,,C,Diritto_Amministrativo,false,,,,2026-05-15 21:10:33.313064,false,
1778837350936-36,"Le limitazioni di cui all’art. 32, comma 2, della Legge del 31 dicembre 2009, n. 196, in materia di esercizio provvisorio:",si intendono riferite sia alle autorizzazioni di impegno sia a quelle di pagamento.,si intendono riferite soltanto alle autorizzazioni di impegno e non a quelle di pagamento.,non si intendono riferite alle autorizzazioni di impegno o a quelle di pagamento.,,A,Diritto_Amministrativo,false,,,,2026-05-15 21:10:33.313064,false,
1778837350936-37,"Indicare quale/i delle seguenti affermazioni è/sono conforme/i al disposto dell'art. 6 del decreto legislativo n. 165/2001 relativo all'organizzazione degli uffici e ai fabbisogni di personale delle amministrazioni pubbliche: 1) Le amministrazioni pubbliche che non provvedono agli adempimenti di cui al predetto articolo non possono assumere nuovo personale; 2) Le amministrazioni pubbliche definiscono l'organizzazione degli uffici per le finalità indicate all'articolo 1, comma 1, del predetto decreto, adottando, in conformità al piano triennale dei fabbisogni di personale, gli atti previsti dai rispettivi ordinamenti, previa informazione sindacale, ove prevista nei contratti collettivi nazionali; 3) Nelle amministrazioni statali, il piano triennale dei fabbisogni di personale, adottato annualmente dall'organo di vertice, è approvato con decreto del Ministro competente, di concerto con il Ministro dell'economia e delle finanze.",La n. 1 e la n. 2.,La n. 1 e la n. 3.,Tutte le tre affermazioni.,,C,Diritto_Amministrativo,false,,,,2026-05-15 21:10:33.313064,false,
1778837350936-38,"A norma del disposto di cui all’art. 55-quinquies, TUPI, è prevista anche la reclusione per il lavoratore che, mediante l'alterazione dei sistemi di rilevamento della presenza o con altre modalità fraudolente, attesta falsamente la propria presenza in servizio?","Si, è prevista solo la reclusione.","No, è prevista la multa.","Si, è prevista sia la reclusione sia la multa.",,C,Diritto_Amministrativo,false,,,,2026-05-15 21:10:33.313064,false,
1778837350936-39,Argomento: struttura organizzativa del Ministero dell’interno a livello provinciale. La garanzia dell'ordine democratico è competenza:,Del Prefetto.,Del Sindaco della città con maggiore densità di popolazione.,Del Questore.,,A,Diritto_Amministrativo,false,,,,2026-05-15 21:10:33.313064,false,
1778837350936-7,In ordine al delitto di interruzione di un servizio pubblico o di pubblica necessità (art. 331 c.p.) è giuridicamente corretto affermare che:,La pena è della reclusione da tre a dieci anni.,"È volto a garantire la continuità dell'azione amministrativa rispetto a condotte, individuali o collettive, di abbandono, astensione, interruzione della propria attività da parte di chi esercita imprese di servizi pubblici o di pubblica necessità.",Le persone offese sono i soli cittadini che possono essere danneggiati.,,B,Diritto_Amministrativo,false,,,,2026-05-15 21:10:33.313064,false,
1778837350936-8,"Di quale delitto, di cui all'art. 317 c.p., sono propri il costringimento, la dazione o la promessa indebite?",Concussione.,Indebita percezione di erogazioni pubbliche.,Peculato.,,A,Diritto_Amministrativo,false,,,,2026-05-15 21:10:33.313064,false,
1778837350936-9,Gli importi dei fondi speciali destinati alla copertura finanziaria di provvedimenti legislativi che si prevede siano approvati nel corso degli esercizi finanziari compresi nel bilancio pluriennale ed in particolare di quelli correlati al perseguimento degli obiettivi indicati nel Documento di Economia e Finanza (DEF):,Sono indicati nella seconda sezione della legge di bilancio.,Sono indicati nella prima sezione della legge di bilancio.,Sono indicati nella terza sezione della legge di bilancio.,,B,Diritto_Amministrativo,false,,,,2026-05-15 21:10:33.313064,false,
1778837357747-1,"Durante un’importante riunione, vieni criticato pubblicamente da un collega per una decisione presa. Come gestisci la situazione mantenendo professionalità e controllo emotivo?","Accetto la critica senza reagire emotivamente e offro una breve spiegazione delle mie scelte, proponendo di approfondire in privato.","Rimango in silenzio, evitando di rispondere immediatamente per non creare ulteriore tensione, rimandando il chiarimento ad un secondo momento.","Rispondo in modo calmo e professionale, spiegando le ragioni della mia decisione e proponendo di discutere eventuali divergenze in un incontro successivo per non deviare l'attenzione della riunione.",,,Situazionali,true,C,A,B,2026-05-15 21:10:33.313064,false,
1778837357747-2,"Come imposti una strategia per adattare i servizi pubblici all’evoluzione tecnologica, tenendo conto delle esigenze future dei cittadini?","Suggerisco l’adozione di tecnologie graduali basate su un'analisi delle priorità, con una particolare attenzione alla riduzione dei rischi legati all'implementazione.",Definisco una strategia di sviluppo tecnologico che tenga conto delle tendenze emergenti e delle esigenze future dei cittadini. Prevedo la formazione continua dei dipendenti e investimenti in infrastrutture tecnologiche.,"Adotto un approccio graduale, introducendo le tecnologie emergenti in base alla loro disponibilità. Credo che l'evoluzione tecnologica possa essere gestita con gli strumenti già presenti, senza dover pianificare cambiamenti radicali immediati.",,,Situazionali,true,B,A,C,2026-05-15 21:10:33.313064,false,
1778837357747-3,"Durante una presentazione davanti ai dirigenti, ti accorgi che il pubblico non sembra comprendere i concetti chiave che stai esponendo. Come adatti il tuo stile comunicativo per chiarire meglio le informazioni?","Chiedo ai dirigenti se ci sono aspetti poco chiari e fornisco ulteriori dettagli sui punti principali, cercando di non alterare troppo la struttura della presentazione.","Continuo con la presentazione come previsto, sperando che i dirigenti comprendano meglio i concetti nella seconda parte e lasciandogli modo di chiedere a fine presentazione.","Rivedo il mio approccio, semplifico il linguaggio e utilizzo esempi pratici per rendere i concetti più accessibili. Chiedo feedback durante la presentazione per verificare la comprensione.",,,Situazionali,true,C,A,B,2026-05-15 21:10:33.313064,false,
1778837357747-4,Stai gestendo un progetto che sembra richiedere più tempo del previsto per alcune attività chiave. Come affronti questa situazione?,"Proseguo secondo il piano originale, faccio pressione ai membri del team affinché rispettivo le scadenze imposte.",Analizzo le attività in ritardo e propongo al team di stabilire delle priorità per ridurre l’impatto sui tempi di consegna complessivi. Propongo anche di rinviare alcune scadenze secondarie.,Convoco un incontro con il team per rivedere le attività in ritardo e cercare soluzioni per accelerare il processo. Redistribuisco il lavoro se necessario e fornisco supporto per risolvere i problemi che hanno causato il ritardo.,,,Situazionali,true,C,B,A,2026-05-15 21:10:33.313064,false,
1778837357747-5,"In vista di un cambiamento normativo, intravedi la possibilità di anticipare una riforma amministrativa. Come agisci per portare avanti la tua idea?","Faccio una verifica dell’impatto della normativa e condivido le mie osservazioni con i superiori, suggerendo di considerare una possibile riforma a medio termine.","Propongo una revisione completa del processo interno, redigendo una relazione sui possibili impatti della nuova norma e suggerendo riforme che anticipano i possibili impatti organizzativi",Aspetto che la normativa venga implementata completamente prima di proporre eventuali modifiche ai processi interni.,,,Situazionali,true,B,A,C,2026-05-15 21:10:33.313064,false,
1778837357747-6,Ti viene assegnato un progetto particolarmente impegnativo e innovativo. Come ti comporti per proporre soluzioni innovative che possano migliorare l’efficacia del progetto?,"Procedo con le soluzioni già conosciute, evitando di proporre innovazioni che potrebbero comportare rischi o difficoltà nella gestione.","Analizzo le soluzioni tradizionali e le confronto con quelle innovative, proponendo solo le novità che ritengo sicure e applicabili al contesto amministrativo.","Studio a fondo nuove tecnologie o metodologie e propongo un piano innovativo per aumentare l’efficienza del progetto, testando le soluzioni proposte prima di implementarle.",,,Situazionali,true,C,B,A,2026-05-15 21:10:33.313064,false,
1778837357748-7,Un dipendente ha difficoltà a lavorare in team e preferisce attività individuali. Come lo aiuti ad adattarsi?,Organizzo sessioni di team building per migliorare la coesione del gruppo e assegno al dipendente ruoli collaborativi con obiettivi di gruppo per esercitare le sue abilità di lavoro di squadra.,Continuo ad assegnargli attività individuali senza tentare di migliorarne la capacità di lavorare in team.,"Assegno al dipendente qualche attività di gruppo occasionale per farlo adattare lentamente al lavoro di squadra, monitorando il suo comportamento.",,,Situazionali,true,A,C,B,2026-05-15 21:10:33.313064,false,
1778838526918-1,Un problema di malfunzionamento delle infrastrutture causa disagi ai cittadini. Come gestisci e risolvi la situazione?,"Coordino un intervento per riparare l’infrastruttura e comunico pubblicamente il problema, specificando le misure prese e fornendo una tempistica di ripristino.",Contatto i tecnici responsabili e chiedo una stima dei tempi di riparazione. Informo i cittadini delle cause del problema e suggerisco soluzioni temporanee.,"Contatto il team tecnico e gli affido il ripristino delle infrastrutture, confidando che si occuperà efficacemente del problema.",,,Situazionali,true,A,B,C,2026-05-15 21:10:33.313064,false,
1778838526918-2,Ricevi feedback negativo sulla tua capacità di lavorare in squadra. Come reagisci?,Cerco di essere più collaborativo nelle prossime attività di gruppo dando importanza ai feedback dei colleghi.,"Ascolto il feedback ma non mi rispecchio pienamente nelle critiche, quindi cerco di non dare troppo peso alla questione.",Chiedo ai membri del team specifiche aree di miglioramento e lavoro per migliorare la mia capacità collaborativa.,,,Situazionali,true,C,A,B,2026-05-15 21:10:33.313064,false,
1778838526918-3,Ti viene assegnata la gestione di un problema complesso che richiede il contributo di più uffici. Come coordineresti le diverse risorse per trovare una soluzione?,"Organizzo incontri regolari tra i vari uffici, definisco responsabilità chiare e metto in atto strumenti di comunicazione per monitorare i progressi e risolvere problemi tempestivamente.",Rispetto l'autonomia dei singoli uffici e lascio che si organizzino autonomamente e intervengo solo se mi segnalano dei problemi.,"Contatto i vari uffici e coordino i contributi individuali, raccogliendo periodicamente aggiornamenti per assicurare la coerenza del progetto.",,,Situazionali,true,A,C,B,2026-05-15 21:10:33.313064,false,
1778838526918-4,"Ti viene chiesto di migliorare l’efficienza di un dipartimento. Come individui i collegamenti tra le risorse disponibili, le procedure e le competenze del personale per ottimizzare i risultati?","Propongo di mantenere l’attuale organizzazione. Confido che l'esperienza e le competenze del personale portino gradualmente a miglioramenti autonomi: se così non sarà, pianificherò delle modifiche strutturali.","Analizzo le risorse e le competenze del personale, rivedo le procedure e riorganizzo le attività per sfruttare al massimo le competenze di ciascuno, prevedendo anche corsi di aggiornamento.",Suggerisco cambiamenti nelle procedure per migliorare l'efficienza e verifico se sono necessari aggiustamenti nelle assegnazioni delle competenze.,,,Situazionali,true,B,C,A,2026-05-15 21:10:33.313064,false,
1778838526918-5,"Durante un controllo interno, emergono diversi errori/incoerenze nei tuoi report. Come ti assicuri di risolvere la situazione rispettando gli standard e mantenendo la fiducia dell’amministrazione?","Correggo le discrepanze e cerco di non perdere troppo tempo nell'indagare sulla loro origine, comunicando il problema solo se richiesto: l'importante è risolvere la situazione.","Mi occupo di correggere le discrepanze, assicurandomi di non ripetere l’errore, e comunico ai superiori che la situazione è stata risolta.","Revisione immediata dei report, identifico e correggo le discrepanze, e implemento misure per evitare che il problema si ripeta in futuro, coinvolgendo il mio team nella soluzione.",,,Situazionali,true,C,B,A,2026-05-15 21:10:33.313064,false,
1778838526918-6,Un imprevisto ha messo a rischio il completamento di un progetto chiave per l'amministrazione. Cosa fai per modificare la tua strategia e garantire il successo?,"Procedo al meglio delle mie possibilità, cercando di minimizzare l'impatto dell'imprevisto senza apportare modifiche significative al piano originale.","Valuto subito l’impatto dell’imprevisto e propongo una nuova strategia, coinvolgendo il team e i superiori per adattarsi rapidamente e garantire il completamento del progetto.","Informo i superiori dell’imprevisto e chiedo il loro supporto per decidere una nuova strategia, aspettando conferma prima di apportare modifiche significative.",,,Situazionali,true,B,C,A,2026-05-15 21:10:33.313064,false,
1778838526918-7,Ti viene comunicato che alcune risorse fondamentali per il progetto sono state tagliate all'ultimo momento. Come gestisci la delusione e l’incertezza senza compromettere la qualità del lavoro?,"Comunico al team i tagli e propongo di rivedere il progetto per adattarci alle nuove risorse disponibili, cercando di mantenere la qualità.","Riorganizzo il piano di lavoro per ottimizzare le risorse rimaste e informo il team delle modifiche, mantenendo la concentrazione sugli obiettivi principali.","Informo il team in maniera trasparente del taglio delle risorse, esprimendo disappunto, ma promettendo comunque il massimo impegno, metto però in conto che il lavoro non potrà avere la stessa qualità.",,,Situazionali,true,B,A,C,2026-05-15 21:10:33.313064,false,
1778838531792-1,Quali sono le conseguenze della rimozione del Presidente della Giunta regionale eletto a suffragio universale e diretto?,Le dimissioni della Giunta e lo scioglimento del Consiglio.,La nomina di un altro Presidente da parte del Consiglio.,"Lo scioglimento del Consiglio, ma non le dimissioni della Giunta.",,A,Diritto_Amministrativo,false,,,,2026-05-15 21:10:33.313064,false,
1778838531792-10,Il Conto riassuntivo del Tesoro costituisce la rendicontazione :,"Semestrale delle riscossioni e dei pagamenti relativi al servizio di tesoreria statale, riguardante sia la gestione del bilancio dello Stato sia quella della tesoreria statale.","Mensile delle riscossioni e dei pagamenti relativi al servizio di tesoreria statale, riguardante sia la gestione del bilancio dello Stato sia quella della tesoreria statale.","Trimestrale delle riscossioni e dei pagamenti relativi al servizio di tesoreria statale, riguardante sia la gestione del bilancio dello Stato sia quella della tesoreria statale.",,B,Diritto_Amministrativo,false,,,,2026-05-15 21:10:33.313064,false,
1778838531792-11,Cosa si intende per stagflazione?,È la situazione di un’economia che soffre contemporaneamente di un’elevata inflazione e di una crescita bassa o nulla.,È la situazione di un’economia in cui la rapida crescita economica è accompagnata da un’elevata inflazione.,È la situazione di un’economia soggetta ad una forte espansione a seguito di un periodo di recessione.,,A,Diritto_Amministrativo,false,,,,2026-05-15 21:10:33.313064,false,
1778838531792-12,"Il conto del bilancio, in relazione alla classificazione del bilancio, comprende:",Esclusivamente la gestione dei residui attivi degli esercizi anteriori.,Esclusivamente la gestione dei residui passivi degli esercizi anteriori.,La gestione dei residui attivi e passivi degli esercizi anteriori.,,C,Diritto_Amministrativo,false,,,,2026-05-15 21:10:33.313064,false,
1778838531792-13,"Nella contabilità pubblica, cosa si intende per perenzione amministrativa?","La perenzione amministrativa è un istituto caratteristico della contabilità pubblica, secondo il quale i residui attivi che non vengono pagati entro un certo tempo a partire dall'esercizio a cui si riferiscono vengono eliminati dal bilancio dello Stato e iscritti nel Conto del Patrimonio dello Stato tra le passività.","La perenzione amministrativa è un istituto caratteristico della contabilità pubblica, secondo il quale i residui passivi che non vengono pagati entro un certo tempo a partire dall'esercizio a cui si riferiscono vengono eliminati dal bilancio dello Stato e iscritti nel Conto del Patrimonio dello Stato tra le attività.","La perenzione amministrativa è un istituto caratteristico della contabilità pubblica, secondo il quale i residui passivi che non vengono pagati entro un certo tempo a partire dall'esercizio a cui si riferiscono vengono eliminati dal bilancio dello Stato e iscritti nel Conto del Patrimonio dello Stato tra le passività.",,C,Diritto_Amministrativo,false,,,,2026-05-15 21:10:33.313064,false,
1778838531792-14,"Il D.Lgs. 165/2001, recante Norme generali sull'ordinamento del Lavoro alle dipendenze delle amministrazioni pubbliche, stabilisce che, nelle pubbliche amministrazioni, la direzione e l'organizzazione del lavoro nell'ambito degli uffici sono assunte dagli organi preposti alla gestione:","con la capacità e i poteri del datore di lavoro pubblico, garantendo sempre la partecipazione sindacale anche con riferimento agli atti interni di organizzazione aventi riflessi sul rapporto di lavoro.","con la capacità e i poteri del privato datore di lavoro, fatta salva la preventiva informazione ai sindacati, sempre obbligatoria.","con la capacità e i poteri del privato datore di lavoro, fatte salve la sola informazione ai sindacati ovvero le ulteriori forme di partecipazione, ove previsti nei contratti collettivi nazionali.",,C,Diritto_Amministrativo,false,,,,2026-05-15 21:10:33.313064,false,
1778838531792-15,"Indicare quale/i delle seguenti affermazioni è/sono conforme/i al disposto dell'art. 4 del decreto legislativo n. 150/2009 relativo al controllo di gestione: 1) Ai fini del controllo di gestione, ciascuna amministrazione pubblica definisce le unità organizzative a livello delle quali si intende misurare l'efficacia, efficienza ed economicità dell'azione amministrativa; 2) Ai fini del controllo di gestione, ciascuna amministrazione pubblica definisce le procedure di determinazione degli obiettivi gestionali e dei soggetti responsabili; 3) Ai fini del controllo di gestione, ciascuna amministrazione pubblica definisce l'insieme dei prodotti e delle finalità dell'azione amministrativa, con riferimento all'intera amministrazione o a singole unità organizzative.",Tutte le tre affermazioni.,La n. 1 e la n. 2.,La n. 1 e la n. 3.,,A,Diritto_Amministrativo,false,,,,2026-05-15 21:10:33.313064,false,
1778838531792-16,"Quale dei seguenti organi non provvede ai controlli interni di regolarità amministrativa e contabile, secondo quanto previsto dall'art. 2 del decreto legislativo n. 286/1999?",Gli organi di revisione.,Gli organismi indipendenti di valutazione.,Gli uffici di ragioneria.,,B,Diritto_Amministrativo,false,,,,2026-05-15 21:10:33.313064,false,
1778838531792-17,Per espressa previsione di cui all’art. 5 del D.P.R. n. 62/2013 afferente la partecipazione ad associazioni e organizzazioni è corretto affermare che:,"Nel rispetto della disciplina vigente del diritto di associazione, il dipendente comunica tempestivamente al responsabile dell'ufficio di appartenenza la propria appartenenza ad organizzazioni, a prescindere dal loro carattere riservato o meno, i cui ambiti di interessi possano interferire con lo svolgimento dell'attività dell'ufficio anche se si tratti di sindacati.","Nel rispetto della disciplina vigente del diritto di associazione, il dipendente comunica tempestivamente al responsabile dell'ufficio di appartenenza la propria adesione o appartenenza ad associazioni od organizzazioni, a prescindere dal loro carattere riservato o meno, i cui ambiti di interessi possano interferire con lo svolgimento dell'attività dell'ufficio, salvo che si tratti di partiti politici o sindacati.",Il pubblico dipendente può sollecitare altri dipendenti ad aderire ad associazioni od organizzazioni promettendo vantaggi o prospettando svantaggi di carriera.,,B,Diritto_Amministrativo,false,,,,2026-05-15 21:10:33.313064,false,
1778838531792-18,Responsabilità amministrativa - Responsabilità contabile. La responsabilità amministrativa:,"Si fonda sul maneggio, di diritto o di fatto, del denaro o in genere dei valori della pubblica amministrazione.",Deriva dall'inadempimento di un obbligo di restituire valori avuti in consegna.,Presuppone in ogni caso un rapporto di servizio.,,C,Diritto_Amministrativo,false,,,,2026-05-15 21:10:33.313064,false,
1778838531792-19,"A norma dell’art. 55-quater del D.Lgs. 165/2001, la sanzione del licenziamento disciplinare senza preavviso si applica, tra l’altro, nei casi di:","Insufficiente rendimento, dovuto alla reiterata violazione degli obblighi concernenti la prestazione lavorativa, stabiliti da norme legislative o regolamentari, dal contratto collettivo o individuale, da atti e provvedimenti dell'amministrazione di appartenenza, e rilevato dalla costante valutazione negativa della performance del dipendente per ciascun anno dell'ultimo triennio.","Falsa attestazione della presenza in servizio, mediante l'alterazione dei sistemi di rilevamento della presenza o con altre modalità fraudolente, ovvero giustificazione dell'assenza dal servizio mediante una certificazione medica falsa o che attesta falsamente uno stato di malattia.",Reiterazione nell'ambiente di lavoro di gravi condotte aggressive o moleste o minacciose o ingiuriose o comunque lesive dell'onore e della dignità personale altrui.,,B,Diritto_Amministrativo,false,,,,2026-05-15 21:10:33.313064,false,
1778838531792-2,Il Titolo V della Costituzione opera una netta distinzione tra potestà legislativa esclusiva dello Stato e potestà legislativa concorrente delle Regioni. Per quale materia è riconosciuta allo Stato una potestà legislativa esclusiva e piena?,Sistema valutario.,Enti di credito fondiario e agrario a carattere regionale.,Commercio con l'estero.,,A,Diritto_Amministrativo,false,,,,2026-05-15 21:10:33.313064,false,
1778838531792-20,"A norma della legge 20/1994, nel caso di atti che rientrano nella competenza propria degli uffici tecnici o amministrativi, la responsabilità dei soggetti sottoposti alla giurisdizione della Corte dei conti in materia di contabilità pubblica:",Non si estende in alcun caso ai titolari degli organi politici che li abbiano approvati ovvero ne abbiano autorizzato o consentito l'esecuzione.,Si estende ai titolari degli organi politici anche se essi in buona fede abbiano approvati gli atti o ne abbiano autorizzato o consentito l'esecuzione.,Non si estende ai titolari degli organi politici che in buona fede li abbiano approvati ovvero ne abbiano autorizzato o consentito l'esecuzione.,,C,Diritto_Amministrativo,false,,,,2026-05-15 21:10:33.313064,false,
1778838531792-21,"Con riferimento alla struttura organizzativa del Ministero dell’interno, l'assetto interno degli Uffici di diretta collaborazione è determinato:",Con legge ordinaria dello Stato.,"Con decreto del Ministro, di natura regolamentare.","Con decreto del Ministro, di natura non regolamentare.",,C,Diritto_Amministrativo,false,,,,2026-05-15 21:10:33.313064,false,
1778838531792-22,"La struttura organizzativa del Ministero dell’interno è articolata in Dipartimenti: quale di questi è titolare di tutte le attività connesse alla gestione dell'ordine e della sicurezza pubblica, al coordinamento tecnico-operativo delle Forze di polizia, alla direzione e amministrazione della Polizia di Stato, alla direzione e gestione dei supporti tecnici?",Dipartimento per le Libertà civili e l’immigrazione.,Dipartimento per gli Affari interni e territoriali.,Dipartimento per la Pubblica sicurezza.,,C,Diritto_Amministrativo,false,,,,2026-05-15 21:10:33.313064,false,
1778838531792-23,"Il capo del Corpo nazionale dei vigili del fuoco è componente del Comitato nazionale dell'ordine e della sicurezza pubblica, in base alle disposizione dell'art. 18 della Legge n. 121/1981?","No, è componente il capo del Corpo nazionale dei vigili del fuoco.",Sì.,"No, è componente l'ispettore generale del Corpo delle capitanerie di porto.",,B,Diritto_Amministrativo,false,,,,2026-05-15 21:10:33.313064,false,
1778838531792-24,"I sindaci di comuni diversi dal comune capoluogo sono componenti, tra gli altri, del Comitato provinciale per l'ordine e la sicurezza pubblica, secondo quanto previsto dall'art. 20 della Legge n. 121/1981?",No.,"No, oltre al sindaco del comune capoluogo è componente il presidente della provincia che ha competenza sulle questioni riferibili agli ambiti territoriali dei comuni diversi dal comune capoluogo.","Sì, se interessati, quando devono trattarsi questioni riferibili ai rispettivi ambiti territoriali.",,C,Diritto_Amministrativo,false,,,,2026-05-15 21:10:33.313064,false,
1778838531792-25,"Nell’ambito della struttura organizzativa del Ministero dell’interno, gli sono attribuite tutte le funzioni esercitate dallo Stato a livello periferico. Cura i rapporti con il sistema delle autonomie locali e, per tale attività, è coadiuvato da una Conferenza permanente, che presiede, composta anche dai dirigenti delle strutture periferiche regionali dello Stato: di quale organo si tratta?",Del Prefetto.,Del Questore.,Del comandante della stazione dei carabinieri locale.,,A,Diritto_Amministrativo,false,,,,2026-05-15 21:10:33.313064,false,
1778838531792-26,Completare la proporzione. Se Pasticciere sta a Artigiano allora è logico che ..?.. stia a ..?...,Pescatore - Tonnarotto.,Cassiera - Impiegata.,Operaio - Saldatore.,,B,Logica,false,,,,2026-05-15 21:10:33.313064,false,
1778838531792-27,"A è tennista, B pugile, C sciatore, D velista. Ognuno affronta un altro in uno sport in cui nessuno dei due eccelle. Se A affronta C nella vela, mentre B affronta A nello sci, in quale sport possono sfidarsi C e D?",Pugilato o sci.,Tennis o pugilato.,Vela o tennis.,,B,Logica,false,,,,2026-05-15 21:10:33.313064,false,
1778838531792-28,Completare la seguente serie: AO - BIO - CAVA - DIRAI - ....,LATINA.,ELISIR.,PALATO.,,C,Logica,false,,,,2026-05-15 21:10:33.313064,false,
1778838531792-29,Cipresso sta a Albero come ..?.. sta a ..?...,Pesca - Pesco.,Fiore - Primula.,Lampone - Frutto.,,C,Logica,false,,,,2026-05-15 21:10:33.313064,false,
1778838531792-3,"Con riferimento agli elementi del provvedimento amministrativo, l'oggetto:",È la res su cui l'atto amministrativo incide.,Può essere costituito solo da un comportamento o da un fatto ma non da un bene.,"Può anche non possedere il requisito della determinatezza, ma deve possedere quelli della possibilità e liceità.",,A,Diritto_Amministrativo,false,,,,2026-05-15 21:10:33.313064,false,
1778838531792-30,Spontaneo sta a forzato come ? sta a ?.,"Spavaldo, timoroso.","Sparuto, smunto.","Sporadico, saltuario.",,A,Logica,false,,,,2026-05-15 21:10:33.313064,false,
1778838531792-31,Magnetizzare sta ad affascinare come ? sta a ?.,"Maggiorare, ribassare.","Guastare, migliorare.","Magnificare, elogiare.",,C,Logica,false,,,,2026-05-15 21:10:33.313064,false,
1778838531792-32,Individuare il termine che completa logicamente la proporzione. crasi sta a crisi come stile sta a ......,Stili.,Stime.,Stele.,,C,Logica,false,,,,2026-05-15 21:10:33.313064,false,
1778838531792-33,Se LAVAFRUTTA sta a AFRUT ed a 6 allora TEMPERAMATITE sta a....,PERAMATI ed a 6.,PERAMATI ed a 7.,PERAMATE ed a 7.,,B,Logica,false,,,,2026-05-15 21:10:33.313064,false,
1778838531792-4,"Promulgare le leggi - Ratificare i trattati internazionali, previa, quando occorra, l'autorizzazione delle Camere. Quale/quali sono compiti che l'art. 87 della Costituzione attribuisce al Presidente della repubblica?","Ratificare i trattati internazionali, previa, quando occorra, l'autorizzazione delle Camere.",Nessuno.,Entrambi.,,C,Diritto_Amministrativo,false,,,,2026-05-15 21:10:33.313064,false,
1778838531792-5,"A norma del disposto di cui al co. 5, art. 17, d.lgs. n. 36/2023, l'aggiudicazione diventa efficace:",Se a seguito dell'aggiudicazione provvisoria nessuno dei concorrenti presenti ricorso giurisdizionale avverso l'aggiudicazione definitiva con contestuale domanda cautelare.,Trascorsi venti giorni dall'aggiudicazione definitiva.,Dopo la verifica del possesso dei prescritti requisiti.,,C,Diritto_Amministrativo,false,,,,2026-05-15 21:10:33.313064,false,
1778838531792-6,L'art. 326 del c.p. (Rivelazione ed utilizzazione di segreti di ufficio) incrimina quattro distinte figure di reato. Comporta la reclusione da due a cinque anni:,"La rivelazione, o agevolazione, da parte del pubblico ufficiale, della conoscenza, di notizie d'ufficio, che debbano rimanere segrete, a terzi giuridicamente incompetenti (non autorizzati) a conoscerne (1° co. art. 326, c.p.) .","L'utilizzazione, da parte del pubblico ufficiale, di notizie d'ufficio, che debbano rimanere segrete, per procurare a sé o ad altri un ingiusto profitto non patrimoniale o un altrui danno ingiusto (3° co., seconda parte, art. 326, c.p.).","L'utilizzazione, da parte del pubblico ufficiale, di notizie d'ufficio, che debbano rimanere segrete, per procurare a sé o ad altri un indebito profitto patrimoniale (3° co., prima parte, art. 326, c.p.).",,C,Diritto_Amministrativo,false,,,,2026-05-15 21:10:33.313064,false,
1778838531792-7,Il delitto di malversazione di erogazioni pubbliche di cui all'art. 316-bis del c.p. riguarda:,"I contributi, sovvenzioni, finanziamenti, mutui agevolati o altre erogazioni dello stesso tipo ottenuti dal solo Stato o da altro ente pubblico.",I mutui agevolati o altre erogazioni dello stesso tipo ottenuti dal solo Stato o da altro ente pubblico.,"I contributi, sovvenzioni, finanziamenti, mutui agevolati o altre erogazioni dello stesso tipo ottenuti dallo Stato o da altro ente pubblico o dalle Comunità europee.",,C,Diritto_Amministrativo,false,,,,2026-05-15 21:10:33.313064,false,
1778838531792-8,"Quale delitto, dei pubblici ufficiali contro la pubblica amministrazione, è punito con la reclusione da tre a otto anni?","Interesse privato in atti di ufficio (art. 324, c.p.).","Utilizzazione d'invenzioni o scoperte conosciute per ragione di ufficio (art. 325, c.p.).","Corruzione per l'esercizio delle funzioni (art. 318, c.p.).",,C,Diritto_Amministrativo,false,,,,2026-05-15 21:10:33.313064,false,
1778838531792-9,"Il Ministro dell'economia e delle finanze a integrazione del Documento di Economia e Finanza (DEF), trasmette alle Camere un apposito allegato in cui sono riportati i risultati del monitoraggio degli effetti sui saldi di finanza pubblica, sia per le entrate sia per le spese, derivanti dalle misure contenute nelle manovre di bilancio adottate anche in corso d'anno, che il Dipartimento della Ragioneria generale dello Stato e il Dipartimento delle finanze del Ministero dell'economia e delle finanze sono tenuti ad assicurare. Detto allegato deve essere trasmesso:",Entro il 30 settembre di ogni anno.,Entro il 30 giugno di ogni anno.,Entro il 30 dicembre di ogni anno.,,B,Diritto_Amministrativo,false,,,,2026-05-15 21:10:33.313064,false,
1778839295002-1,"Per espressa previsione del combinato disposto di cui gli artt. 2 e 6, del TFUE, nel settore della cooperazione amministrativa:","L'Unione può solo svolgere azioni intese a sostenere, coordinare o completare l'azione degli Stati membri.",L'Unione non può svolgere nessuna azione.,"L'Unione e gli Stati membri possono legiferare e adottare atti giuridicamente vincolanti, ma l'esercizio delle proprie competenze da parte degli Stati membri deve avvenire nel rispetto degli atti dell'Unione.",,A,Diritto_Amministrativo,false,,,,2026-05-15 21:10:33.313064,false,
1778839295002-11,"Nel delitto di concussione dopo la riforma di cui alla L. 6.11.2012, n. 190, costituisce la sola condotta con cui può essere consumato il delitto:",L'induzione.,Il raggiro.,La costrizione.,,C,Diritto_Amministrativo,false,,,,2026-05-15 21:10:33.313064,false,
1778839295002-13,"A norma dell'art. 6 del decreto-legge n. 80/2021, l'obbligo di adottare ogni anno il Piano integrato di attività e organizzazione (PIAO) non si applica alle pubbliche amministrazioni di cui all'articolo 1, comma 2, del decreto legislativo 30 marzo 2001, n. 165, con meno di:",100 dipendenti.,50 dipendenti.,25 dipendenti.,,B,Diritto_Amministrativo,false,,,,2026-05-15 21:10:33.313064,false,
1778839295002-14,"Qual è la sezione del Piano integrato di attività e organizzazione, di cui all'art. 6 del decreto-legge n. 80/2021, dove sono definiti gli strumenti e le fasi per giungere alla piena trasparenza dell'attività e dell'organizzazione amministrativa nonché per raggiungere gli obiettivi in materia di anticorruzione?",Valore pubblico e performance.,Organizzazione e capitale umano.,Monitoraggio.,,A,Diritto_Amministrativo,false,,,,2026-05-15 21:10:33.313064,false,
1778839295002-15,"Entro quale termine di ogni anno deve essere approvato il Piano integrato di attività e organizzazione (PIAO), di cui all'art. 6 del decreto-legge n. 80/2021?",Entro il 31 gennaio.,Entro il 31 marzo.,Entro il 31 dicembre dell'anno precedente a quello di riferimento. Pagina 2 di 13,,A,Diritto_Amministrativo,false,,,,2026-05-15 21:10:33.313064,false,
1778839295002-16,La violazione degli obblighi previsti dal Codice di comportamento dei dipendenti pubblici:,Può dar luogo solo a responsabilità disciplinare.,Integra comportamenti contrari ai doveri d'ufficio e può dar luogo solo a responsabilità amministrativa o contabile.,"Integra comportamenti contrari ai doveri d'ufficio e può dar luogo anche a responsabilità penale, civile, amministrativa o contabile.",,C,Diritto_Amministrativo,false,,,,2026-05-15 21:10:33.313064,false,
1778839295002-17,"Il dipendente pubblico, all'atto dell'assegnazione all'ufficio, deve informare il dirigente dell'ufficio dei rapporti, diretti o indiretti, di collaborazione con soggetti privati in qualunque modo retribuiti che lo stesso abbia o abbia avuto negli ultimi tre anni (art. 6. D.P.R. n. 62/2013)?","Si, precisando, se in prima persona, o suoi parenti o affini entro il primo grado, il coniuge o il convivente abbiano ancora rapporti finanziari con il soggetto con cui ha avuto i predetti rapporti di collaborazione.","No, deve informare il dirigente dell'ufficio limitatamente ai rapporti diretti ancora in atto con soggetti privati in qualunque modo retribuiti che lo stesso abbia.","Si, precisando, tra l’altro, se in prima persona, o suoi parenti o affini entro il secondo grado, il coniuge o il convivente abbiano ancora rapporti finanziari con il soggetto con cui ha avuto i predetti rapporti di collaborazione.",,C,Diritto_Amministrativo,false,,,,2026-05-15 21:10:33.313064,false,
1778839295002-19,"Dispone l'art. 6, D.P.R. n. 62/2013, che il dipendente si deve astenere dal prendere decisioni o svolgere attività inerenti alle sue mansioni in situazioni di conflitto, anche potenziale, di interessi con interessi personali, del coniuge, di conviventi, di parenti, di affini entro il secondo grado. Il conflitto può riguardare:",Interessi di natura esclusivamente patrimoniali.,"Interessi di qualsiasi natura, anche non patrimoniali, esclusi quelli derivanti dall'intento di voler assecondare pressioni politiche, sindacali o dei superiori gerarchici.","Interessi di qualsiasi natura, anche non patrimoniali, come quelli derivanti dall'intento di voler assecondare pressioni politiche, sindacali o dei superiori gerarchici.",,C,Diritto_Amministrativo,false,,,,2026-05-15 21:10:33.313064,false,
1778839295002-20,"Dispone l'art. 5, D.P.R. n. 62/2013 (Codice di comportamento dei dipendenti pubblici) che nel rispetto della disciplina vigente del diritto di associazione, il dipendente deve comunicare tempestivamente la propria adesione o appartenenza ad associazioni od organizzazioni, a prescindere dal loro carattere riservato o meno, i cui ambiti di interessi possano interferire con lo svolgimento dell'attività dell'ufficio. La comunicazione deve essere fatta:",Al responsabile dell'ufficio personale dell'amministrazione.,Al dirigente dell'ufficio disciplinare.,Al responsabile dell'ufficio di appartenenza.,,C,Diritto_Amministrativo,false,,,,2026-05-15 21:10:33.313064,false,
1778839295002-21,"Indicare quale/i delle seguenti affermazioni è/sono conforme/i al vigente disposto degli articoli 14 e 15 del decreto legislativo n. 300/1999 (Riforma dell'organizzazione del Governo): 1) Al Ministero dell'interno sono attribuite le funzioni e i compiti spettanti allo Stato in materia di difesa civile; 2) Il ministero dell'interno svolge le funzioni e i compiti di spettanza statale con riguardo, tra l'altro, alla finanza locale; 3) Il Ministero dell'interno si articola in dipartimenti, il cui numero non può essere superiore a quattro.",La n. 1 e la n. 3.,La n. 1 e la n. 2.,Tutte le tre affermazioni.,,B,Diritto_Amministrativo,false,,,,2026-05-15 21:10:33.313064,false,
1778839295002-23,"A quale Dipartimento fa capo lo svolgimento delle funzioni e dei compiti spettanti al Ministero dell'interno per la prevenzione dei fenomeni di infiltrazione e di condizionamento della criminalità organizzata negli enti locali, ai sensi del D.P.R. n. 78/2019 (Regolamento recante l'organizzazione degli Uffici centrali di livello dirigenziale generale del Ministero dell'interno)?",Al Dipartimento della pubblica sicurezza.,Al Dipartimento per gli affari interni e territoriali.,Al Dipartimento per le libertà civili e l'immigrazione.,,B,Diritto_Amministrativo,false,,,,2026-05-15 21:10:33.313064,false,
1778839295002-26,Chiodo sta a ..?.. come ..?.. sta a Vetro.,Metallo - Bicchiere.,Alluminio - Plastica.,Legno - Cristallo.,,A,Logica,false,,,,2026-05-15 21:10:33.313064,false,
1778839295002-27,In quale dei seguenti gruppi di termini può essere inserito procrastinare?,"Scegliere, decidere, eleggere, optare, preferire.","Rimandare, rinviare, ritardare, posticipare, prorogare.","Consigliare, suggerire, proporre, invitare, raccomandare.",,B,Logica,false,,,,2026-05-15 21:10:33.313064,false,
1778839295002-28,Quali dei seguenti termini integrano la serie? offeso - solare - remoto - totano - ______ - ______.,Ruota - naso.,Ciondolo - lodo.,Nobile - letale.,,C,Logica,false,,,,2026-05-15 21:10:33.313064,false,
1778839295002-29,Uomo sta a ..?.. come Uccello sta a ..?...,Abitazione - Nido.,Casa - Foresta.,Tana - Nido.,,A,Logica,false,,,,2026-05-15 21:10:33.313064,false,
1778839295002-30,Ottobre sta a Autunno come Maggio sta a:,Mese.,Primavera.,Stagione.,,B,Logica,false,,,,2026-05-15 21:10:33.313064,false,
1778839295002-31,"Se afferrare, stringere con forza sta a abbrancare allora sottrarsi a un impegno gravoso sta a Pagina 4 di 13 __________:",Defilare.,Defenestrare.,Dissertare.,,A,Logica,false,,,,2026-05-15 21:10:33.313064,false,
1778839295002-32,Se _______ = Novembre allora Natale = _______.,Aprile - Dicembre.,Festa del lavoro - Primavera.,Tutti i Santi - Dicembre.,,C,Logica,false,,,,2026-05-15 21:10:33.313064,false,
1778839295002-33,Se DAI=11 e CESSATI=23 allora .....,APPOGGEREMO=35.,APPOGGEREMO=37.,APPOGGEREMO=39.,,A,Logica,false,,,,2026-05-15 21:10:33.313064,false,
1778839295002-34,La qualifica di pubblico ufficiale:,Non può essere attribuita a coloro che sono muniti di poteri autoritativi.,Va attribuita solo ai soggetti che concorrono a formare o formano la volontà dell'ente pubblico.,Va attribuita ai soggetti che rappresentano all'esterno l'ente pubblico.,,A,Diritto_Amministrativo,false,,,,2026-05-15 21:10:33.313064,false,
1778839295002-39,"A norma del disposto di cui al co. 2, art. 18, d.lgs. n. 36/2023, divenuta efficace l'aggiudicazione, e fatto salvo l'esercizio dei poteri di autotutela, la stipulazione del contratto ha luogo di norma:",Entro i successivi centoventi giorni.,"Entro i successivi novanta giorni, salvo diverso termine previsto nel bando o nell'invito ad offrire.",Entro i successivi sessanta giorni anche in pendenza di contenzioso. Pagina 6 di 13,,B,Diritto_Amministrativo,false,,,,2026-05-15 21:10:33.313064,false,
1778839295002-5,"La legge sul procedimento amministrativo ha consacrato a livello generale la figura del responsabile del procedimento; il Rpa (art. 6, l. n. 241/1990):","Al fine dell'esame dell'ammissibilità, trasmette gli atti al dirigente responsabile che procede alla valutazione della fondatezza della domanda.","Può, previa autorizzazione del dirigente, chiedere il rilascio di dichiarazioni, ma non la rettifica di istanze incomplete.","Adotta, ove ne abbia la competenza, il provvedimento finale, ovvero trasmette gli atti all'organo competente per l'adozione.",,C,Diritto_Amministrativo,false,,,,2026-05-15 21:10:33.313064,false,
1778839295003-40,"A norma di quanto dispone il co. 1, art. 17 del d.lgs. n. 36/2023, in quale momento le stazioni appaltanti e gli enti concedenti adottano la decisione di contrarre?",Prima dell'avvio delle procedure di affidamento.,Immediatamente prima della stipula del contratto.,Dopo l'avvio delle procedure di affidamento.,,B,Diritto_Amministrativo,false,,,,2026-05-15 21:10:33.313064,false,
1778839295003-41,"A norma di quanto dispone il co. 4, art. 17 del d.lgs. n. 36/2023 l'offerta presentata in fase di gara è vincolante per il concorrente?","Si, è vincolante per il periodo indicato nel bando o nell'invito e, in caso di mancata indicazione, per centottanta giorni dalla scadenza del termine per la sua presentazione.",L'offerta è vincolante solo se tale indicazione risulta nel bando o nell'invito.,"No, non è vincolante.",,A,Diritto_Amministrativo,false,,,,2026-05-15 21:10:33.313064,false,
1778839295003-42,"A norma del disposto di cui all'art. 41 del d.lgs. n. 36/2023, la progettazione in materia di lavori pubblici si articola secondo:","Tre livelli: progetto di fattibilità tecnica ed economica, progetto definitivo, progetto esecutivo.","Due livelli: progetto definitivo, progetto esecutivo.","Due livelli: progetto di fattibilità tecnico-economica, progetto esecutivo.",,B,Diritto_Amministrativo,false,,,,2026-05-15 21:10:33.313064,false,
1778839295003-43,"La fideiussione bancaria o assicurativa presentata dall'offerente che copre, ai sensi dell'art. 106 del d.lgs. n. 36/2023, la mancata sottoscrizione del contratto per fatto riconducibile all'affidatario, deve contenere delle clausole particolari?",Solo se la stazione appaltante lo richiede espressamente nell'invito.,"Si, come ad esempio la sua operatività entro 15 giorni a semplice richiesta scritta della stazione appaltante.","No, non deve mai contenere alcuna clausola particolare.",,B,Diritto_Amministrativo,false,,,,2026-05-15 21:10:33.313064,false,
1778839295003-44,"A norma del disposto di cui al co. 9, art. 33, d.lgs. n. 36/2023, le offerte il cui prezzo supera l'importo posto dalle stazioni appaltanti a base di gara, stabilito e documentato prima dell'avvio della procedura di appalto sono considerate:",Irregolari.,Inadeguate.,Inaccettabili.,,B,Diritto_Amministrativo,false,,,,2026-05-15 21:10:33.313064,false,
1778839295003-45,"Dopo le innovazioni introdotte dal d.lgs. 165/2001 in materia di pubblico impiego, restano devolute alla giurisdizione del giudice amministrativo le controversie in materia di:",Procedure concorsuali per l'assunzione dei dipendenti delle pubbliche amministrazioni.,"Conferimento e revoca degli incarichi dirigenziali, nonché di responsabilità dirigenziale.","Indennità di fine rapporto, comunque denominate e corrisposte, ancorché vengano in questione atti amministrativi presupposti.",,A,Diritto_Amministrativo,false,,,,2026-05-15 21:10:33.313064,false,
1778839295003-46,"A norma dell’art. 7, comma 5-bis, del Decreto Legislativo n. 165/2001, è fatto divieto alle amministrazioni pubbliche di stipulare contratti di collaborazione che si concretano in prestazioni di lavoro esclusivamente personali, continuative e le cui modalità di esecuzione siano organizzate dal committente anche con riferimento ai tempi e al luogo di lavoro. In tal caso, i contratti posti in essere in violazione del predetto comma sono nulli e determinano:",Solo responsabilità erariale.,Solo responsabilità dirigenziale ai sensi dell'articolo 21 del medesimo decreto.,Responsabilità erariale e responsabilità dirigenziale ai sensi dell'articolo 21 del medesimo decreto.,,C,Diritto_Amministrativo,false,,,,2026-05-15 21:10:33.313064,false,
1778839295003-47,"Secondo il disposto dell’art. 21 del Decreto Legislativo n. 165/2001, il mancato raggiungimento degli obiettivi accertato attraverso le risultanze del sistema di valutazione di cui al Titolo II del decreto legislativo di attuazione della legge 4 marzo 2009, n. 15, in materia di ottimizzazione della produttività del lavoro pubblico e di efficienza e trasparenza delle pubbliche amministrazioni, comporta:",Responsabilità erariale.,Solo responsabilità disciplinare secondo la disciplina contenuta nel contratto collettivo. Pagina 7 di 13,"Responsabilità dirigenziale, ferma restando l'eventuale responsabilità disciplinare secondo la disciplina contenuta nel contratto collettivo.",,B,Diritto_Amministrativo,false,,,,2026-05-15 21:10:33.313064,false,
1778839295003-48,"L’art. 55-bis del D.Lgs. 165/2001, che disciplina forme e termini del procedimento disciplinare, prevede, tra l’altro, che:","Ciascuna amministrazione, secondo il proprio ordinamento e nell'ambito della propria organizzazione, individua l'ufficio per i procedimenti disciplinari competente per le infrazioni punibili con sanzione superiore al rimprovero verbale e ne attribuisce la titolarità e responsabilità.","Il responsabile della struttura presso cui presta servizio il dipendente provvede direttamente ad applicare le sanzioni disciplinari, compresa la multa.","Il responsabile della struttura presso cui presta servizio il dipendente provvede direttamente ad applicare le sanzioni disciplinari, compreso il rimprovero scritto.",,A,Diritto_Amministrativo,false,,,,2026-05-15 21:10:33.313064,false,
1778839295003-49,"Per quale dei seguenti casi, è prevista dall’art. 55-quater del D.Lgs. 165/2001 la sanzione del licenziamento disciplinare con preavviso?","Reiterata violazione di obblighi concernenti la prestazione lavorativa, che abbia determinato l'applicazione, in sede disciplinare, della sospensione dal servizio per un periodo complessivo superiore a un anno nell'arco di un biennio;.","Falsa attestazione della presenza in servizio, mediante l'alterazione dei sistemi di rilevamento della presenza o con altre modalità fraudolente, ovvero giustificazione dell'assenza dal servizio mediante una certificazione medica falsa o che attesta falsamente uno stato di malattia.",Falsità documentali o dichiarative commesse ai fini o in occasione dell'instaurazione del rapporto di lavoro ovvero di progressioni di carriera.,,C,Diritto_Amministrativo,false,,,,2026-05-15 21:10:33.313064,false,
1778839295003-50,"Con riferimento ai rapporti fra procedimento disciplinare e procedimento penale (art. 55-ter, TUPI) il procedimento disciplinare, che abbia ad oggetto fatti in relazione ai quali procede l'autorità giudiziaria:",Deve essere obbligatoriamente sospeso.,Non può essere concluso in pendenza del procedimento penale.,È proseguito e concluso anche in pendenza del procedimento penale.,,A,Diritto_Amministrativo,false,,,,2026-05-15 21:10:33.313064,false,
1778839295003-51,"Nell’ipotesi contemplata al co. 1, art. 55-quinquies TUPI che si verifica quando il lavoratore attesta falsamente la propria presenza in servizio, mediante l'alterazione dei sistemi di rilevamento della presenza o con altre modalità fraudolente ovvero giustifica l'assenza dal servizio mediante una certificazione medica falsa o falsamente attestante uno stato di malattia, la sanzione prevista:",È la reclusione da 1 a 3 anni e la multa da euro 200 ad euro 1.400.,È la reclusione da 1 a 5 anni e la multa da euro 400 ad euro 1.600.,È la reclusione da 1 a 2 anni e la multa da euro 300 ad euro 1.500.,,A,Diritto_Amministrativo,false,,,,2026-05-15 21:10:33.313064,false,
1778839295003-52,"Dispone il D.P.R. n. 78/2019 (Regolamento recante l'organizzazione degli Uffici centrali di livello dirigenziale Pagina 9 di 13 generale del Ministero dell'interno) che il Dipartimento per gli affari interni e territoriali svolge le funzioni e i compiti spettanti al Ministero dell'interno e indicati all'art. 3 del predetto D.P.R., tra cui rientrano quelli relativi:",Al soccorso pubblico.,Allo stato civile e anagrafe.,"Alla cittadinanza, alle minoranze e alle zone di confine.",,C,Diritto_Amministrativo,false,,,,2026-05-15 21:10:33.313064,false,
1778839295003-54,"Argomento: struttura organizzativa del Ministero dell’interno a livello provinciale. Chi formula, per l'ambito territoriale di competenza, ai fini del coordinamento delle attività delle strutture amministrative dello Stato operanti sul territorio e secondo le direttive del Presidente del Consiglio dei Ministri e dei Ministri, proposte per una efficiente organizzazione degli uffici periferici dello Stato ed una ottimale distribuzione delle risorse, che tenga conto delle esigenze di semplificazione delle procedure, di riduzione dei tempi dei procedimenti e di contenimento dei relativi costi in vista del raggiungimento di una migliore efficacia ed efficienza dell'azione amministrativa in periferia?",Il Questore.,Il Sindaco.,Il Prefetto.,,C,Diritto_Amministrativo,false,,,,2026-05-15 21:10:33.313064,false,
1778839295003-55,"Nell’ambito della struttura organizzativa del Ministero dell’interno, stabilisce, a livello provinciale, le modalità tecnico-operative nel dirigere e coordinare i servizi di ordine e sicurezza pubblica: di quale organo si tratta?",Del comandante della stazione dei carabinieri locale.,Del Prefetto.,Del Questore.,,C,Diritto_Amministrativo,false,,,,2026-05-15 21:10:33.313064,false,
1778839295003-56,Argomento: struttura organizzativa del Ministero dell’interno a livello provinciale. La tutela dei diritti dei minori è competenza:,Del Prefetto.,Del Sindaco della città con maggiore densità di popolazione.,Del Questore.,,A,Diritto_Amministrativo,false,,,,2026-05-15 21:10:33.313064,false,
1778839295003-57,"Il Responsabile per la prevenzione della corruzione e della trasparenza svolge attività di controllo sull'adempimento degli obblighi di pubblicazione previsti dal d.lgs. n. 33/2013, come modificato dal d.lgs. n. 97/2016 da parte delle strutture centrali e periferiche del Ministero dell’interno, assicurando completezza, chiarezza e aggiornamento delle informazioni pubblicate. Presso quale Dipartimento del Ministero opera?","Dipartimento per l’amministrazione generale, per le Politiche del personale dell'amministrazione civile e per le Risorse strumentali e finanziarie.",Dipartimento della Pubblica sicurezza.,Dipartimento per gli Affari interni e territoriali.,,A,Diritto_Amministrativo,false,,,,2026-05-15 21:10:33.313064,false,
1778839295003-58,"Con riferimento alla struttura organizzativa del Ministero dell’interno, la Direzione Centrale per i Servizi Demografici svolge compiti di indirizzo, coordinamento e vigilanza in materia di anagrafe e stato civile. A quale Dipartimento appartiene?",Dipartimento per le Libertà civili e l'Immigrazione.,Dipartimento per la Pubblica sicurezza.,Dipartimento per gli Affari interni e territoriali.,,C,Diritto_Amministrativo,false,,,,2026-05-15 21:10:33.313064,false,
1778839295003-59,"Ai sensi dell'art. 6 del decreto-legge n. 80/2021, tra i contenuti che devono essere definiti nel Piano integrato Pagina 10 di 13 di attività e organizzazione (PIAO) sono comprese le modalità e le azioni finalizzate a realizzare la piena accessibilità alle amministrazioni, fisica e digitale, da parte dei cittadini ultrasessantacinquenni?",Sì.,"No, sono comprese le modalità e le azioni finalizzate a realizzare la piena accessibilità alle amministrazioni, fisica e digitale, da parte dei cittadini con disabilità.","No, sono comprese le modalità e le azioni finalizzate a realizzare la piena accessibilità alle amministrazioni, fisica e digitale, da parte dei cittadini ultrasettantenni e ai cittadini con disabilità.",,B,Diritto_Amministrativo,false,,,,2026-05-15 21:10:33.313064,false,
1778839295003-60,"L'art. 6 del D.Lgs. 30/03/2001, n. 165, recante Norme generali sull'ordinamento del Lavoro alle dipendenze delle amministrazioni pubbliche, stabilisce che, nelle amministrazioni statali, il piano triennale dei fabbisogni di personale è approvato:","Con decreto del Presidente del Consiglio dei ministri o del Ministro delegato, su proposta del Ministro competente, di concerto con il Ministro dell'economia e delle finanze.","Con deliberazione del Consiglio dei Ministri, su proposta del Ministro competente, acquisito il parere obbligatorio e vincolante del Ministro dell'economia e delle finanze.","Con decreto del Ministro competente, di concerto con il Ministro dell'economia e delle finanze.",,A,Diritto_Amministrativo,false,,,,2026-05-15 21:10:33.313064,false,
1778839295003-61,"Il Dlgs. 165/2001 demanda alle singole amministrazioni, che vi provvedono secondo principi generali fissati da disposizioni di legge e, sulla base dei medesimi, mediante atti organizzativi adottati secondo i rispettivi ordinamenti, tra l'altro, la definizione delle linee fondamentali di organizzazione degli uffici, ispirandola ad alcuni fondamentali criteri. Tra tali criteri non rientra:","Il collegamento delle attività degli uffici, adeguandosi al dovere di comunicazione interna ed esterna, ed interconnessione mediante sistemi informatici e statistici pubblici.",L'armonizzazione degli orari di servizio e di apertura degli uffici con le esigenze dell'utenza e con gli orari delle amministrazioni pubbliche dei Paesi dell'Unione europea.,"La flessibilità nell'impiego del personale, che consente adeguati margini alle determinazioni operative e gestionali da perseguire anche mediante l'erogazione di trattamenti economici accessori al personale in misura non necessariamente corrispondente alle prestazioni effettivamente rese.",,C,Diritto_Amministrativo,false,,,,2026-05-15 21:10:33.313064,false,
1778839295003-62,"Il D.Lgs. n. 165/2001, recante Norme generali sull'ordinamento del Lavoro alle dipendenze delle amministrazioni pubbliche, opera una netta separazione tra funzioni di indirizzo politico-amministrativo e funzioni gestionali che comportano l'adozione di atti e provvedimenti amministrativi. Rientra nel primo gruppo, tra le altre funzioni:","Le determinazioni per l'organizzazione degli uffici e le misure inerenti alla gestione dei rapporti di lavoro, nel rispetto del principio di pari opportunità.","La gestione finanziaria, tecnica ed amministrativa mediante autonomi poteri di spesa, di organizzazione delle risorse umane, strumentali e di controllo.","L'individuazione delle risorse umane, materiali ed economico-finanziarie da destinare alle diverse finalità e loro ripartizione tra gli uffici di livello dirigenziale generale.",,C,Diritto_Amministrativo,false,,,,2026-05-15 21:10:33.313064,false,
1778839295003-70,La cartella di Vincenzo è più pesante di quella di Bernardo; la cartella di Celestino è più leggera di quella di Bernardo e più pesante di quella Vincenzo. Pertanto:,L'enunciato potrebbe essere corretto.,L'enunciato è sicuramente errato.,L'enunciato è sicuramente corretto.,,B,Logica,false,,,,2026-05-15 21:10:33.313064,false,
1778839295003-71,"Quale dei seguenti termini, sostituito ai puntini, forma parole di senso compiuto? MA(..) - (..)GENO.",ARIO.,PARA.,ESTRO.,,A,Logica,false,,,,2026-05-15 21:10:33.313064,false,
1778839295003-72,"Un aereo atterra a Malpensa alle 14.24 , con 97 minuti di ritardo. A che ora avrebbe dovuto atterrare?",Alle 12.57.,Alle 12.47.,Alle 13.47.,,C,Logica,false,,,,2026-05-15 21:10:33.313064,false,
1778839295003-73,"Oggi, alle 12, a Cuneo il termometro segna 10°. A Matera il termometro segna otto gradi in più rispetto a Cuneo; a Gorizia il termometro segna sette gradi in meno rispetto a Matera e undici gradi in meno rispetto a Ravenna, dove la temperatura registrata è di:",22°.,18°.,16°.,,B,Logica,false,,,,2026-05-15 21:10:33.313064,false,
1778839295003-74,"Se il numero 5245 viene scritto sotto alla metà di 2862, il numero 6282 viene scritto sotto a 5245 e l'ultimo numero è 0970, allora in diagonale si può leggere:",1259.,1252.,1280. Pagina 12 di 13,,A,Logica,false,,,,2026-05-15 21:10:33.313064,false,
1778839295003-75,"Se GENIO vale EI e BOLERO vale OEO, allora NEOCLASSICISMO vale....",ECASISO.,ECASCSM.,ECASCSO.,,A,Logica,false,,,,2026-05-15 21:10:33.313064,false,
1778839295003-76,"Se AMO vale 9 e APPELLO vale 21, quanto vale APOSTROFEREMMO ?",49.,42.,44.,,C,Logica,false,,,,2026-05-15 21:10:33.313064,false,
1778839295003-77,"Se AGO=1+4=5, BELI=2+3=5 e BILE=3+2=5, a quanto è uguale MEDIA ?",1+2+3=6.,3+2+1=6.,2+3+1=6. Pagina 13 di 13,,B,Logica,false,,,,2026-05-15 21:10:33.313064,false,
1778846227385-1,Un imprevisto serio ha interrotto il lavoro su un progetto importante. Come modifichi la tua strategia per garantire il raggiungimento degli obiettivi?,"Comunico l’imprevisto ai miei superiori, proponendo alcune soluzioni alternative per minimizzare il ritardo e attendendo il loro feedback prima di agire.","Valuto immediatamente l’impatto dell’imprevisto e modifico il piano d’azione, ridistribuendo le attività e rinegoziando le scadenze se necessario, per assicurare il successo del progetto.",Accetto l’imprevisto e comunico il possibile ritardo senza proporre alternative alla luce del fatto che secondo la tua esperienza la maggior parte delle volte queste situazioni si risolvono da sole.,,,Situazionali,true,B,A,C,2026-05-15 21:10:33.313064,false,
1778846227385-10,Un sistema informatico essenziale si blocca in un momento critico. Quali misure prendi per risolvere il problema rapidamente?,"Contatto il team IT per avviare un ripristino d'emergenza e, se possibile, organizzo soluzioni alternative per ridurre l'impatto dell'interruzione, come strumenti di backup manuali.",Mi affido al team IT per risolvere il blocco e monitoro l’avanzamento. Seguo l'evoluzione della situazione aspettando il ripristino del sistema.,"Informo il team IT del problema e richiedo una stima dei tempi di ripristino. Nel frattempo, cerco di informare gli utenti e di ridurre al minimo i disagi causati dall'interruzione.",,,Situazionali,true,A,C,B,2026-05-15 21:10:33.313064,false,
1778846227385-11,"Durante un progetto con un ente esterno, le aspettative cambiano senza preavviso. Come ti adatteresti per mantenere una relazione positiva e raggiungere comunque gli obiettivi?","Adotterei i cambiamenti richiesti, cercando di minimizzare l’impatto sugli obiettivi originali, ma senza richiedere un confronto immediato.","Accetterei i cambiamenti senza discutere, adattando il progetto solo per soddisfare le nuove aspettative, anche a scapito degli obiettivi originari: è più importante non compromettere la positività della relazione con l’ente esterno.",Organizzerei una riunione immediata per discutere dei cambiamenti e adattare il piano del progetto in modo che gli obiettivi originali vengano comunque rispettati. Rivedrei anche la comunicazione per evitare ulteriori sorprese.,,,Situazionali,true,C,A,B,2026-05-15 21:10:33.313064,false,
1778846227385-2,Ti trovi a dover spiegare una procedura complessa a un pubblico di non addetti ai lavori. Come ti assicuri che il messaggio venga compreso correttamente da tutti gli interlocutori?,"Spiego la procedura usando termini tecnici senza modificare il linguaggio, alzando il tono di voce e confidando che il pubblico riesca a seguire meglio le informazioni.","Fornisco una spiegazione chiara e tecnica, offrendo la possibilità di fare domande alla fine per chiarire i punti poco compresi.","Adatto il linguaggio alla loro comprensione, utilizzando termini semplici e visivi per illustrare la procedura. Invito il pubblico a fare domande e chiarisco i dubbio.",,,Situazionali,true,C,B,A,2026-05-15 21:10:33.313064,false,
1778846227385-3,"Ti rendi conto che la fase iniziale del progetto è stata mal pianificata, causando ritardi significativi. Come procedi per rimettere il progetto in carreggiata?","Continuo a lavorare con il piano attuale, cercando di svolgere al meglio le fasi future, sperando di recuperare il tempo perduto.","Informo i responsabili del ritardo e riorganizzo il piano in modo da focalizzarmi sulle attività essenziali, chiedendo, se possibile, estensioni delle scadenze.","Rivedo la pianificazione, identificando le fasi critiche, coinvolgendo i principali stakeholder e ottimizzando le risorse disponibili per compensare i ritardi.",,,Situazionali,true,C,B,A,2026-05-15 21:10:33.313064,false,
1778846227385-4,"Devi scegliere tra due opzioni di investimento per migliorare un servizio pubblico, ma le risorse sono limitate e entrambe le opzioni sono vantaggiose. Come procedi?",Faccio una scelta basata sulla soluzione apparentemente più vantaggiosa considerando l’impatto a lungo termine.,Seleziono l’opzione con il minor rischio economico in relazione ai vantaggi possibili e comunico chiaramente la ragione della scelta ai principali stakeholder.,"Valuto gli impatti a lungo termine di entrambe le opzioni, coinvolgo i principali stakeholder e scelgo quella che genera il miglior valore pubblico complessivo.",,,Situazionali,true,C,B,A,2026-05-15 21:10:33.313064,false,
1778846227385-5,"Durante un sondaggio, scopri che molti utenti non sono soddisfatti del servizio online offerto dalla tua amministrazione. Come ti muovi per identificare i problemi e implementare miglioramenti?",Concludo che i problemi tecnici sono inevitabili e segnalo al team IT di provare a migliorare il servizio senza indicazioni specifiche.,"Analizzo i risultati del sondaggio, organizzo incontri con gli utenti e il team IT per discutere i problemi riscontrati e propongo miglioramenti immediati e a lungo termine per ottimizzare il servizio online.",Analizzo i risultati del sondaggio e contatto il team IT per discutere i problemi principali e stabilire un piano di intervento graduale.,,,Situazionali,true,B,C,A,2026-05-15 21:10:33.313064,false,
1778846227385-6,Un importante stakeholder esprime dubbi sulla capacità del progetto di raggiungere i risultati previsti. Come reagisci?,"Non dedico troppo tempo ai dubbi dello stakeholder, ma gli fornisco un report dettagliato di ciò che è stato svolto così che possa verificare in prima persona lo stato di avanzamento del progetto.",Spiego quelli che sono gli sforzi in corso per rispettare gli obiettivi e invito lo stakeholder a verificare i progressi raggiunti fino ad ora.,Organizzo un incontro con lo stakeholder per discutere dei suoi dubbi e fornisco un piano dettagliato delle azioni che stiamo intraprendendo per garantire il successo.,,,Situazionali,true,C,B,A,2026-05-15 21:10:33.313064,false,
1778846227385-7,Ti accorgi che un progetto non sta raggiungendo gli obiettivi prefissati. Come analizzi e risolvi il problema per riportare il progetto sui giusti binari?,"Effettuo una revisione del progetto per identificare le criticità. Coinvolgo il team per rivedere le attività e riassegnare risorse dove necessario, ridefinendo gli obiettivi e i tempi.","Continuo a seguire il piano originale, aspettando che le difficoltà si risolvano nel tempo, non ritenendo costruttivo usare risorse per la modifica di un progetto in corso d’opera.",Analizzo i dati di avanzamento e identifico le attività in ritardo. Suggerisco le adeguate modifiche alle attività in corso e riprogrammo gli obiettivi non raggiunti.,,,Situazionali,true,A,C,B,2026-05-15 21:10:33.313064,false,
1778846227385-8,Un importante progetto subisce un grave fallimento e il team è in stato di shock. Come gestisci le emozioni del gruppo e mantieni la concentrazione per trovare una soluzione?,"Convoco una riunione per discutere del fallimento in modo costruttivo, incoraggiando il team a vedere la situazione come un'opportunità di crescita e proponendo un piano di recupero.","Incoraggio il team a riflettere sugli errori e suggerisco di riprendere il lavoro cercando di evitare ulteriori problemi, mantenendo un atteggiamento positivo.","Accetto il fallimento e lascio che il team si riprenda autonomamente dal colpo, programmando una riunione nel primo momento utile per poter discutere del loro sentire.",,,Situazionali,true,A,B,C,2026-05-15 21:10:33.313064,false,
1778846227385-9,Un collega esperto va in pensione e ti viene chiesto di prendere il suo posto in un ruolo di grande responsabilità. Come ti prepareresti per affrontare questa transizione?,Chiedo al collega uscente di formarmi nelle sue aree di competenza e raccolgo dopo le informazioni necessarie per affrontare la nuova responsabilità.,"Accetto il nuovo ruolo e cerco di apprendere solo le attività più urgenti, chiedendo supporto al collega uscente solo se strettamente necessario.","Mi impegno a raccogliere tutte le informazioni possibili dal collega uscente, propongo sessioni di affiancamento, stabilendo un piano di sviluppo personale.",,,Situazionali,true,C,A,B,2026-05-15 21:10:33.313064,false,
1778846227386-12,Ti accorgi che le tecnologie in uso sono obsolete e rallentano l’efficienza del tuo team. Come procederesti per migliorare la situazione?,"Valuto immediatamente nuove soluzioni tecnologiche, analizzo i costi e benefici e presento una proposta ai superiori per aggiornare i sistemi.",Segnalo il problema e faccio presente che le tecnologie rallentano l'efficienza del team.,"Informo i superiori del problema e suggerisco loro un aggiornamento tecnologico o comunque una miglioria digitale, ma attendo la loro indicazione prima di fare passi concreti.",,,Situazionali,true,A,C,B,2026-05-15 21:10:33.313064,false,
1778846227386-13,"Un collaboratore ti chiede di assumere nuove responsabilità, ma non hai ancora avuto modo di valutare pienamente le sue competenze. Come gestisci la delega in questo caso?","Affido al collaboratore nuove responsabilità, confidando che possa gestirle, valutando in seguito i risultati ottenuti.",Assegno al collaboratore un progetto minore per verificare le sue capacità prima di decidere se attribuirgli maggiori responsabilità.,"Gli affido gradualmente compiti più impegnativi, monitorando i risultati e fornendo feedback prima di assegnargli responsabilità maggiori.",,,Situazionali,true,C,B,A,2026-05-15 21:10:33.313064,false,
1778846227386-14,"Durante l'implementazione di una piattaforma digitale, emergono problemi legati alla formazione insufficiente del personale. Come reagisci?",Chiedo feedback sui moduli formativi già utilizzati per migliorarli e pianifico incontri di aggiornamento per garantire che tutti abbiano acquisito le conoscenze necessarie. Solo in seguito organizzo sessioni di formazione aggiuntive.,"Provo ad organizzare alcune sessioni di formazione dopo l'implementazione, affinché il personale abbia la formazione base sulla piattaforma digitale. In seguito l'utilizzo porterà sicuramente le persone ad una maggior comprensione.","Implemento un piano di formazione suddiviso per livelli di competenza per colmare le lacune del personale. Assegno tutor o mentor interni per supportare chi ha maggiori difficoltà e creo una documentazione chiara e accessibile, inclusa una sezione FAQ e tutorial.",,,Situazionali,true,C,A,B,2026-05-15 21:10:33.313064,false,
1778847266275-1,"Durante l’implementazione di un nuovo sistema di monitoraggio, come valuti l’interazione tra tecnologia, utenti e procedure per garantire l’efficacia del sistema?",Definisco un piano di implementazione che tiene conto sia delle esigenze degli utenti che delle capacità tecniche del sistema. Prevedo alcuni momenti di verifica per monitorare l'interazione tra le procedure e le nuove tecnologie.,"Procedo con l'implementazione del sistema, confidando che l'adattamento alle nuove procedure avvenga in modo naturale.",Propongo di coinvolgere un gruppo selezionato di utenti per valutare le prime fasi di utilizzo del sistema.,,,Situazionali,true,A,C,B,2026-05-15 21:10:33.313064,false,
1778847266275-2,Ti viene chiesto di elaborare una strategia per migliorare la mobilità urbana. Come immagini gli scenari futuri e gli impatti delle tue scelte?,Prevedo di aggiungere gradualmente alcuni servizi di trasporto pubblico.,Pianifico la creazione di una rete di trasporti pubblici sostenibili.,Suggerisco di aumentare gradualmente i servizi di trasporto pubblico nelle aree più congestionate.,,,Situazionali,true,B,C,A,2026-05-15 21:10:33.313064,false,
1778847266275-3,"In una riunione con dirigenti, ti senti sotto pressione per giustificare i ritardi di un progetto.",Accetto le critiche senza dilungarmi sulle spiegazioni.,Fornisco una spiegazione breve e professionale.,Spiego con calma e dettagli la situazione proponendo soluzioni concrete.,,,Situazionali,true,C,B,A,2026-05-15 21:10:33.313064,false,
1778847266275-4,Devi presentare un progetto di grande rilevanza a un comitato con interessi contrastanti.,Presento il progetto come pianificato.,Adatto la presentazione ai diversi interlocutori.,Espongo il progetto in modo neutrale.,,,Situazionali,true,B,C,A,2026-05-15 21:10:33.313064,false,
1778847294888-1,"Il diritto di accesso ai documenti amministrativi (art. 22, l. n. 241/1990), consiste:",Nel diritto per chiunque di ottenere qualsiasi informazione inerente all’attività svolta da una pubblica amministrazione.,Nel diritto per chiunque di prendere visione di documenti amministrativi.,Nel diritto degli interessati di prendere visione e di estrarre copia di documenti amministrativi.,,C,Diritto_Amministrativo,false,,,,2026-05-15 21:10:33.313064,false,
1778847294888-2,"L'istituto dell'annullamento d'ufficio (art. 21-nonies, l. n. 241/1990):","Prevede tre condizioni: sussistenza di ragioni di interesse pubblico, esercizio del potere entro un termine ragionevole, considerazione degli interessi dei destinatari e dei controinteressati.",Quanto a competenza spetta sempre all'organo che in concreto ha adottato l'atto contrario all'ordinamento.,Non può avere ad oggetto un provvedimento amministrativo adottato in violazione di legge.,,A,Diritto_Amministrativo,false,,,,2026-05-15 21:10:33.313064,false,
1778847294888-3,"L'art. 2 del regolamento approvato con il D.P.R. 24 giugno 2022, n. 81 dispone che, ai fini di cui all'art. 35, comma 4, del decreto legislativo n. 165/2001, le amministrazioni inviano il piano dei fabbisogni:",All'Autorità nazionale anticorruzione.,Al Ministero dell'economia e delle finanze - Dipartimento della Ragioneria generale dello Stato.,Al Dipartimento della funzione pubblica della Presidenza del Consiglio dei ministri.,,C,Diritto_Amministrativo,false,,,,2026-05-15 21:10:33.313064,false,
1778847294888-4,Tra i contenuti che devono essere definiti nel Piano integrato di attività e organizzazione (PIAO) è compreso l'elenco delle procedure da semplificare e reingegnerizzare:,Ogni anno.,Con cadenza biennale.,Con cadenza triennale.,,A,Diritto_Amministrativo,false,,,,2026-05-15 21:10:33.313064,false,
1778847294888-5,"Ai fini dell'art. 4, del D.P.R. n. 62/2013 per regali o altre utilità di modico valore:","I codici di comportamento possono prevedere limiti inferiori, anche fino all'esclusione della possibilità di riceverli.",I codici di comportamento possono prevedere limiti inferiori o superiori.,Non possono prevedere limiti diversi.,,A,Diritto_Amministrativo,false,,,,2026-05-15 21:10:33.313064,false,
1778847294888-6,"A norma dell’art. 2 del decreto legislativo n. 165/2001, le disposizioni contenute nello stesso decreto:",Costituiscono disposizioni a carattere imperativo.,Si applicano solo se non contrastano con il codice civile.,Si applicano soltanto alle Amministrazioni dello Stato.,,A,Diritto_Amministrativo,false,,,,2026-05-15 21:10:33.313064,false,
1778847294888-7,Disponde l'art. 11 del decreto legislativo n. 300/1999 che il Prefetto è coadiuvato da:,"Una conferenza provinciale permanente, presieduta dallo stesso Prefetto.","Una conferenza permanente, presieduta dal Presidente della Corte di appello.","Un comitato provinciale per l'ordine e la sicurezza pubblica, presieduto dal Questore.",,A,Diritto_Amministrativo,false,,,,2026-05-15 21:10:33.313064,false,
1778847294888-8,Quale Dipartimento svolge funzioni e compiti spettanti al Ministero nella tutela dei diritti concernenti le confessioni religiose?,Il Dipartimento per le libertà civili e l'immigrazione.,Il Dipartimento per gli affari interni e territoriali.,Il Dipartimento della pubblica sicurezza.,,A,Diritto_Amministrativo,false,,,,2026-05-15 21:10:33.313064,false,
1778847294889-10,"A norma del disposto di cui al co. 2, art. 18, d.lgs. n. 36/2023, la stipulazione del contratto ha luogo di norma:",Entro i successivi centoventi giorni.,Entro i successivi sessanta giorni anche in pendenza di contenzioso.,"Entro i successivi novanta giorni, salvo diverso termine previsto nel bando o nell'invito ad offrire.",,C,Diritto_Amministrativo,false,,,,2026-05-15 21:10:33.313064,false,
1778847294889-11,In quale momento le stazioni appaltanti adottano la decisione di contrarre?,Prima dell'avvio delle procedure di affidamento.,Dopo l'avvio delle procedure di affidamento.,Immediatamente prima della stipula del contratto.,,A,Diritto_Amministrativo,false,,,,2026-05-15 21:10:33.313064,false,
1778847294889-12,L'offerta presentata in fase di gara è vincolante per il concorrente?,"Si, è vincolante per il periodo indicato nel bando o nell'invito e, in caso di mancata indicazione, per centottanta giorni.",L'offerta è vincolante solo se tale indicazione risulta nel bando o nell'invito.,"No, non è vincolante.",,A,Diritto_Amministrativo,false,,,,2026-05-15 21:10:33.313064,false,
1778847294889-13,La progettazione in materia di lavori pubblici si articola secondo:,"Due livelli: progetto di fattibilità tecnico-economica, progetto esecutivo.","Due livelli: progetto definitivo, progetto esecutivo.","Tre livelli: progetto di fattibilità tecnica ed economica, progetto definitivo, progetto esecutivo.",,A,Diritto_Amministrativo,false,,,,2026-05-15 21:10:33.313064,false,
1778847294889-14,Le offerte il cui prezzo supera l'importo posto a base di gara sono considerate:,Inaccettabili.,Inadeguate.,Irregolari.,,A,Diritto_Amministrativo,false,,,,2026-05-15 21:10:33.313064,false,
1778847294889-15,Restano devolute alla giurisdizione del giudice amministrativo le controversie in materia di:,Indennità di fine rapporto.,Conferimento e revoca degli incarichi dirigenziali.,Procedure concorsuali per l'assunzione dei dipendenti delle pubbliche amministrazioni.,,C,Diritto_Amministrativo,false,,,,2026-05-15 21:10:33.313064,false,
1778847294889-16,"A norma dell’art. 7, comma 5-bis, del Decreto Legislativo n. 165/2001, i contratti posti in essere in violazione sono nulli e determinano:",Solo responsabilità erariale.,Solo responsabilità dirigenziale.,Responsabilità erariale e responsabilità dirigenziale.,,C,Diritto_Amministrativo,false,,,,2026-05-15 21:10:33.313064,false,
1778847294889-17,"Secondo il disposto dell’art. 21 del Decreto Legislativo n. 165/2001, il mancato raggiungimento degli obiettivi comporta:","Responsabilità dirigenziale, ferma restando l'eventuale responsabilità disciplinare.",Solo responsabilità disciplinare.,Responsabilità erariale.,,A,Diritto_Amministrativo,false,,,,2026-05-15 21:10:33.313064,false,
1778847294889-18,L’art. 55-bis del D.Lgs. 165/2001 prevede che:,Il responsabile della struttura applica tutte le sanzioni disciplinari.,Il responsabile della struttura applica le sanzioni compresa la multa.,Ciascuna amministrazione individua l'ufficio per i procedimenti disciplinari competente per le infrazioni superiori al rimprovero verbale.,,C,Diritto_Amministrativo,false,,,,2026-05-15 21:10:33.313064,false,
1778847294889-19,Con riferimento ai rapporti fra procedimento disciplinare e procedimento penale:,Il procedimento disciplinare è proseguito e concluso anche in pendenza del procedimento penale.,Deve essere obbligatoriamente sospeso.,Non può essere concluso in pendenza del procedimento penale.,,A,Diritto_Amministrativo,false,,,,2026-05-15 21:10:33.313064,false,
1778847294889-20,Il Dipartimento per gli affari interni e territoriali svolge funzioni relative:,Al soccorso pubblico.,"Alla cittadinanza, alle minoranze e alle zone di confine.",Allo stato civile e anagrafe.,,C,Diritto_Amministrativo,false,,,,2026-05-15 21:10:33.313064,false,
1778847294889-21,Chi formula proposte per una efficiente organizzazione degli uffici periferici dello Stato?,Il Sindaco.,Il Questore.,Il Prefetto.,,C,Diritto_Amministrativo,false,,,,2026-05-15 21:10:33.313064,false,
1778847294889-22,"A livello provinciale, stabilisce le modalità tecnico-operative nel dirigere e coordinare i servizi di ordine e sicurezza pubblica:",Il comandante della stazione dei carabinieri locale.,Il Questore.,Il Prefetto.,,B,Diritto_Amministrativo,false,,,,2026-05-15 21:10:33.313064,false,
1778847294889-23,La Direzione Centrale per i Servizi Demografici appartiene:,Dipartimento per la Pubblica sicurezza.,Dipartimento per gli Affari interni e territoriali.,Dipartimento per le Libertà civili e l'Immigrazione.,,B,Diritto_Amministrativo,false,,,,2026-05-15 21:10:33.313064,false,
1778847294889-9,Sono componenti del Comitato provinciale per l'ordine e la sicurezza pubblica:,"I comandanti provinciali dell'Arma dei carabinieri, del Corpo della guardia di finanza e del Corpo nazionale dei vigili del fuoco.",I comandanti provinciali dell'Arma dei carabinieri e del Corpo forestale dello Stato.,"I comandanti provinciali dell'Arma dei carabinieri, del Corpo della guardia di finanza, del Corpo forestale dello Stato, del Corpo di polizia penitenziaria, del Corpo nazionale dei vigili del fuoco e del Corpo delle capitanerie di porto.",,A,Diritto_Amministrativo,false,,,,2026-05-15 21:10:33.313064,false,
1778847294890-24,"Ai sensi dell'art. 6 del decreto-legge n. 80/2021, tra i contenuti del PIAO sono comprese le modalità e le azioni finalizzate a realizzare la piena accessibilità alle amministrazioni:","No, solo per cittadini ultrasettantenni e disabili.","No, solo per cittadini con disabilità.",Sì.,,C,Diritto_Amministrativo,false,,,,2026-05-15 21:10:33.313064,false,
1778847294890-25,Il piano triennale dei fabbisogni di personale è approvato:,Con deliberazione del Consiglio dei Ministri.,Con decreto del Presidente del Consiglio dei ministri o del Ministro delegato.,Con decreto del Ministro competente.,,B,Diritto_Amministrativo,false,,,,2026-05-15 21:10:33.313064,false,
1778847294890-26,Tra i criteri fissati dal D.Lgs. 165/2001 non rientra:,L'armonizzazione degli orari di servizio.,Il collegamento delle attività degli uffici mediante sistemi informatici.,La flessibilità nell'impiego del personale con trattamenti economici non necessariamente corrispondenti alle prestazioni rese.,,C,Diritto_Amministrativo,false,,,,2026-05-15 21:10:33.313064,false,
1778847294890-27,Rientra tra le funzioni di indirizzo politico-amministrativo:,"La gestione finanziaria, tecnica ed amministrativa.","L'individuazione delle risorse umane, materiali ed economico-finanziarie da destinare alle diverse finalità.",Le determinazioni per l'organizzazione degli uffici.,,B,Diritto_Amministrativo,false,,,,2026-05-15 21:10:33.313064,false,
1778847294890-28,"Con il riordino dell'organizzazione del Governo delineato dal d.lgs. n. 300/1999, i dipartimenti:",Svolgono attività a carattere tecnico-operativo di interesse nazionale.,Coordinano le attività che interessano aree di intervento e competenze di più ministeri.,Svolgono compiti finali concernenti grandi aree di materie omogenee.,,C,Diritto_Amministrativo,false,,,,2026-05-15 21:10:33.313064,false,
1778847294890-29,"Identificare la sequenza corretta: accendere il computer, avviare videoscrittura, digitare, salvare, uscire, spegnere.","5, 1, 6, 3, 2, 4.","1, 6, 5, 2, 3, 4.","4, 1, 6, 3, 2, 5.",,A,Uso_delle_tecnologie,false,,,,2026-05-15 21:10:33.313064,false,
1778847294890-30,Indicare l'elemento estraneo alla serie: Rotula - Falange - Tibia - Perone - Femore.,Rotula.,Falange.,Tibia.,,B,Logica,false,,,,2026-05-15 21:10:33.313064,false,
1778847473185-1,Un collega si rifiuta di collaborare su un compito essenziale perché non concorda con l'approccio del team.,A Organizzo un incontro tra il collega e il team per discutere apertamente il disaccordo.,B Faccio in modo che il collega si occupi di altre attività.,C Chiedo al collega un incontro privato per capire le sue preoccupazioni.,,,Situazionali,true,A,C,B,2026-05-15 21:10:33.313064,false,
1778847473185-2,Un collega ti segnala che un dipartimento interno non risponde adeguatamente alle richieste dei cittadini.,Segnalo al collega che probabilmente il dipartimento è sovraccarico.,Parlo con i responsabili del dipartimento e segnalo le criticità.,Organizzo un incontro con il dipartimento per identificare le cause dei ritardi.,,,Situazionali,true,C,B,A,2026-05-15 21:10:33.313064,false,
1778847473185-3,Ti viene chiesto di gestire un progetto di digitalizzazione ma parte del personale non ha competenze adeguate.,A Suggerisco tutorial online e possibili corsi.,B Organizzo corsi di formazione specifici e pratici.,C Pianifico corsi di formazione monitorando l’apprendimento.,,,Situazionali,true,B,C,A,2026-05-15 21:10:33.313064,false,
1778847473185-4,L'amministrazione introduce nuove tecnologie ma il personale è riluttante a utilizzarle.,A Propongo al personale una formazione base.,B Incoraggio le persone più propense all'uso delle nuove tecnologie.,C Organizzo sessioni di formazione pratica e raccolgo feedback.,,,Situazionali,true,C,A,B,2026-05-15 21:10:33.313064,false,
1778847473185-5,Ti viene chiesto di guidare una trasformazione interna non ben accolta dal personale.,A Comunico il cambiamento e rispondo alle domande.,B Comunico il cambiamento aspettandomi che il personale si adatti.,C Organizzo una campagna di comunicazione interna chiara e coinvolgo il personale.,,,Situazionali,true,C,A,B,2026-05-15 21:10:33.313064,false,
1778847477225-1,Hanno facoltà di intervenire nel procedimento amministrativo:,"A Tra gli altri, qualunque soggetto, portatore di interessi pubblici o privati cui possa derivare un pregiudizio dal provvedimento.",B I soggetti portatori di interessi diffusi purché costituiti in associazioni.,C Qualunque soggetto portatore di interessi pubblici o privati.,,A,Diritto_Amministrativo,false,,,,2026-05-15 21:10:33.313064,false,
1778847477225-10,L’art. 36 del d.lgs. 165/2001 stabilisce che i contratti a tempo determinato posti in essere in violazione:,A Sono nulli.,B Possono essere oggetto di sanatoria.,C Sono annullabili.,,A,Diritto_Amministrativo,false,,,,2026-05-15 21:10:33.313064,false,
1778847477225-2,L'Allegato A del D.Lgs. n. 33/2013 contiene la struttura delle informazioni dei siti istituzionali.,A Provvedimenti.,B Disposizioni generali.,C Attività e procedimenti.,,C,Diritto_Amministrativo,false,,,,2026-05-15 21:10:33.313064,false,
1778847477225-3,"A norma di quanto dispone il co. 1, art. 14, della legge n. 241 del 1990, la Conferenza dei servizi viene convocata:",Per effettuare un esame contestuale dei vari interessi pubblici coinvolti in un procedimento amministrativo.,Prevalentemente per disporre accertamenti tecnici.,Prevalentemente per disporre ispezioni.,,A,Diritto_Amministrativo,false,,,,2026-05-15 21:10:33.313064,false,
1778847477225-4,L'art. 3 della l. n. 241/1990 prescrive che:,A In caso di provvedimenti positivi la motivazione non è richiesta.,B La motivazione per relationem è ammessa solo per i provvedimenti negativi.,C In ogni atto notificato al destinatario devono essere indicati il termine e l'autorità cui è possibile ricorrere.,,C,Diritto_Amministrativo,false,,,,2026-05-15 21:10:33.313064,false,
1778847477225-5,Il Piano integrato di attività e organizzazione (PIAO) ha durata:,"A Triennale, ma viene aggiornato annualmente.","B Biennale, ma viene aggiornato annualmente.",C Annuale.,,A,Diritto_Amministrativo,false,,,,2026-05-15 21:10:33.313064,false,
1778847477225-6,Quale strumento di programmazione definisce le modalità di monitoraggio degli esiti?,A Il piano integrato di attività e organizzazione.,B Il piano triennale di analisi e valutazione della spesa.,C Il documento unico di programmazione.,,A,Diritto_Amministrativo,false,,,,2026-05-15 21:10:33.313064,false,
1778847477225-7,Disponde l'art. 4 del D.P.R. n. 62/2013 che il dipendente non può accettare incarichi di collaborazione da soggetti privati:,A Per il biennio precedente.,B Per il triennio precedente.,C Per l'anno precedente.,,B,Diritto_Amministrativo,false,,,,2026-05-15 21:10:33.313064,false,
1778847477225-8,"A norma del disposto di cui al co. 2, art. 14, del D.P.R. n. 62/2013:",A Nel biennio precedente.,B Nel quinquennio precedente.,C Nel triennio precedente.,,C,Diritto_Amministrativo,false,,,,2026-05-15 21:10:33.313064,false,
1778847477225-9,"Secondo il D.Lgs 165/2001, le pubbliche amministrazioni non possono conferire incarichi retribuiti senza previa autorizzazione:",A Costituisce infrazione disciplinare ed il provvedimento è nullo di diritto.,B Costituisce causa di responsabilità patrimoniale per danno erariale ed il relativo provvedimento è annullabile.,C Costituisce infrazione disciplinare ma il relativo provvedimento resta valido.,,A,Diritto_Amministrativo,false,,,,2026-05-15 21:10:33.313064,false,
1778847477226-11,Quale delle seguenti strutture non è ufficio di diretta collaborazione con il Ministro?,A Il Servizio di controllo interno.,B La Segreteria del Ministro.,C Le Segreterie dei Sottosegretari di Stato.,,A,Diritto_Amministrativo,false,,,,2026-05-15 21:10:33.313064,false,
1778847477226-12,È corretto affermare che il Ministro dell'interno detiene i poteri di ordinanza in materia di protezione civile?,"A No, sono attribuiti al Presidente del consiglio dei ministri.","B No, sono attribuiti ai commissari delegati.",C Sì.,,A,Diritto_Amministrativo,false,,,,2026-05-15 21:10:33.313064,false,
1778847477226-13,È corretto affermare che il Ministero dell'interno svolge funzioni anche con riguardo alla tutela dei diritti civili?,"No, solo cittadinanza immigrazione e asilo.","No, solo ordine e sicurezza pubblica.",Sì.,,C,Diritto_Amministrativo,false,,,,2026-05-15 21:10:33.313064,false,
1778847477226-14,Identificare la sequenza corretta: 1) avviare videoscrittura 2) uscire 3) salvare 4) spegnere 5) accendere 6) digitare.,"A 4, 1, 6, 3, 2, 5.","B 1, 6, 5, 2, 3, 4.","C 5, 1, 6, 3, 2, 4.",,C,Uso_delle_tecnologie,false,,,,2026-05-15 21:10:33.313064,false,
1778847477226-15,Quale termine integra la serie: SALVIA - ORIGANO - MAGGIORANA - ..?..,PESCO.,BASILICO.,GELSOMINO.,,B,Logica,false,,,,2026-05-15 21:10:33.313064,false,
1778847561561-1,Un collega si rifiuta di collaborare su un compito essenziale perché non concorda con l'approccio del team. Come risolvi il conflitto per garantire il raggiungimento degli obiettivi?,"Organizzo un incontro tra il collega e il team per discutere apertamente il disaccordo, cercando una soluzione condivisa. Propongo anche una revisione del piano se necessario.","Faccio in modo che il collega si occupi di altre attività, senza sovraccaricarlo di ulteriori pressioni assegnando il compito a qualcun altro.",Chiedo al collega un incontro privato per capire le sue preoccupazioni e cerco di trovare un compromesso che gli permetta di contribuire senza sentirsi escluso.,,,Situazionali,true,A,C,B,2026-05-15 21:10:33.313064,false,
1778847561561-2,Un collega ti segnala che un dipartimento interno non risponde adeguatamente alle richieste dei cittadini. Come gestisci la situazione per migliorare l'efficacia della risposta?,Segnalo al collega che probabilmente il dipartimento è sovraccarico di lavoro e lascio che risolva da solo il problema con l'ufficio o offrendo il mio aiuto nel caso in cui mi venga chiesto.,"Parlo con i responsabili del dipartimento e segnalo le criticità, chiedendo se ci sono problemi interni che impediscono di rispondere alle richieste dei cittadini.","Organizzo un incontro con il dipartimento per identificare le cause dei ritardi o inefficienze, proponendo nuove procedure e strumenti per migliorare la qualità del servizio.",,,Situazionali,true,C,B,A,2026-05-15 21:10:33.313064,false,
1778847561561-3,"Ti viene chiesto di gestire un progetto di digitalizzazione, ma ti rendi conto che una parte del personale non ha le competenze adeguate. Come agiresti per risolvere questa lacuna?",Suggerisco al personale dei tutorial online o materiale disponibile e ipotizzo dei possibili corsi di formazione strutturati.,"Organizzo corsi di formazione specifici e pratici, coinvolgendo esperti esterni per accelerare l'apprendimento delle competenze mancanti.","Pianifico dei corsi di formazione per colmare le competenze mancanti, monitorando l’apprendimento nel corso del progetto.",,,Situazionali,true,B,C,A,2026-05-15 21:10:33.313064,false,
1778847561561-4,"L'amministrazione introduce nuove tecnologie per migliorare l'efficienza, ma il personale è riluttante a utilizzarle. Come ottimizzi le risorse tecnologiche già presenti?","Propongo al personale una formazione base per familiarizzarsi con le nuove tecnologie, offrendo supporto su richiesta e monitorando gradualmente i risultati.","Incoraggio le persone più propense all'uso delle nuove tecnologie ad utilizzarle, invitandoli a coinvolgere i colleghi.","Organizzo sessioni di formazione pratica per il personale, monitorando l’adozione delle nuove tecnologie e raccogliendo feedback per migliorare.",,,Situazionali,true,C,A,B,2026-05-15 21:10:33.313064,false,
1778847571353-2,L'Allegato A del D.Lgs. n. 33/2013 contiene la struttura delle informazioni dei siti istituzionali. Le sotto-sezioni di secondo livello Dati aggregati attività amministrativa e Tipologie di procedimento sono contenute nella sotto-sezione di primo livello:,Provvedimenti.,Disposizioni generali.,Attività e procedimenti.,,C,Diritto_Amministrativo,false,,,,2026-05-15 21:10:33.313064,false,
1778847571354-10,"Secondo il D.Lgs 165/2001, le pubbliche amministrazioni non possono conferire incarichi retribuiti a dipendenti di altre amministrazioni pubbliche senza la previa autorizzazione dell'amministrazione di appartenenza dei dipendenti stessi. Salve le più gravi sanzioni, il conferimento dei predetti incarichi, senza la previa autorizzazione:",Costituisce in ogni caso infrazione disciplinare per il funzionario responsabile del procedimento ed il relativo provvedimento è nullo di diritto.,Costituisce causa di responsabilità patrimoniale per danno erariale ed il relativo provvedimento è annullabile.,"Costituisce in ogni caso infrazione disciplinare per il funzionario responsabile del procedimento, ma il relativo provvedimento resta valido ed efficace.",,A,Diritto_Amministrativo,false,,,,2026-05-15 21:10:33.313064,false,
1778847571354-11,"L’art. 36 del d.lgs. 165/2001, recante “Norme generali sull’ordinamento del Lavoro alle dipendenze delle amministrazioni pubbliche”, stabilisce che i contratti di lavoro a tempo determinato posti in essere in violazione di disposizioni imperative riguardanti l'assunzione o l'impiego di lavoratori da parte delle pubbliche amministrazioni:",Sono nulli.,Possono essere oggetto di sanatoria.,Sono annullabili.,,A,Diritto_Amministrativo,false,,,,2026-05-15 21:10:33.313064,false,
1778847571354-12,"Quale delle seguenti strutture non è ufficio di diretta collaborazione con il Ministro, ai sensi del vigente disposto dell'art. 2 del D.P.R. n. 98/2002 (Regolamento di organizzazione degli Uffici di diretta collaborazione del Ministro dell'interno)?",Il Servizio di controllo interno.,La Segreteria del Ministro.,Le Segreterie dei Sottosegretari di Stato.,,A,Diritto_Amministrativo,false,,,,2026-05-15 21:10:33.313064,false,
1778847571354-14,"Quale dei seguenti soggetti non compone il Comitato provinciale per l'ordine e la sicurezza pubblica, secondo quanto previsto dall'art. 20 della Legge n. 121/1981?",Il comandante provinciale del Corpo delle capitanerie di porto.,Il comandante provinciale del Corpo forestale dello Stato.,Il comandante provinciale dell'Arma dei carabinieri.,,A,Diritto_Amministrativo,false,,,,2026-05-15 21:10:33.313064,false,
1778847571354-15,"È corretto affermare, a norma dell'art. 14 del decreto legislativo n. 300/1999 (Riforma dell'organizzazione del Governo), che il Ministero dell'interno svolge le funzioni e i compiti di spettanza statale anche con riguardo alla tutela dei diritti civili, ivi compresi quelli delle confessioni religiose?","No, il Ministero dell'interno svolge le funzioni e i compiti di spettanza statale solo con riguardo alla tutela dei diritti civili in materia di cittadinanza, immigrazione e asilo.","No, il Ministero dell'interno svolge le funzioni e i compiti di spettanza statale solo con riguardo alla tutela dell'ordine e della sicurezza pubblica e coordinamento delle forze di polizia.",Sì.,,C,Diritto_Amministrativo,false,,,,2026-05-15 21:10:33.313064,false,
1778847571354-16,"Indicare quale/i delle seguenti affermazioni è/sono conforme/i al disposto dell'articolo 11 del decreto legislativo n. 300/1999 (Riforma dell'organizzazione del Governo): 1) La Prefettura-Ufficio territoriale del Governo assicura l'esercizio coordinato dell'attività amministrativa degli uffici periferici dello Stato; 2) Il Presidente del Consiglio dei Ministri ed i Ministri, nell'esercizio del potere di indirizzo politico-amministrativo, emanano, ove occorra, apposite direttive ai Prefetti; 3) La Prefettura-Ufficio territoriale del Governo garantisce la leale collaborazione di detti uffici con gli enti locali.",La n. 1 e la n. 3.,Tutte le tre affermazioni.,La n. 2 e la n. 3.,,B,Diritto_Amministrativo,false,,,,2026-05-15 21:10:33.313064,false,
1778847571354-17,"Prima di visitare Londra ho visitato Parigi, ma prima di visitare Parigi ho visitato Madrid. Dopo aver visitato Madrid ho visitato Oporto, ma prima di visitare Oporto ho visitato Londra. In quale ordine le quattro città sono state visitate da me?","Madrid, Parigi, Londra, Oporto.","Londra, Parigi, Madrid, Oporto.","Oporto, Madrid, Parigi, Londra.",,A,Logica,false,,,,2026-05-15 21:10:33.313064,false,
1778847571354-18,Quali elementi eliminerebbe dal seguente gruppo? cloche - golf - tocco - fez - borsalino - blusa.,Tocco - fez.,Cloche - golf.,Golf - blusa.,,C,Logica,false,,,,2026-05-15 21:10:33.313064,false,
1778847571354-20,Cosa si può logicamente affermare se si stabilisce che: verde - verde - bianco = va bene; bianco - verde - bianco = va bene; verde - rosso - bianco = non va bene; bianco - blu - rosso = non va bene.,Due elementi della serie possono essere uguali.,Nella serie può essere presente anche un blu.,Nella serie può essere presente un rosso.,,A,Logica,false,,,,2026-05-15 21:10:33.313064,false,
1778847571354-21,Quale termine integra la serie che segue: SALVIA - ORIGANO - MAGGIORANA - ..?..,PESCO.,BASILICO.,GELSOMINO.,,B,Logica,false,,,,2026-05-15 21:10:33.313064,false,
1778847571354-22,Se ______ sta a Caravella allora è logico che Cielo stia a _____.,Mare - Elicottero.,Porto - Aereo.,Mare - Aerorimessa.,,A,Logica,false,,,,2026-05-15 21:10:33.313064,false,
1778847571354-23,Colui che è vestito in modo succinto e scomposto è:,Un individuo discinto.,Un individuo borioso.,Un individuo deferente.,,A,Logica,false,,,,2026-05-15 21:10:33.313064,false,
1778847571354-24,SE Essere in un mare di guai = 20.000; Tra il dire e il fare c'è di mezzo il mare = 31.000 ALLORA Tutti i fiumi vanno al mare = ______.,24.000.,22.000.,20.000.,,B,Logica,false,,,,2026-05-15 21:10:33.313064,false,
1778847571354-4,L'art. 3 della l. n. 241/1990 nel sancire l'obbligo di motivazione di ogni provvedimento amministrativo prescrive tra l'altro che:,In caso di provvedimenti positivi la motivazione non è richiesta.,La motivazione per relationem è ammessa solo per i provvedimenti negativi.,In ogni atto notificato al destinatario devono essere indicati il termine e l'autorità cui è possibile ricorrere.,,C,Diritto_Amministrativo,false,,,,2026-05-15 21:10:33.313064,false,
1778847571354-5,"In base alla vigente normativa in materia di programmazione delle pubbliche amministrazioni, il Piano integrato di attività e organizzazione, di cui all'art. 6 del decreto-legge n. 80/2021, ha durata:","Triennale, ma viene aggiornato annualmente.","Biennale, ma viene aggiornato annualmente.",Annuale.,,A,Diritto_Amministrativo,false,,,,2026-05-15 21:10:33.313064,false,
1778847571354-6,"Indicare quale/i delle seguenti affermazioni è/sono conforme/i al disposto dell'art. 6 del decreto-legge n. 80/2021 in materia di Piano integrato di attività e organizzazione (PIAO): 1) Il PIAO definisce gli strumenti e le fasi per giungere alla piena trasparenza dei risultati dell'attività e dell'organizzazione amministrativa, nonché per raggiungere gli obiettivi in materia di contrasto alla corruzione; 2) Il PIAO definisce le modalità e le azioni finalizzate a realizzare la piena accessibilità alle amministrazioni, fisica e digitale, da parte dei cittadini ultrasettantenni e dei cittadini con disabilità; 3) Il PIAO definisce gli obiettivi formativi annuali e pluriennali, finalizzati tra l'altro ai processi di pianificazione secondo le logiche del project management.",La n. 1 e la n. 3.,Tutte le tre affermazioni.,La n. 1 e la n. 2.,,A,Diritto_Amministrativo,false,,,,2026-05-15 21:10:33.313064,false,
1778847571354-7,"Quale strumento di programmazione definisce, tra l'altro, le modalità di monitoraggio degli esiti, con cadenza periodica, inclusi gli impatti sugli utenti, anche attraverso rilevazioni della soddisfazione dell'utenza mediante gli strumenti?",Il piano integrato di attività e organizzazione.,Il piano triennale di analisi e valutazione della spesa.,Il documento unico di programmazione.,,A,Diritto_Amministrativo,false,,,,2026-05-15 21:10:33.313064,false,
1778847571354-8,"Dispone l'art. 4 del D.P.R. n. 62/2013 (Codice di comportamento dei dipendenti pubblici) che il dipendente non può accettare incarichi di collaborazione da soggetti privati che abbiano, o abbiano avuto un interesse economico significativo in decisioni o attività inerenti all'ufficio di appartenenza. Tale disposizione vale:",Per il biennio precedente.,Per il triennio precedente.,Per l'anno precedente.,,B,Diritto_Amministrativo,false,,,,2026-05-15 21:10:33.313064,false,
1778847571354-9,"A norma del disposto di cui al co. 2, art. 14, del D.P.R. n. 62/2013, afferente i contratti ed altri atti negoziali, ad eccezione di quelli conclusi ai sensi dell'art. 1342 del c.c., il dipendente non conclude, per conto dell'amministrazione, contratti di appalto, di finanziamento o assicurazione, con imprese con le quali abbia stipulato contratti a titolo privato o ricevuto altre utilità:",Nel biennio precedente.,Nel quinquennio precedente.,Nel triennio precedente.,,A,Diritto_Amministrativo,false,,,,2026-05-15 21:10:33.313064,false,
1778847571355-38,"Dispone il D.P.R. n. 78/2019 (Regolamento recante l'organizzazione degli Uffici centrali di livello dirigenziale generale del Ministero dell'interno) che il Dipartimento per gli affari interni e territoriali svolge le funzioni e i compiti spettanti al Ministero dell'interno e indicati all'art. 3 del predetto D.P.R., tra cui rientrano quelli relativi:",Allo stato civile e anagrafe.,Al soccorso pubblico.,"Alla cittadinanza, alle minoranze e alle zone di confine.",,A,Diritto_Amministrativo,false,,,,2026-05-15 21:10:33.313064,false,
1778847571355-39,"È corretto affermare, ai sensi dell'art. 6 del D.P.R. n. 78/2019 (Regolamento recante l'organizzazione degli Uffici centrali di livello dirigenziale generale del Ministero dell'interno), che il Dipartimento dei vigili del fuoco, del soccorso pubblico e della difesa civile svolge le funzioni e i compiti spettanti al Ministero dell'Interno in materia di difesa civile e di concorso alle politiche di protezione civile?","No, solo in materia di difesa civile.","Sì, ferme restando le competenze del Dipartimento della protezione civile della Presidenza del Consiglio dei ministri.","No, tutte le funzioni e i compiti in materia di protezione civile sono state attribuite alla Presidenza del Consiglio dei ministri.",,B,Diritto_Amministrativo,false,,,,2026-05-15 21:10:33.313064,false,
1778847571355-45,"Ai sensi dell'art. 6 del decreto-legge n. 80/2021, tra i contenuti che devono essere definiti nel Piano integrato di attività e organizzazione (PIAO) sono comprese le modalità e le azioni finalizzate a realizzare la piena accessibilità alle amministrazioni, fisica e digitale, da parte dei cittadini ultrasessantacinquenni e dei cittadini con disabilità?",Sì.,"No, sono comprese le modalità e le azioni finalizzate a realizzare la piena accessibilità alle amministrazioni, fisica e digitale, solo da parte dei cittadini con disabilità.","No, sono comprese le modalità e le azioni finalizzate a realizzare la piena accessibilità alle amministrazioni, fisica e digitale, da parte dei cittadini ultrasettantenni e ai cittadini con disabilità.",,A,Diritto_Amministrativo,false,,,,2026-05-15 21:10:33.313064,false,
1778847571356-49,"Con il riordino dell'organizzazione del Governo delineato dal d.lgs. n. 300/1999, che funzioni hanno i dipartimenti?",Coordinano le attività che interessano aree di intervento e competenze di più ministeri.,"Svolgono compiti finali concernenti grandi aree di materie omogenee e i relativi compiti strumentali, ivi compresi quelli di indirizzo e coordinamento delle unità di gestione in cui si articolano.","Svolgono attività a carattere tecnico-operativo di interesse nazionale, operando al servizio delle amministrazioni pubbliche, comprese anche quelle regionali e locali.",,B,Diritto_Amministrativo,false,,,,2026-05-15 21:10:33.313064,false,
1778847571356-50,Identificare la sequenza corretta: 1) avviare il programma di videoscrittura 2) uscire dal programma di videoscrittura 3) salvare il documento 4) spegnere il computer 5) accendere il computer 6) digitare il testo.,"4, 1, 6, 3, 2, 5.","1, 6, 5, 2, 3, 4.","5, 1, 6, 3, 2, 4.",,C,Uso_delle_tecnologie,false,,,,2026-05-15 21:10:33.313064,false,
1778847716463-1,"A norma di quanto prevede l'art. 5, D.Lgs. n. 33/2013, entro quanti giorni dalla ricezione della comunicazione di accesso i controinteressati possono presentare una motivata opposizione, anche per via telematica, alla stessa richiesta di accesso?",Dieci giorni.,Cinque giorni.,Trenta giorni.,,A,Diritto_Amministrativo,false,,,,2026-05-15 21:10:33.313064,false,
1778847716463-2,"Esistono casi in cui un contratto pubblico può essere stipulato mediante corrispondenza secondo l'uso del commercio consistente in un apposito scambio di lettere, anche tramite posta elettronica certificata (d.lgs. n. 36/2023, art. 18)?","Si, come nel caso di procedura negoziata.","No, un contratto pubblico deve essere stipulato sempre mediante atto pubblico notarile.","No, un contratto pubblico deve essere stipulato sempre mediante forma pubblica amministrativa.",,A,Diritto_Amministrativo,false,,,,2026-05-15 21:10:33.313064,false,
1778847716463-3,"Dispone il co. 1, art. 3, l . n. 241/1990 che la motivazione deve indicare:",I requisiti di legittimità e i requisiti di efficacia.,Soggetto e oggetto del provvedimento.,"I presupposti di fatto e le ragioni giuridiche che hanno determinato la decisione dell'amministrazione, in relazione alle risultanze dell'istruttoria.",,C,Diritto_Amministrativo,false,,,,2026-05-15 21:10:33.313064,false,
1778847716464-10,L’art. 5 del D.P.R. n. 62/2013 detta i principi per la partecipazione ad associazioni e organizzazioni dei dipendenti pubblici (si indichi quale affermazione in merito non è corretta):,"Nel rispetto della disciplina vigente del diritto di associazione, il dipendente comunica tempestivamente al responsabile dell'ufficio di appartenenza la propria appartenenza ad organizzazioni, a prescindere dal loro carattere riservato o meno, i cui ambiti di interessi possano interferire con lo svolgimento dell'attività dell'ufficio anche se si tratti di sindacati.",Il pubblico dipendente non esercita pressioni al fine di costringere altri dipendenti ad aderire ad associazioni od organizzazioni promettendo vantaggi o prospettando svantaggi di carriera.,Il pubblico dipendente non costringe altri dipendenti ad aderire ad associazioni od organizzazioni promettendo vantaggi o prospettando svantaggi di carriera.,,A,Diritto_Amministrativo,false,,,,2026-05-15 21:10:33.313064,false,
1778847716464-11,"L’art. 45 del D.Lgs. 165/2001 stabilisce che i contratti collettivi di lavoro del personale delle pubbliche amministrazioni definiscono, in coerenza con le disposizioni legislative vigenti, trattamenti economici accessori collegati, tra l’altro:",Alla produttività collettiva.,Alla performance organizzativa con riferimento all'amministrazione nel suo complesso e alle unità organizzative o aree di responsabilità in cui si articola l'amministrazione.,Alla performance individuale e alla produttività collettiva riferita all'amministrazione nel suo complesso e non alle unità organizzative o aree di responsabilità in cui si articola l'amministrazione.,,B,Diritto_Amministrativo,false,,,,2026-05-15 21:10:33.313064,false,
1778847716464-13,"Ai sensi del vigente disposto dell'art. 2 del D.P.R. n. 98/2002 (Regolamento di organizzazione degli Uffici di diretta collaborazione del Ministro dell'interno), sono uffici di diretta collaborazione con il Ministro:","La Segreteria del Ministro, la Segreteria particolare del Ministro e la Segreteria tecnica del Ministro.","L'Ufficio di Gabinetto, l'Ufficio affari legislativi e relazioni parlamentari, il Servizio di controllo interno e l'Ufficio Stampa e Comunicazione.","Le Segreterie dei Sottosegretari di Stato, l'Ufficio di Gabinetto, l'Ufficio affari legislativi e relazioni parlamentari, il Servizio di controllo interno e l'Ufficio Stampa e Comunicazione.",,C,Diritto_Amministrativo,false,,,,2026-05-15 21:10:33.313064,false,
1778847716464-14,"A norma dell'art. 20 della Legge n. 121/1981, dove è istituito il Comitato provinciale per l'ordine e la sicurezza pubblica?",Presso ogni corte d'appello.,Presso ogni questura.,Presso ogni prefettura.,,C,Diritto_Amministrativo,false,,,,2026-05-15 21:10:33.313064,false,
1778847716464-15,"Dispone l'art. 5 del D.P.R. n. 78/2019 (Regolamento recante l'organizzazione degli Uffici centrali di livello dirigenziale generale del Ministero dell'interno) che il Dipartimento per le libertà civili e l'immigrazione svolge funzioni e compiti spettanti al Ministero nella tutela dei diritti civili, tra cui non rientrano quelli relativi:",Al soccorso pubblico.,All'asilo.,Alle confessioni religiose.,,A,Diritto_Amministrativo,false,,,,2026-05-15 21:10:33.313064,false,
1778847716464-16,"È corretto affermare, secondo quanto previsto dall'art. 2 del D.P.R. n. 98/2002 (Regolamento di organizzazione degli Uffici di diretta collaborazione del Ministro dell'interno), che l'assetto interno degli Uffici di diretta collaborazione è determinato con decreto del Ministro?","No, è determinato con regolamento ai sensi dell'art. 17 della Legge n. 400/1988.","No, è determinato con decreto del Presidente del Consiglio dei Ministri, su proposta del Ministro.","Sì, di natura non regolamentare.",,C,Diritto_Amministrativo,false,,,,2026-05-15 21:10:33.313064,false,
1778847716464-17,"In quale coppia, tra quelle proposte, i due vocaboli sono collegati da un rapporto di inclusione?","Delfino, mammiferi.","Lucertola, serpente.","Mammiferi, rettili.",,A,Logica,false,,,,2026-05-15 21:10:33.313064,false,
1778847716464-18,Terra sta a Pianeta come Luna sta a ..?...,Sole.,Satellite.,Stella.,,B,Logica,false,,,,2026-05-15 21:10:33.313064,false,
1778847716464-19,COSTELLAZIONE sta a (ORSA MINORE + PERSEO) come VENTO sta a (____+ ____).,(RAFFICA + TROMBA D'ARIA).,(BREZZA + SCIROCCO).,(SCIROCCO + LIBECCIO).,,C,Logica,false,,,,2026-05-15 21:10:33.313064,false,
1778847716464-20,Triangolo sta a ..?.. come Quadrato sta a Cubo.,Cerchio.,Cono.,Piramide.,,C,Logica,false,,,,2026-05-15 21:10:33.313064,false,
1778847716464-21,In quale dei seguenti gruppi può essere inserito deprecare?,"Criticare, disapprovare, condannare, biasimare, deplorare.","Rimuginare, riflettere, considerare, ponderare, congetturare.","Litigare, discutere, bisticciare, rimbeccarsi, contendere.",,A,Logica,false,,,,2026-05-15 21:10:33.313064,false,
1778847716464-22,_______ = Autunno come Febbraio = _______.,Inverno / Mese.,Stagione / Maggio.,Novembre / Inverno.,,C,Logica,false,,,,2026-05-15 21:10:33.313064,false,
1778847716464-4,"L'annullabilità del provvedimento amministrativo trova oggi la sua disciplina nell'art. 21-octies, l. n. 241/1990, inserito dalla l. n. 15/2005, e da ultimo modificato dal D.L. n. 76/2020, che al co 1, dispone che:",È annullabile il provvedimento amministrativo adottato in violazione di legge o viziato da difetto assoluto di attribuzione o da eccesso di potere.,È annullabile il provvedimento amministrativo adottato in violazione di legge o viziato da eccesso di potere o da incompetenza.,"È annullabile il provvedimento amministrativo che manca degli elementi essenziali, adottato in violazione di legge o viziato da eccesso di potere o da incompetenza.",,B,Diritto_Amministrativo,false,,,,2026-05-15 21:10:33.313064,false,
1778847716464-5,"Ai fini dell'istituto del diritto di accesso ai documenti amministrativi, disciplinato dal Capo V della l. n. 241/1990, si distingue interessati e controinteressati. Per controinteressati si intende:","Tutti i soggetti privati, compresi quelli portatori di interessi pubblici o diffusi, che abbiano un interesse diretto, concreto e attuale, corrispondente ad una situazione giuridicamente tutelata e collegata al documento al quale è chiesto l'accesso.",Tutti i soggetti che a qualsiasi titolo sono nominati nel documento amministrativo di cui si richiede l'accesso.,"Tutti i soggetti, individuati o facilmente individuabili in base alla natura del documento richiesto, che dall'esercizio dell'accesso vedrebbero compromesso il loro diritto alla riservatezza.",,C,Diritto_Amministrativo,false,,,,2026-05-15 21:10:33.313064,false,
1778847716464-6,"Ai sensi dell'art. 1 del regolamento approvato con il D.P.R. 24 giugno 2022, n. 81, è corretto affermare che, per le amministrazioni pubbliche indicate nell'art. 6, comma 1, del decreto-legge n. 80/2021, è soppresso, in quanto assorbito dal Piano integrato di attività e organizzazione (PIAO), il Piano triennale delle azioni concrete per l'efficienza delle pubbliche amministrazioni, previsto dall'articolo 60-bis del decreto legislativo 30 marzo 2001, n. 165?","No, è abrogato il Piano della performance di cui all'articolo 10, commi 1, lettera a), e 1-ter, del decreto legislativo n. 150/2009.","No, è abrogato il Piano triennale dei fabbisogni di personale di cui all'articolo 6, commi 1 e 4, del decreto legislativo 30 marzo 2001, n. 165.",Sì.,,C,Diritto_Amministrativo,false,,,,2026-05-15 21:10:33.313064,false,
1778847716464-7,Le pubbliche amministrazioni di cui all'art. 6 del decreto-legge n. 80/2021 pubblicano annualmente il Piano integrato di attività e organizzazione (PIAO) e i relativi aggiornamenti nel proprio sito internet istituzionale e li inviano:,Al Dipartimento della funzione pubblica della Presidenza del Consiglio dei ministri per la pubblicazione sul relativo portale.,Al Dipartimento della funzione pubblica della Presidenza del Consiglio dei ministri e all'Autorità nazionale anticorruzione per la pubblicazione sui rispettivi portali.,All'Autorità nazionale anticorruzione per la pubblicazione sul relativo portale.,,B,Diritto_Amministrativo,false,,,,2026-05-15 21:10:33.313064,false,
1778847716464-8,"Ai sensi dell'art. 1 del regolamento approvato con il D.P.R. 24 giugno 2022, n. 81, è corretto affermare che, per le amministrazioni pubbliche indicate nell'art. 6, comma 1, del decreto-legge n. 80/2021, è soppresso, in quanto assorbito dal Piano integrato di attività e organizzazione (PIAO), il Piano per razionalizzare l'utilizzo delle dotazioni strumentali, anche informatiche, che corredano le stazioni di lavoro nell'automazione d'ufficio, previsto dall'articolo 2, comma 594, lettera a), della legge 24 dicembre 2007, n. 244?",Sì.,"No, sono abrogati il Piano organizzativo del lavoro agile, di cui all'articolo 14, comma 1, della legge 7 agosto 2015, n. 124) e i Piani di azioni positive di cui all'articolo 48, comma 1, del decreto legislativo 11 aprile 2006, n. 198.","No, è abrogato il Piano di prevenzione della corruzione, di cui agli articoli 1, commi 5, lettera a) e 60, lettera a), della legge 6 novembre 2012, n. 190;.",,A,Diritto_Amministrativo,false,,,,2026-05-15 21:10:33.313064,false,
1778847716464-9,"In materia di disciplina delle mansioni, l’art. 52 del decreto legislativo n. 165/2001 dispone, tra l’altro, che:","L'esercizio di fatto di mansioni non corrispondenti alla qualifica di appartenenza non ha effetto ai fini dell'inquadramento del lavoratore o dell'assegnazione di incarichi di direzione, ma può essere tenuto in conto ai fini del successivo sviluppo professionale o di procedure concorsuali o selettive.","Nei casi di utilizzo del dipendente in mansioni proprie di una qualifica superiore, per il periodo di effettiva prestazione il lavoratore ha comunque diritto al trattamento economico previsto per la qualifica superiore, anche in caso di nullità dell’assegnazione alle mansioni superiori.","Qualora l'utilizzazione del dipendente sia disposta per sopperire a vacanze dei posti in organico, immediatamente, e comunque nel termine massimo di sessanta giorni dalla data in cui il dipendente è assegnato alle predette mansioni, devono essere avviate le procedure per la copertura dei posti vacanti.",,B,Diritto_Amministrativo,false,,,,2026-05-15 21:10:33.313064,false,
1778847727985-1,"Un membro del team manifesta il desiderio di migliorare le proprie competenze, ma non è chiaro quali siano le opportunità di sviluppo. Come agisci per supportare la sua crescita?","Propongo al collaboratore alcune opportunità di formazione, chiedendogli di valutarle e offrendo il mio supporto per qualsiasi esigenza di chiarimento.","Lavoro insieme al collaboratore per identificare aree di miglioramento e sviluppo, creando un piano di formazione personalizzato.","Consiglio al collaboratore di cercare autonomamente opportunità di sviluppo, valutando lui stesso quali siano le migliori per il suo sviluppo professionale.",,,Situazionali,true,B,A,C,2026-05-15 21:10:33.313064,false,
1778847727985-2,Devi supervisionare un gruppo di lavoro che tende a trascurare i dettagli per focalizzarsi sugli obiettivi fondamentali. Come ti assicuri che il loro lavoro sia accurato?,Stabilisco check-point regolari per verificare il progresso e offro formazione o supporto aggiuntivo per garantire la qualità del lavoro.,Fornisco linee guida chiare su come evitare errori e faccio delle verifiche finali sul lavoro svolto.,"Mi fido del lavoro del team e lascio che proceda da solo per evitare controlli troppo soffocanti, intervenendo solo alla fine per correggere eventuali errori visibili.",,,Situazionali,true,A,B,C,2026-05-15 21:10:33.313064,false,
1778847727985-3,"Durante un progetto complesso, ti accorgi che alcuni colleghi non condividono la tua stessa determinazione nel raggiungere l'obiettivo. Come gestisci la situazione?","Faccio una riunione con il team per motivare tutti, spiegando l'importanza del progetto e cercando di capire le loro difficoltà per trovare soluzioni comuni.","Parlo singolarmente con i colleghi, cercando di motivarli e spiegando l’importanza degli obiettivi da raggiungere, senza forzarli a modificare il loro approccio.","Continuo il lavoro concentrandomi sulle mie responsabilità, mi focalizzo sui colleghi più interessati, senza cercare di coinvolgere ulteriormente quelli meno motivati.",,,Situazionali,true,A,B,C,2026-05-15 21:10:33.313064,false,
1778847727985-4,Un progetto è in fase di stallo perché i membri del team non collaborano adeguatamente tra loro. Come intervieni per ristabilire un clima di lavoro positivo?,"Lascio che il team affronti i problemi di collaborazione in autonomia, offrendo una supervisione e un aiuto nella mediazione, confidando nel fatto che la situazione si risolva nel tempo.","Parlo individualmente con i membri del team per capire le loro preoccupazioni e problemi, poi intervengo gradualmente per risolvere i conflitti. Faccio piccoli aggiustamenti nel processo di comunicazione e lavoro per migliorare la collaborazione.","Organizzo una riunione di team per affrontare le difficoltà di collaborazione, incoraggiando un dialogo costruttivo. Introduco strumenti e metodi di lavoro collaborativi per rafforzare lo spirito di squadra e la comunicazione tra i membri.",,,Situazionali,true,C,B,A,2026-05-15 21:10:33.313064,false,
1778847727985-5,"Durante la transizione digitale, si manifestano numerosi errori nel sistema che mettono a rischio i dati sensibili dei cittadini. Come affronteresti questa crisi?","Segnalerei il problema alle autorità competenti e chiederei un audit di sicurezza, comunicando con cautela agli utenti coinvolti.",Attenderei ulteriori possibili sviluppi prima di prendere misure drastiche e valuterei meglio la natura degli errori del sistema.,Bloccherei l'accesso al sistema per evitare la possibile circolazione dei dati sensibili e in seguito attiverei un team dedicato per avviare delle indagini approfondite e implementando misure di sicurezza avanzate.,,,Situazionali,true,C,A,B,2026-05-15 21:10:33.313064,false,
1778848643496-1,Possono intervenire nel procedimento amministrativo (art. 9 l.n. 241/1990):,"Qualunque soggetto, portatore di interessi pubblici o privati, nonché' i portatori di interessi diffusi costituiti in associazioni o comitati, cui possa derivare un pregiudizio dal provvedimento.",Esclusivamente il soggetto nei cui confronti il provvedimento finale è destinato a produrre effetti diretti.,"Ogni soggetto, purché persona fisica, che sia portatore di interessi pubblici o privati, anche diffusi, cui possa derivare un pregiudizio dal provvedimento.",,A,Diritto_Amministrativo,false,,,,2026-05-15 21:10:33.313064,false,
1778848643496-10,"La responsabilità civile eventualmente configurabile a carico del dirigente in relazione a profili di illiceità nelle determinazioni concernenti lo svolgimento del procedimento disciplinare (co. 5, art. 55-sexies, TUPI):",È limitata ai casi di dolo o colpa grave.,È limitata ai casi di dolo.,È limitata ai casi di colpa gravissima.,,A,Diritto_Amministrativo,false,,,,2026-05-15 21:10:33.313064,false,
1778848643496-11,"Il Capo di Gabinetto del Ministro dell’interno assicura il supporto al Ministro per l'esercizio delle funzioni di indirizzo politico-amministrativo e di tutte quelle attribuite dalla vigente normativa. A norma del D.P.R n. 82/2002 (Regolamento di organizzazione degli Uffici di diretta collaborazione del Ministro dell'interno), il Capo di Gabinetto si avvale di due Vice Capi di Gabinetto scelti:",Tra i Questori collocati a disposizione.,Tra i Generali dell’Arma dei Carabinieri collocati a disposizione.,Tra i Prefetti collocati a disposizione.,,C,Diritto_Amministrativo,false,,,,2026-05-15 21:10:33.313064,false,
1778848643496-12,Tra le strutture organizzative del Ministero dell’interno rientrano i Dipartimenti. In particolare il Dipartimento per gli Affari interni e territoriali in quante Direzioni generali è articolato?,Dodici.,Otto.,Quattro.,,B,Diritto_Amministrativo,false,,,,2026-05-15 21:10:33.313064,false,
1778848643496-13,"Con riferimento all’art. 12 del D.P.R n. 82/2002 (Regolamento di organizzazione degli Uffici di diretta collaborazione del Ministro dell'interno), può il Ministro avvalersi di Consiglieri scelti fra persone dotate di elevata professionalità nelle materie di competenza del Ministero?","No, mai; il Ministro può avvalersi di Consiglieri scelti tra gli organici del Ministero, tramite apposita selezione pubblica.","Si, sempre e senza alcun limite di unità.","Si, ma nel numero massimo di sei unità.",,C,Diritto_Amministrativo,false,,,,2026-05-15 21:10:33.313064,false,
1778848643496-14,"Con riferimento alla struttura organizzativa del Ministero dell’interno, le Segreterie dei Sottosegretari:",Sono Dipartimenti.,Sono Uffici di diretta collaborazione con il Ministro.,Sono Direzioni generali.,,B,Diritto_Amministrativo,false,,,,2026-05-15 21:10:33.313064,false,
1778848643496-15,"Se B<C, D>B, A<B, quale delle seguenti affermazioni è sicuramente falsa?",C<A.,D<C.,C<D.,,A,Logica,false,,,,2026-05-15 21:10:33.313064,false,
1778848643496-16,"Un aereo atterra a Cagliari alle 17.38, con 84 minuti di ritardo. A che ora avrebbe dovuto atterrare?",Alle 15.14.,Alle 16.15.,Alle 16.14.,,C,Logica,false,,,,2026-05-15 21:10:33.313064,false,
1778848643496-17,"Supponendo che: la distanza stradale tra Bologna e Ferrara sia 52 km, tra Ferrara e Modena 102 km, tra Modena e Parma 59 km. Quanti km vengono percorsi da Bologna a Parma?",Km 231.,Km 213.,Km 154.,,B,Logica,false,,,,2026-05-15 21:10:33.313064,false,
1778848643496-18,Quali elementi eliminerebbe dal seguente gruppo? guanti - camicia - blusa - maglietta - calzoncini - t-shirt.,Guanti - calzoncini.,Blusa - maglietta.,Guanti - camicia.,,A,Logica,false,,,,2026-05-15 21:10:33.313064,false,
1778848643496-19,Completare la proporzione. Se Baleniere sta a Pescatore allora è logico che ..?.. stia a ..?...,Imbianchino - Manovale.,Impiegato - Bancario.,Manovale - Minatore.,,B,Logica,false,,,,2026-05-15 21:10:33.313064,false,
1778848643496-2,Il comma 1 dell'art. 2 della l. n. 241/1990 prevede l'obbligo di conclusione esplicita del procedimento amministrativo:,Solo quando il procedimento debba essere iniziato d'ufficio per iniziativa di altra pubblica amministrazione.,Solo quando esso consegua ad istanza o ad una denuncia.,Sia quando esso consegua obbligatoriamente ad istanza ovvero sia quando sia iniziato d'ufficio.,,C,Diritto_Amministrativo,false,,,,2026-05-15 21:10:33.313064,false,
1778848643496-20,_____ sta a Insetto come Orso sta a _____.,Moscerino - Mammifero.,Gufo - Mammifero.,Farfalla - Anfibio.,,A,Logica,false,,,,2026-05-15 21:10:33.313064,false,
1778848643496-21,In quale delle seguenti parole non si cela il termine estate?,Estinta.,Esatte.,Attese.,,A,Logica,false,,,,2026-05-15 21:10:33.313064,false,
1778848643496-22,Se Vacuo sta a Mancante e Valoroso sta a Intrepido allora:,Schietto sta a Sincero.,Schiettezza sta a Artificiosità.,Sventato sta a Serio.,,A,Logica,false,,,,2026-05-15 21:10:33.313064,false,
1778848643496-23,Livello di confidenza:,È un valore compreso fra 0 e 10 con cui si ritiene di aver fatto correttamente dei calcoli.,È la probabilità con cui si ritiene che un parametro incognito sia all’interno di un intervallo.,È la misura della sicurezza del valore di un determinato parametro.,,B,Logica,false,,,,2026-05-15 21:10:33.313064,false,
1778848643496-24,La fase diretta ad introdurre l'interesse pubblico primario nonché gli interessi secondari di cui sono titolari i privati interessati all'oggetto del provvedimento da emanare è:,La fase dell'iniziativa.,La fase decisoria.,La fase istruttoria.,,C,Diritto_Amministrativo,false,,,,2026-05-15 21:10:33.313064,false,
1778848643496-25,Art. 357 c.p. (Pubblico ufficiale) – Art. 358 c.p. (Persona incaricata di un pubblico servizio) – Art. 359 c.p. (Persone esercenti un servizio di pubblica necessità). I giudici ordinari ed amministrativi:,Sono persone esercenti un servizio di pubblica necessità.,Sono pubblici ufficiali.,Sono persone incaricate di un pubblico servizio.,,B,Diritto_Amministrativo,false,,,,2026-05-15 21:10:33.313064,false,
1778848643496-26,"Le disposizioni di cui all'art. 53, commi da 7 a 13, del tupi afferenti gli incarichi retribuiti non si applicano:","Ai dipendenti con rapporto di lavoro a tempo parziale con prestazione lavorativa non superiore al 50% di quella a tempo pieno, ai docenti universitari a tempo definito e alle altre categorie di dipendenti pubblici ai quali è consentito da disposizioni speciali lo svolgimento di attività libero-professionali.","Ai dipendenti con rapporto di lavoro a tempo parziale con prestazione lavorativa non superiore al 55% di quella a tempo pieno, agli avvocati e procuratori dello Stato e alle altre categorie di dipendenti pubblici ai quali è consentito da disposizioni speciali lo svolgimento di attività libero-professionali.","Ai dipendenti con rapporto di lavoro a tempo parziale con prestazione lavorativa non superiore al 40% di quella a tempo pieno, ai magistrati ordinari, amministrativi e contabili e alle altre categorie di dipendenti pubblici ai quali è consentito da disposizioni speciali lo svolgimento di attività libero-professionali.",,A,Diritto_Amministrativo,false,,,,2026-05-15 21:10:33.313064,false,
1778848643496-27,Argomento: struttura organizzativa del Ministero dell’interno a livello provinciale. Il soccorso in caso di pubblici o privati infortuni è competenza:,Del Prefetto.,Del Questore.,Del Capo della Protezione civile locale.,,A,Diritto_Amministrativo,false,,,,2026-05-15 21:10:33.313064,false,
1778848643496-28,Se MONOPETALO vale OPETA allora DISTINGUIBILE vale....,TINGUILE.,TINGUIBE.,TINGUIBI.,,B,Logica,false,,,,2026-05-15 21:10:33.313064,false,
1778848643496-3,"Con riferimento agli atti giuridici dell'Unione, indicare qual è la differenza fondamentale tra regolamenti e direttive.","I primi sono rivolti solo agli Stati membri, i secondi sono rivolti anche alle persone fisiche e giuridiche degli Stati membri.",I primi sono direttamente applicabili negli ordinamenti nazionali mentre i secondi vincolano gli Stati membri in ordine al risultato da raggiungere lasciando libertà ai singoli Stati in merito alla forma e ai mezzi da utilizzare.,I primi hanno un'efficacia mediata mentre i secondi hanno efficacia immediata.,,B,Diritto_Amministrativo,false,,,,2026-05-15 21:10:33.313064,false,
1778848643496-4,Sono requisiti d'efficacia del provvedimento amministrativo:,La compatibilità e la competenza.,L'esistenza e la sufficienza della motivazione.,Le comunicazioni.,,C,Diritto_Amministrativo,false,,,,2026-05-15 21:10:33.313064,false,
1778848643496-5,"Il reato di Corruzione per l'esercizio della funzione di cui all'art. 318, c.p. è commesso:","Dal pubblico ufficiale che, per l'esercizio delle sue funzioni o dei suoi poteri, indebitamente riceve, per sé o per un terzo, denaro o altra utilità o ne accetta la promessa.","Dal pubblico ufficiale, che, per omettere o ritardare o per aver omesso o ritardato un atto del suo ufficio, ovvero per compiere o per aver compiuto un atto contrario ai doveri di ufficio, riceve, per sé o per un terzo, denaro o altra utilità, o ne accetta la promessa.","Dal pubblico ufficiale che, nello svolgimento delle funzioni, in violazione di specifiche regole di condotta espressamente previste dalla legge e dalle quali non residuino margini di discrezionalità, intenzionalmente procura a sé o ad altri un ingiusto vantaggio patrimoniale ovvero arreca ad altri un danno ingiusto.",,A,Diritto_Amministrativo,false,,,,2026-05-15 21:10:33.313064,false,
1778848643496-6,"Si configura peculato d’uso (art. 314, co. 2, c.p.) se la cosa oggetto del reato è una somma di denaro?","Si, se l’uso è momentaneo.","No, il reato si configura solo nel caso di cose mobili di specie.","Si, il reato si configura solo nel caso di denaro.",,B,Diritto_Amministrativo,false,,,,2026-05-15 21:10:33.313064,false,
1778848643496-7,In ordine al delitto di Turbata libertà del procedimento di scelta del contraente (art. 353 bis c.p.) è giuridicamente corretto affermare che:,Non è consentito l'arresto facoltativo in flagranza.,"Si configura quando chiunque con violenza o minaccia, o con doni, promesse, collusioni o altri mezzi fraudolenti, turba il procedimento amministrativo diretto a stabilire il contenuto del bando o di altro atto equipollente al fine di condizionare le modalità di scelta del contraente da parte della pubblica amministrazione.",È un delitto dei pubblici ufficiali contro la pubblica amministrazione.,,B,Diritto_Amministrativo,false,,,,2026-05-15 21:10:33.313064,false,
1778848643496-8,"Nell’ipotesi contemplata al comma 1, art. 55-quinquies D.Lgs. n. 165/2001 che si verifica, tra l’altro, quando il lavoratore giustifica l'assenza dal servizio mediante una certificazione medica falsa o falsamente attestante uno stato di malattia, il lavoratore:",È obbligato a risarcire sia il danno patrimoniale subito dall'amministrazione che il danno all’immagine.,È obbligato a risarcire solo il danno all'immagine subito dall'amministrazione.,È obbligato a risarcire solo il danno patrimoniale subito dall'amministrazione.,,A,Diritto_Amministrativo,false,,,,2026-05-15 21:10:33.313064,false,
1778848643496-9,"In applicazione di quale dovere previsto dal Codice di comportamento dei dipendenti pubblici, il dipendente deve rispettare le misure necessarie alla prevenzione degli illeciti all'interno della p.a. e le prescrizioni contenute nel Piano per la prevenzione della corruzione?",Diligenza.,Prevenzione della corruzione.,Obbligo di astensione.,,B,Diritto_Amministrativo,false,,,,2026-05-15 21:10:33.313064,false,
1778848648194-1,Un collega ti accusa ingiustamente di non aver rispettato una scadenza. Come gestisci la frustrazione e chiarisci la situazione?,Spiego il mio punto di vista al collega in modo educato e chiedo un confronto privato per risolvere il malinteso.,"Rispondo con calma, fornisco le prove del rispetto della scadenza e propongo di discutere con il team per chiarire la situazione senza conflitti.","Difendo energicamente la mia posizione, fornendo le prove della corretta consegna nei tempi previsti dal progetto e accusando il collega di cattiva fede nei miei confronti.",,,Situazionali,true,B,A,C,2026-05-15 21:10:33.313064,false,
1778848648194-2,"Durante una negoziazione con un altro ente, ti trovi in difficoltà e la controparte insiste su condizioni sfavorevoli. Come mantieni la lucidità?","Mantengo una posizione di difesa, senza cedere alle condizioni sfavorevoli cercando di spiegare il mio punto di vista.","Mantengo un atteggiamento calmo, chiedo una pausa per riflettere e poi rientro nella negoziazione proponendo condizioni più equilibrate.","Difendo la mia posizione e rispondo che certe condizioni non sono accettabili, ponendo un aut-aut al mio interlocutore.",,,Situazionali,true,B,A,C,2026-05-15 21:10:33.313064,false,
1778848648194-3,Un nuovo sistema di gestione dei dati viene introdotto nella tua amministrazione. Come immagini gli scenari futuri e come imposti la strategia di utilizzo?,"Imposto l'uso del sistema concentrandomi su alcune funzioni chiave per migliorare la gestione dei dati. Mi attendo che il sistema si integri progressivamente con le altre attività, portando miglioramenti graduali nel tempo.","Definisco una strategia di implementazione che includa formazione e coinvolgimento degli utenti finali, prevedendo l'integrazione del nuovo sistema in nei processi decisionali e operativi per migliorarne l’efficacia.","Propongo di introdurre il sistema in maniera graduale in alcuni dipartimenti e valuto il suo utilizzo, apportando miglioramenti sulla base dei feedback raccolti.",,,Situazionali,true,B,C,A,2026-05-15 21:10:33.313064,false,
1778848648194-4,La tua organizzazione non ha ancora sviluppato una strategia digitale chiara. Come ti approcceresti per promuovere la digitalizzazione?,Aspetto che sia la dirigenza a definire una strategia digitale e seguo le loro indicazioni non appena saranno chiar e condivise. Sicuramente sarò pronto a metterla in campo.,"Creo un team interfunzionale per definire una strategia digitale, partendo da un'analisi dello stato attuale dei processi e delle tecnologie usate e organizzo workshop per sensibilizzare i leader aziendali, delineando un piano d'azione chiaro e scalabile nel tempo.","Propongo un piano di digitalizzazione graduale, iniziando con la revisione dei processi più critici che possono beneficiare immediatamente dell’adozione digitale. Suggerisco di valutare soluzioni già adottate da altre organizzazioni simili come benchmark per sviluppare la strategia interna.",,,Situazionali,true,B,C,A,2026-05-15 21:10:33.313064,false,
1778848648194-5,"Durante l'implementazione di una nuova politica, emergono gravi criticità che non erano state previste. Come affronti la situazione?","Convoco un tavolo tecnico con tutti i soggetti coinvolti per ridefinire le priorità, valutare le soluzioni disponibili e attuare un piano correttivo.","Procedo comunque con l'implementazione, ragionevolmente certo/a che le criticità si risolvano nel tempo e non dipendano da me o che abbiano un impatto minimo.","Informo i superiori delle criticità e propongo un piano di azioni correttive, chiedendo l’approvazione prima di procedere.",,,Situazionali,true,A,C,B,2026-05-15 21:10:33.313064,false,
1778848648194-6,"Durante un'emergenza, un dipartimento non riesce a gestire efficacemente le proprie funzioni, causando un blocco operativo. Come affronti la situazione?","Intervengo rapidamente per riassegnare temporaneamente le risorse da altri dipartimenti, fornendo supporto immediato al team in difficoltà. Valuto ed analizzo le cause della mancanza di efficienza per prevenire futuri blocchi.","Mi interfaccio con il responsabile del dipartimento in difficoltà per trovare una soluzione temporanea, almeno per sbloccare l'operatività.","Aspetto che il dipartimento risolva il problema. Intervenengo solo se il blocco dovesse protrarsi per più giorni, a quel punto proverei ad attivarmi.",,,Situazionali,true,A,B,C,2026-05-15 21:10:33.313064,false,
1778848648194-7,Ti viene assegnato un progetto che richiede la collaborazione con un team con cui hai avuto divergenze in passato. Come organizzi il lavoro?,"Mi limito a inviare istruzioni al team, faccio affidamento sul senso di responsabilità di tutti, confidando che le divergenze passate non influenzino il nuovo progetto e senza affrontare le problematiche precedenti.","Mantengo un approccio formale e cerco di assegnare compiti specifici a ciascun team, evitando il più possibile le aree in cui ci sono state divergenze, per ridurre potenziali conflitti.","Organizzo una riunione iniziale con il team per discutere apertamente delle divergenze passate e stabilire obiettivi comuni, creando una base di collaborazione costruttiva. Definisco ruoli chiari per ogni team per evitare sovrapposizioni.",,,Situazionali,true,C,B,A,2026-05-15 21:10:33.313064,false,
1778848648194-8,"Dopo aver erogato un servizio, scopri che l’utente è insoddisfatto e ha deciso di rivolgersi ai media. Come affronti la situazione per evitare danni all’immagine dell’amministrazione?","Contatto l’utente per discutere le sue preoccupazioni e trovare una soluzione, offrendo assistenza per correggere eventuali problemi e prevenire una cattiva pubblicità.",Informo i miei superiori della situazione e chiedo istruzioni su come affrontare la potenziale crisi mediatica.,"Informo i miei superiori della situazione e chiedo istruzioni su come affrontare la potenziale crisi mediatica, cercando di parlare con l’utente per chiarire la questione.",,,Situazionali,true,A,C,B,2026-05-15 21:10:33.313064,false,
1778848736722-1,"Durante una riorganizzazione interna, alcuni colleghi non sembrano adattarsi alle nuove procedure. Come li aiuteresti a comprendere il cambiamento?",Offro assistenza ai colleghi che la richiedono e li aiuto a comprendere le nuove procedure man mano che le difficoltà emergono.,Intervengo solo se richiesto esplicitamente e offro assistenza se necessario.,Organizzo sessioni di formazione e incontri per spiegare in dettaglio le nuove procedure e coinvolgo i colleghi nel processo di adattamento.,,,Situazionali,true,C,A,B,2026-05-15 21:10:33.313064,false,
1778848736722-2,Sei a capo di un progetto complesso e un imprevisto ti impedisce di rispettare una scadenza cruciale. Come gestisci la comunicazione con i tuoi superiori e cosa fai per minimizzare l'impatto?,"Informo immediatamente i miei superiori dell’imprevisto, proponendo un piano per ridurre al minimo il ritardo, e mi impegno a rispettare la nuova scadenza.","Comunico il ritardo ai superiori e aspetto che loro decidano come procedere, riservandomi di fornire soluzioni concrete solo in un tempo successivo, se richieste.","Segnalo il problema ai superiori, chiedendo il loro supporto per affrontare l'imprevisto, e attendo indicazioni prima di procedere.",,,Situazionali,true,A,C,B,2026-05-15 21:10:33.313064,false,
1778848736722-3,"Durante un progetto interdipartimentale, un team non condivide informazioni critiche, rallentando il lavoro. Come agisci per ottenere le informazioni necessarie e mantenere la collaborazione?","Aspetto che il team fornisca le informazioni quando sarà pronto, senza intervenire, mettendo in conto ritardi.","Contatto il team responsabile in modo informale e chiedo di condividere le informazioni mancanti, spiegando l’impatto negativo sul progetto.",Organizzo un incontro con il team per chiarire l'importanza delle informazioni mancanti e sollecito la condivisione di dati. Propongo strumenti di condivisione più efficienti per evitare future mancanze di comunicazione.,,,Situazionali,true,C,B,A,2026-05-15 21:10:33.313064,false,
1778848736722-4,"Durante una riunione con i cittadini, emergono critiche sulla qualità dei servizi. Come risponderesti e quali passi concreti faresti per migliorare il servizio?","Rassicurerei i cittadini che i loro suggerimenti verranno presi in considerazione e apporterei modifiche nei settori dove le criticità sono maggiori, mantenendo sotto osservazione l’evoluzione del servizio.","Risponderei in modo trasparente alle critiche, dimostrando apertura verso i suggerimenti. In seguito, organizzerei un'analisi interna per capire come migliorare i servizi e manterrei i cittadini aggiornati sui cambiamenti.","Accetterei le critiche e farei alcune modifiche iniziali per calmare le acque, confidando che possano bastare per migliorare la percezione del servizio e la soddisfazione dei cittadini, senza la necessità di apportare cambiamenti radicali.",,,Situazionali,true,B,A,C,2026-05-15 21:10:33.313064,false,
1778848736722-5,La tua amministrazione si sta preparando a un cambiamento normativo significativo. Come pianifichi una strategia per anticipare e gestire questo cambiamento?,"Segnalo ai dipartimenti che ci sarà un cambiamento normativo imminente. Conto che i team si adattino al cambiamento in modo autonomo, per cui per adesso non pianifico soluzioni specifiche.",Organizzo workshop per analizzare il cambiamento normativo e coinvolgo i team operativi per sviluppare nuovi processi. Prevedo anche formazione specifica per i dipendenti.,"Analizzo il cambiamento normativo e suggerisco al management di fare un piano di adeguamento progressivo, coinvolgendo i principali dipartimenti. Offro anche una guida scritta per facilitare l'adattamento.",,,Situazionali,true,B,C,A,2026-05-15 21:10:33.313064,false,
1778848736722-6,"Il tuo team deve collaborare con un ente esterno, ma ci sono problemi di comunicazione che rallentano il progetto. Come ti adoperi per migliorare la sinergia tra i gruppi?",Sono convinto che i problemi di comunicazione si risolvano da sé e mi concentro sulle attività del mio gruppo.,"Organizzo una riunione con il team interno e l'ente esterno per chiarire i problemi di comunicazione, proponendo l'uso di strumenti più efficaci e modalità di comunicazione regolari.","Contatto l'ente esterno e propongo un incontro per discutere delle difficoltà di comunicazione, cercando di trovare una soluzione accettabile.",,,Situazionali,true,B,C,A,2026-05-15 21:10:33.313064,false,
1778848736722-7,Ti trovi in un contesto in cui i tuoi superiori sono molto conservatori e tendono a respingere le nuove idee. Come ti comporti per avanzare nuove proposte?,"Presento la mia idea ai superiori in modo discreto e rispettoso, cercando di adeguarmi al loro stile di leadership e chiedendo loro un feedback.","Evito di presentare idee nuove, cerco di creare i presupposti affinchè siano i superiori a richiedere innovazioni, accettando, nell'attesa, di mantenere lo status quo.","Preparo una proposta ben strutturata, con dati a supporto e argomenti forti, e la presento in modo da dimostrare i benefici tangibili per l'amministrazione.",,,Situazionali,true,C,A,B,2026-05-15 21:10:33.313064,false,
1778848747332-1,Qual è la finalità dell'accesso documentale ex l. 241/1990?,Porre i soggetti interessati in grado di esercitare al meglio le facoltà - partecipative e/o oppositive e difensive - che l'ordinamento attribuisce loro a tutela delle posizioni giuridiche qualificate di cui sono titolari.,Favorire forme diffuse di controllo sull'utilizzo delle risorse pubbliche.,Favorire forme diffuse di controllo sul perseguimento delle funzioni istituzionali.,,A,Diritto_Amministrativo,false,,,,2026-05-15 21:10:33.313064,false,
1778848747332-10,"Con riferimento alla struttura organizzativa del Ministero dell’interno, quanti sono gli uffici di diretta collaborazione con il Ministro?",Tre.,Sei.,Nove.,,B,Diritto_Amministrativo,false,,,,2026-05-15 21:10:33.313064,false,
1778848747332-11,"La struttura organizzativa del Ministero dell’interno è articolata, tra l’altro, in Dipartimenti: quale di questi si occupa, tramite apposita Direzione centrale, di acquisire e analizzare le informazioni connesse all’attività di vigilanza, prevenzione e contrasto dell’immigrazione via mare e il raccordo degli interventi operativi fatti dai mezzi della marina militare, delle Forze di polizia e delle Capitanerie di porto?",Dipartimento per la Pubblica sicurezza.,Dipartimento per le Libertà civili e l'Immigrazione.,Dipartimento per gli Affari interni e territoriali.,,A,Diritto_Amministrativo,false,,,,2026-05-15 21:10:33.313064,false,
1778848747332-12,"Tra gli Uffici di diretta collaborazione del Ministro dell’interno rientra l’Organismo indipendente di valutazione della performance. Quale funzione, tra le altre, espleta?","Attività di supporto tecnico all'attività istituzionale del Ministro anche attraverso l'acquisizione e l'elaborazione di documenti e rapporti, necessari per approfondimenti di carattere tecnico scientifico, e l'organizzazione e la partecipazione a tavoli di concertazione.","Cura l'istruttoria e lo svolgimento delle risposte agli atti di sindacato ispettivo parlamentare (interpellanze, interrogazioni, question time, mozioni, audizioni.",Attività di controllo strategico per verificare l’effettiva attuazione delle scelte contenute nelle direttive ed altri atti di indirizzo politico e referto diretto all’organo di indirizzo politico-amministrativo.,,C,Diritto_Amministrativo,false,,,,2026-05-15 21:10:33.313064,false,
1778848747332-13,"Con riferimento alla struttura organizzativa del Ministero dell’interno, l’Ufficio stampa e comunicazione è:",Un Ufficio di diretta collaborazione con il Ministro.,Una Direzione generale.,Un Dipartimento.,,A,Diritto_Amministrativo,false,,,,2026-05-15 21:10:33.313064,false,
1778848747332-14,"Tre uomini (A, B, C) sono in fila e hanno, non necessariamente in quest'ordine, 20, 30 e 40 anni. Il quarantenne B è subito dietro a C; il trentenne, primo, non si chiama A. Chi è l'ultimo della fila e quanti anni ha?",B e ha 40 anni.,B e ha 30 anni.,A e ha 20 anni.,,A,Logica,false,,,,2026-05-15 21:10:33.313064,false,
1778848747332-15,Identificare la sequenza corretta: 1) recarsi presso lo studio del medico 2) avvertire malessere 3) chiedere un appuntamento al medico 4) sdraiarsi sul lettino del medico 5) farsi visitare 6) uscire dallo studio del medico.,"3, 2, 1, 4, 6, 5.","6, 3, 1, 4, 5, 2.","2, 3, 1, 4, 5, 6.",,C,Logica,false,,,,2026-05-15 21:10:33.313064,false,
1778848747332-16,"Completare la seguente serie: LEVARE, CAVARE, RECIDERE, ESTIRPARE, ....",IMMETTERE.,APPORTARE.,AMPUTARE.,,C,Logica,false,,,,2026-05-15 21:10:33.313064,false,
1778848747332-17,Quale dei seguenti numeri integra la serie? 5 - 9 - ... - 10 – 7 - 11.,12.,6.,2.,,B,Logica,false,,,,2026-05-15 21:10:33.313064,false,
1778848747332-18,Individuare il termine che completa logicamente la proporzione. piena sta a piega come lista sta a ......,Lieta.,Lesta.,Lisca.,,A,Logica,false,,,,2026-05-15 21:10:33.313064,false,
1778848747332-19,"Chi sogna ad occhi aperti è poetico. Tutti i romanzieri sono poetici. Renato sogna ad occhi aperti. Se le precedenti affermazioni sono corrette, quale delle seguenti affermazioni NON rappresenta una conclusione corretta?",Non si può escludere che i romanzieri sognino ad occhi aperti.,Tutti coloro che sono poetici sognano ad occhi aperti.,Renato è poetico.,,B,Logica,false,,,,2026-05-15 21:10:33.313064,false,
1778848747332-2,A norma del disposto di cui all'art 87 della Costituzione l'attribuzione del potere di autorizzare la presentazione alle Camere dei disegni di legge di iniziativa del Governo spetta:,Al Presidente della Repubblica.,Allo stesso Presidente del Consiglio dei Ministri.,Al Ministro della giustizia.,,A,Diritto_Amministrativo,false,,,,2026-05-15 21:10:33.313064,false,
1778848747332-20,Se Aosta sta a Valle d'Aosta allora è logico che:,Bergamo stia a Lombardia.,Isernia stia a Molise.,Catanzaro stia a Calabria.,,B,Logica,false,,,,2026-05-15 21:10:33.313064,false,
1778848747332-21,"Utilizzando l'alfabeto italiano, inserire la lettera mancante nella seguente serie: G - I - N - P - .... - U.",Q.,S.,R.,,B,Logica,false,,,,2026-05-15 21:10:33.313064,false,
1778848747332-3,"Per espressa previsione di cui all'art. 17, par. 1, TUE, esercita funzioni di coordinamento, di esecuzione e di gestione, alle condizioni stabilite dai trattati:",Commissione.,Corte dei conti.,Consiglio europeo.,,A,Diritto_Amministrativo,false,,,,2026-05-15 21:10:33.313064,false,
1778848747332-4,"Può/possono essere soggetti attivi del delitto di peculato (art. 314, c.p.):","Esclusivamente il pubblico ufficiale o l'incaricato di un pubblico servizio, trattandosi di reato proprio.","Chiunque, anche estraneo alla pubblica amministrazione, trattandosi di reato comune.","Esclusivamente il pubblico ufficiale, trattandosi di reato proprio.",,A,Diritto_Amministrativo,false,,,,2026-05-15 21:10:33.313064,false,
1778848747332-5,"A norma del disposto di cui al co. 1, art. 317-bis del c.p., la condanna per il reato di Corruzione di una persona incaricata di un pubblico servizio di cui all'art. 320, c.p.:",Importa l'interdizione dai pubblici uffici ma non l'incapacità di contrattare con la pubblica amministrazione.,Importa l'interdizione dai pubblici uffici e l'incapacità di contrattare con la pubblica amministrazione.,Importa l'incapacità di contrattare con la pubblica amministrazione ma non l'interdizione dai pubblici uffici.,,B,Diritto_Amministrativo,false,,,,2026-05-15 21:10:33.313064,false,
1778848747332-6,Indicare quale tra le seguenti affermazioni in merito al reato di Utilizzazione d'invenzioni o scoperte conosciute per ragione d'ufficio di cui all'art. 325 del c.p. è corretta.,Il delitto ha natura istantanea e si consuma nel momento e nel luogo in cui avviene l'impiego dell'invenzione segreta.,La pena prevista è della reclusione da tre anni a dieci anni.,Il delitto si consuma al momento in cui nasce l'intenzione di usare illegittimamente l'invenzione o la scoperta anche se non è ancora avvenuta l'utilizzazione.,,A,Diritto_Amministrativo,false,,,,2026-05-15 21:10:33.313064,false,
1778848747332-7,"In base alla disciplina delle mansioni contenuta nell’art. 52 del decreto legislativo n. 165/2001, nella pubblica amministrazione si considera svolgimento di mansioni superiori:","L’attribuzione, sotto il profilo qualitativo, quantitativo e temporale, dei compiti propri di dette mansioni in misura non inferiore al cinquanta per cento.",Anche l'esercizio di fatto di mansioni non corrispondenti alla qualifica di appartenenza.,"Soltanto l’attribuzione in modo prevalente, sotto il profilo qualitativo, quantitativo e temporale, dei compiti propri di dette mansioni.",,C,Diritto_Amministrativo,false,,,,2026-05-15 21:10:33.313064,false,
1778848747332-8,La Carta costituzionale pur non disciplinando né il rapporto di lavoro pubblico né quello privato detta una serie di rilevanti prescrizioni che delineano gli aspetti fondamentali dello stesso. L'art. 97 della Costituzione:,Stabilisce che i pubblici impiegati sono al servizio esclusivo della Nazione.,Stabilisce che i pubblici uffici sono organizzati secondo disposizioni di legge in modo che siano assicurati il buon andamento e l'imparzialità dell'amministrazione.,"Stabilisce che per alcune categorie di dipendenti pubblici (magistrati, militari di carriera in servizio attivo, ecc) la legge possa anche stabilire limitazione al diritto d'iscrizione ai partiti politici.",,B,Diritto_Amministrativo,false,,,,2026-05-15 21:10:33.313064,false,
1778848747332-9,"Con riferimento a quanto prevede l'art. 53 del D.Lgs. n. 165/2001 i compensi derivati da collaborazione a giornali, riviste, enciclopedie e simili costituiscono incompatibilità?","No, non costituiscono incompatibilità.",Costituiscono incompatibilità se non preventivamente autorizzati dall'amministrazione di appartenenza.,Non costituiscono incompatibilità per i dipendenti con rapporto di lavoro a tempo parziale qualora la prestazione lavorativa non sia superiore al 50% di quella a tempo pieno.,,A,Diritto_Amministrativo,false,,,,2026-05-15 21:10:33.313064,false,
1778848833246-1,L’azienda ha deciso di adottare una nuova politica di lavoro flessibile. Come promuovi l’adozione di questa politica tra i collaboratori?,"Informo il team che l'azienda ha adottato la nuova politica di lavoro flessibile, permettendo che i collaboratori decidano autonomamente come gestirla, senza la necessità di fornire ulteriori spiegazioni o linee guida su come applicarla.","Comunico al team la possibilità di adottare orari flessibili e spiego brevemente come funziona, lasciando che ciascuno gestisca la propria flessibilità in autonomia, senza imporre regole specifiche ma mantenendo un occhio sui risultati.",Organizzo una riunione per spiegare i vantaggi del lavoro flessibile e le modalità di utilizzo. Coinvolgo il team nella definizione di regole comuni che possano garantire la produttività.,,,Situazionali,true,C,B,A,2026-05-15 21:10:33.313064,false,
1778848833246-2,Un progetto richiede l’intervento di più team con obiettivi leggermente diversi. Come garantisci la coesione tra i gruppi?,Comunico ai responsabili dei vari team l'importanza di collaborare e lascio a loro il compito di mantenere la coesione.,Organizzo incontri regolari tra i vari team per allineare gli obiettivi e promuovere una comprensione comune delle priorità. Definisco ruoli e responsabilità chiari per evitare conflitti.,"Indico gli obiettivi generali, lasciando che i team trovino il modo di collaborare senza supporto diretto.",,,Situazionali,true,B,A,C,2026-05-15 21:10:33.313064,false,
1778848833246-3,Ti viene chiesto di portare a termine un progetto in tempi ancora più brevi rispetto a quelli previsti inizialmente. Come ti organizzi per rispettare la nuova scadenza?,"Non mi preoccupo della nuova sfida, ma la accetto certa/o che il mio team sia in grado di portarla a termine.","Redistribuisco il carico di lavoro nel team e chiedo a tutti di accelerare le proprie attività, cercando di mantenere elevati i nostri standard di qualità.",Rivedo l'intero piano e organizzo delle attività in parallelo per ottimizzare i tempi. Coinvolgo anche risorse aggiuntive per accelerare il lavoro.,,,Situazionali,true,C,B,A,2026-05-15 21:10:33.313064,false,
1778848833246-4,"Se un nuovo progetto coinvolgesse un gruppo di stakeholder con opinioni contrastanti, come gestiresti le loro relazioni per assicurarti che il progetto vada avanti?",Proporrei un compromesso che mitighi le divergenze senza dover coinvolgere attivamente tutti gli stakeholder in discussioni approfondite.,Faciliterei una sessione di mediazione tra gli stakeholder per discutere delle loro opinioni contrastanti e trovare una soluzione condivisa. Creerei un piano di comunicazione strutturato per mantenere tutti informati e coinvolti.,"Preferisco che gli stakeholder risolvano autonomamente le loro divergenze, continuando con il progetto senza un intervento diretto, per evitare di essere coinvolto nei loro dissidi.",,,Situazionali,true,B,A,C,2026-05-15 21:10:33.313064,false,
1778848833247-5,"Ti è stato assegnato un compito che richiede il rispetto di regole organizzative rigide, ma alcune di esse sembrano ostacolare l'efficacia del progetto. Come gestisci il rispetto delle regole e il risultato atteso?","Propongo una modifica temporanea alle regole organizzative per ottimizzare il risultato, mantenendo comunque la conformità agli standard minimi necessari.","Mi attengo alle regole anche se ostacolano il progetto, confidando che sia più importante rispettarle che raggiungere l'obiettivo nel miglior modo possibile.",Segnalo ai superiori le problematiche riscontrate e chiedo una revisione delle regole per garantire che il progetto sia completato in modo efficace.,,,Situazionali,true,C,A,B,2026-05-15 21:10:33.313064,false,
1778848833247-6,Ti trovi a gestire un progetto complesso per l’amministrazione e hai ricevuto indicazioni incomplete che potrebbero generare errori nella fase esecutiva. Come ti comporti per garantire che il lavoro sia svolto con precisione e senza errori?,"Inizio a lavorare sulla base delle informazioni che ho e su eventuali feedback successivi per correggere gli errori che si verificheranno, senza approfondire subito la questione per non incorrere in un doppio lavoro.","Contatto prontamente i miei superiori per richiedere chiarimenti e, nel frattempo, consulto colleghi esperti per approfondire eventuali aree grigie. Propongo inoltre di migliorare le linee guida per evitare futuri fraintendimenti.","Verifico più volte le informazioni che ho ricevuto e mi rivolgo ai miei superiori per ottenere chiarimenti, evitando di prendere decisioni finché non ho indicazioni complete",,,Situazionali,true,B,C,A,2026-05-15 21:10:33.313064,false,
1778848833247-7,Alcuni stakeholder non sono soddisfatti delle modalità con cui viene gestito un progetto. Come intervieni per risolvere il problema?,"Raccolgo il feedback degli stakeholder e preparo un rapporto per i decisori del progetto, suggerendo possibili modifiche che tengano conto delle criticità segnalate.",Organizzo una riunione con gli stakeholder per discutere le loro preoccupazioni e trovare soluzioni comuni. Propongo modifiche al progetto per rispondere meglio alle loro esigenze.,"Accolgo il feedback degli stakeholder e proseguo con il progetto come pianificato, confidando che, una volta completato, i risultati saranno adeguati alle loro esigenze.",,,Situazionali,true,B,A,C,2026-05-15 21:10:33.313064,false,
1778848839592-1,"Il potere di nominare, nei casi indicati dalla legge, i funzionari dello Stato è attribuito dalla Costituzione:",Al Ministro della giustizia.,Al Presidente della Repubblica.,Al Presidente della Camera dei deputati.,,B,Diritto_Amministrativo,false,,,,2026-05-15 21:10:33.313064,false,
1778848839592-11,"In base al D.P.R n. 82/2002 (Regolamento di organizzazione degli Uffici di diretta collaborazione del Ministro dell'interno), il Capo dell'Ufficio Stampa e Comunicazione:",Deve necessariamente essere un Questore.,Deve necessariamente essere un Prefetto.,"Può essere scelto sulla base di un rapporto fiduciario, anche tra soggetti esterni alla pubblica amministrazione.",,C,Diritto_Amministrativo,false,,,,2026-05-15 21:10:33.313064,false,
1778848839592-12,"Nell’ambito della struttura organizzativa del Ministero dell’interno, gli sono attribuite tutte le funzioni esercitate dallo Stato a livello periferico: si tratta delle.",Direzioni regionali e i comandi provinciali dei Vigili del fuoco.,Questure.,Prefetture.,,C,Diritto_Amministrativo,false,,,,2026-05-15 21:10:33.313064,false,
1778848839592-13,"La struttura organizzativa del Ministero dell’interno è articolata, tra l’altro, in Dipartimenti: l'Osservatorio sulla finanza e la contabilità degli enti locali nell’ambito di quale Dipartimento è costituito?",Dipartimento per gli Affari interni e territoriali.,"Dipartimento per l’amministrazione generale, per le Politiche del personale dell'amministrazione civile e per le Risorse strumentali e finanziarie.",Dipartimento per la Pubblica sicurezza.,,A,Diritto_Amministrativo,false,,,,2026-05-15 21:10:33.313064,false,
1778848839592-14,"La struttura organizzativa del Ministero dell’interno è articolata, tra l’altro, in Dipartimenti: l'Osservatorio nazionale sulle manifestazioni sportive nell’ambito di quale Dipartimento è costituito?",Dipartimento per la Pubblica sicurezza.,Dipartimento per gli Affari interni e territoriali.,"Dipartimento per l’amministrazione generale, per le Politiche del personale dell'amministrazione civile e per le Risorse strumentali e finanziarie.",,A,Diritto_Amministrativo,false,,,,2026-05-15 21:10:33.313064,false,
1778848839592-15,"Oggi, alle 8, a Savona il termometro segna 27°. A Campobasso il termometro segna sei gradi in meno rispetto a Savona; a Lodi il termometro segna undici gradi in più rispetto a Campobasso e quattro gradi in più rispetto a Macerata, dove la temperatura registrata è di:",28°.,24°.,26°.,,A,Logica,false,,,,2026-05-15 21:10:33.313064,false,
1778848839592-16,"Se «tutti i marinai fanno promesse inaffidabili» e «Jack è un marinaio», si può logicamente concludere che....",Jack è solito fare promesse affidabili.,Jack fa promesse inaffidabili.,Jack non ha mai fatto promesse inaffidabili.,,B,Logica,false,,,,2026-05-15 21:10:33.313064,false,
1778848839592-17,"Quattro amici decidono che ognuno affronti un altro in un gioco in cui nessuno dei due eccelle: A è un giocatore di scacchi, B è un giocatore di dama, C è un giocatore di domino e D è un giocatore di backgammon. In quale gioco possono sfidarsi C e D, se A sfida C nel gioco del backgammon, mentre B sfida A nel gioco del domino?",Dama o domino.,Backgammon o scacchi.,Scacchi o dama.,,C,Logica,false,,,,2026-05-15 21:10:33.313064,false,
1778848839592-18,"Ferruccio dice il falso solo a Paride, che solo a lui dice il vero. Leandro dice il falso, ma non a Paride e Severino non dice il vero solo a Leandro. Se uno dei quattro dice all'altro Ti trovo davvero altruista ciò è:","Vero, se Paride lo dice a Leandro o a Severino.","Falso, se Ferruccio lo dice a Leandro o a Severino.","Vero, se Severino lo dice a Ferruccio o a Paride.",,B,Logica,false,,,,2026-05-15 21:10:33.313064,false,
1778848839592-19,"Se il numero 3170 viene scritto sotto al doppio di 2597, il numero 8024 viene scritto sotto a 3170 e l'ultimo numero è il doppio di 3485, allora in diagonale si può leggere:",5770.,5810.,5120.,,A,Logica,false,,,,2026-05-15 21:10:33.313064,false,
1778848839592-20,Abete sta a Albero come ..?.. sta a ..?...,Mandorla - Frutto.,Fiore - Rosa.,Banana - Banano.,,C,Logica,false,,,,2026-05-15 21:10:33.313064,false,
1778848839592-21,Quale dei seguenti termini può essere inserito tra le parentesi assumendo un significato associabile sia al termine che precede che a quello che segue? Infrastruttura (...?...) Dentista.,Apparecchio.,Edificio.,Ponte.,,A,Logica,false,,,,2026-05-15 21:10:33.313064,false,
1778848839592-3,"A norma del disposto di cui all'art. 288 del TFUE, la decisione:","Vincola lo Stato membro cui è rivolta per quanto riguarda il risultato da raggiungere, salva restando la competenza degli organi nazionali in merito alla forma e ai mezzi.",Ha portata generale. Essa è obbligatoria in tutti i suoi elementi e direttamente applicabile in ciascuno degli Stati membri.,"È obbligatoria in tutti i suoi elementi. Se designa i destinatari, è obbligatoria soltanto nei confronti di questi.",,C,Diritto_Amministrativo,false,,,,2026-05-15 21:10:33.313064,false,
1778848839592-4,"Per espressa previsione di cui al co. 4, dell'art. 287, del TFUE, chi assiste il Parlamento europeo e il Consiglio nell'esercizio della loro funzione di controllo dell'esecuzione del bilancio?",La Commissione.,La Corte dei conti europea.,Il Consiglio.,,B,Diritto_Amministrativo,false,,,,2026-05-15 21:10:33.313064,false,
1778848839592-5,"In ordine al delitto di Concussione (art. 317, c.p.) è giuridicamente corretto affermare che:",La norma incriminatrice richiede una condotta di costrizione commessa con abuso della qualità o dei poteri.,Non è consentito l'arresto facoltativo in flagranza.,"Data la natura di reato proprio, soggetto attivo può essere solo l'incaricato di pubblico servizio.",,A,Diritto_Amministrativo,false,,,,2026-05-15 21:10:33.313064,false,
1778848839592-6,"Per gli effetti penali, cosa di intende per “pubblico servizio” (art. 358, c.p.)?","Un'attività disciplinata nelle stesse forme della pubblica funzione, ma caratterizzata dalla mancanza dei poteri tipici di quest'ultima, e con esclusione dello svolgimento di semplici mansioni di ordine e della prestazione di opera meramente materiale.",Tutte quelle professioni il cui esercizio sia per legge vietato senza una speciale abilitazione dello Stato.,"Esclusivamente tutte le attività, funzionali o meno, caratterizzate dalla presenza dei poteri autoritativi tipici della pubblica amministrazione.",,A,Diritto_Amministrativo,false,,,,2026-05-15 21:10:33.313064,false,
1778848839592-7,"Salvo che il fatto costituisca il reato previsto dall'articolo 640-bis del c.p., chiunque mediante l'utilizzo o la presentazione di dichiarazioni o di documenti falsi o attestanti cose non vere, ovvero mediante l'omissione di informazioni dovute, consegue indebitamente, per sé o per altri, contributi, sovvenzioni, finanziamenti, mutui agevolati o altre erogazioni dello stesso tipo, comunque denominate, concessi o erogati dallo Stato, da altri enti pubblici o dalle Comunità europee commette il delitto di cui all'art. 316-ter del c.p., ovvero:",Corruzione.,Peculato.,Indebita percezione di erogazioni pubbliche.,,C,Diritto_Amministrativo,false,,,,2026-05-15 21:10:33.313064,false,
1778848839592-8,"1) Prerogative e poteri pubblici sono esercitati unicamente per le finalità di interesse generale per le quali sono stati conferiti. 2) Il dipendente deve osservare la Costituzione, servendo la Nazione con disciplina ed onore e conformando la propria condotta ai principi di buon andamento e imparzialità dell'azione amministrativa. Indicare quali/quale tra i precedenti sono principi generali di cui all'art. 3, D.P.R. n. 62/2013 (Codice di comportamento dei dipendenti pubblici).",Entrambi sono principi generali di cui all'art. 3.,"Solo il principio n. 2) Il dipendente deve osservare la Costituzione, servendo la Nazione con disciplina ed onore e conformando la propria condotta ai principi di buon andamento e imparzialità dell'azione amministrativa.",Nessuno dei due è principio generale di cui all'art. 3.,,A,Diritto_Amministrativo,false,,,,2026-05-15 21:10:33.313064,false,
1778848839592-9,"A norma del disposto di cui all'art. 55-septies del D.Lgs. n. 165/2001, in quale caso l'assenza per malattia deve essere giustificata mediante certificazione medica rilasciata da una struttura sanitaria pubblica o da un medico convenzionato con il Servizio sanitario nazionale?",Nell'ipotesi di assenza per malattia protratta per un periodo superiore a cinque giorni.,"Nell'ipotesi di assenza per malattia protratta per un periodo superiore a dieci giorni, e, in ogni caso, dopo il secondo evento di malattia nell'anno solare.","Nell'ipotesi di assenza per malattia protratta per un periodo superiore a venti giorni, e, in ogni caso, dopo il terzo evento di malattia nell'anno solare.",,B,Diritto_Amministrativo,false,,,,2026-05-15 21:10:33.313064,false,
1778848839593-22,L'edificio in via Dante è più fatiscente di quello in via Pio X; l'edificio in via Serra è meno fatiscente di quello in via Pio X e più fatiscente di quello in via Dante. Pertanto:,L'enunciato è sicuramente corretto.,L'enunciato è sicuramente errato.,L'enunciato potrebbe essere corretto.,,B,Logica,false,,,,2026-05-15 21:10:33.313064,false,
1778848839593-24,In quanti modi un gruppo di 10 persone può disporsi su 10 sedie allineate?,10!.,100.,10.,,A,Logica,false,,,,2026-05-15 21:10:33.313064,false,
1778848949964-1,"A norma del disposto di cui al co. 1, art. 18, d.lgs. n. 36/2023, un contratto può essere stipulato mediante forma pubblica amministrativa?","No, a seguito dell'entrata in vigore del citato d.lgs.","Si, ma solo in caso di procedura negoziata oppure per gli affidamenti diretti.","Si, a cura dell'ufficiale rogante della stazione appaltante.",,C,Diritto_Amministrativo,false,,,,2026-05-15 21:10:33.313064,false,
1778848949964-2,La durata della Camera dei deputati può essere prorogata?,"Si, ma solo nel caso espressamente previsto all’art. 60, comma secondo della Costituzione.",Può essere prorogata solo la durata del Senato della Repubblica e solo in caso di guerra.,"Si, fino all’elezione del nuovo Presidente della Repubblica.",,A,Diritto_Amministrativo,false,,,,2026-05-15 21:10:33.313064,false,
1778848949964-3,"Il freccia rossa Napoli-Firenze arriva alla stazione di Santa Maria Novella alle 23.35, con 347 minuti di ritardo. A che ora avrebbe dovuto arrivare?",Alle 16.47.,Alle 16.48.,Alle 17.48.,,C,Logica,false,,,,2026-05-15 21:10:33.313064,false,
1778848949964-4,Individuare il termine che completa logicamente la proporzione. marco sta a palio come corso sta a ......,Carso.,Canto.,Forno.,,C,Logica,false,,,,2026-05-15 21:10:33.313064,false,
1778848949964-5,Completare la serie di numeri: 1 - 6 - 3 - 8 - ... - 10.,4.,5.,7.,,B,Logica,false,,,,2026-05-15 21:10:33.313064,false,
1778848949964-6,Se Milano sta a Lombardia allora è logico che:,Asti stia a Piemonte.,Pesaro-Urbino stia a Marche.,Palermo stia a Sicilia.,,C,Logica,false,,,,2026-05-15 21:10:33.313064,false,
1778848949964-7,"Se il numero 1929 viene scritto sotto al doppio di 3515, il numero 0550 viene scritto sotto a 1929 e l'ultimo numero è il doppio di 4230, allora in diagonale si può leggere:",7108.,7256.,7950.,,A,Logica,false,,,,2026-05-15 21:10:33.313064,false,
1778848949965-10,_____ sta a Insetto come Riccio sta a _____.,Scarabeo - Mammifero.,Lucciola - Anfibio.,Pappagallo - Mammifero.,,A,Logica,false,,,,2026-05-15 21:10:33.313064,false,
1778848949965-11,"L'utilizzazione, da parte del pubblico ufficiale, di notizie d'ufficio, che debbano rimanere segrete, per procurare a sé o ad altri un indebito profitto patrimoniale configura il delitto di:","Rivelazione ed utilizzazione di segreti di ufficio (3° co., prima parte, art. 326, c.p.).","Appropriazione indebita (art. 646, c.p.).","Peculato (art. 314, c.p.).",,A,Diritto_Amministrativo,false,,,,2026-05-15 21:10:33.313064,false,
1778848949965-12,"Si indichi quale affermazione è consona al disposto di cui all'art. 4, del Codice di comportamento dei pubblici dipendenti in merito ai Regali, compensi e altre utilità.","Il dipendente non offre, direttamente o indirettamente, regali o altre utilità a un proprio sovraordinato, salvo quelli d'uso di modico valore.","Il dipendente non accetta, per sè o per altri, regali o altre utilità, indipendentemente dal valore.","Per regali o altre utilità di modico valore si intendono quelle di valore non superiore, in via orientativa, a 80 euro, anche sotto forma di sconto.",,A,Diritto_Amministrativo,false,,,,2026-05-15 21:10:33.313064,false,
1778848949965-13,"La condanna della pubblica amministrazione al risarcimento del danno derivante dalla violazione, da parte del lavoratore dipendente, degli obblighi concernenti la prestazione lavorativa comporta l'applicazione nei suoi confronti, ove già non ricorrano i presupposti per l'applicazione di un'altra sanzione disciplinare più grave (art. 55-sexies, TUPI):",Della censura.,Della sospensione dal servizio con privazione della retribuzione.,Del licenziamento senza preavviso.,,B,Diritto_Amministrativo,false,,,,2026-05-15 21:10:33.313064,false,
1778848949965-14,"A norma di quanto dispone il Codice dei Contratti, in quale documento, in occasione di ogni stato di avanzamento, è annotata la quantità di ogni lavorazione eseguita con i relativi importi, in modo da consentire una verifica della rispondenza all'ammontare complessivo dell'avanzamento dei lavori?",Giornale dei lavori.,Liste settimanali.,Registro di contabilità.,,C,Diritto_Amministrativo,false,,,,2026-05-15 21:10:33.313064,false,
1778848949965-15,"Ai fini del d.lgs. n. 81/2008, per datore di lavoro nelle pp.aa. si intende:",Sempre l'organo di vertice delle singole amministrazioni.,"Il dirigente al quale spettano i poteri di gestione, ovvero il funzionario non avente qualifica dirigenziale, nei soli casi in cui quest'ultimo sia preposto ad un ufficio avente autonomia gestionale, individuato dall'organo di vertice delle singole amministrazioni tenendo conto dell'ubicazione e dell'ambito funzionale degli uffici nei quali viene svolta l'attività, e dotato di autonomi poteri decisionali e di spesa.",Il dirigente del settore risorse umane.,,B,Diritto_Amministrativo,false,,,,2026-05-15 21:10:33.313064,false,
1778848949965-16,"Chi designa i lavoratori incaricati dell'attuazione delle misure di prevenzione incendi e lotta antincendio, di evacuazione dei luoghi di lavoro in caso di pericolo grave e immediato, di salvataggio, di primo soccorso e, comunque, di gestione dell'emergenza (art. 18, D.Lgs. n. 81/2008)?",Il datore di lavoro.,L'INAIL.,L'ASL.,,A,Diritto_Amministrativo,false,,,,2026-05-15 21:10:33.313064,false,
1778848949965-17,"La stazione appaltante o l'ente concedente individua gli elementi essenziali del contratto (art. 17, d.lgs. n. 36/2023):",Con l’approvazione del progetto preliminare.,Con la decisione a contrarre.,Nel capitolato speciale d'appalto.,,B,Diritto_Amministrativo,false,,,,2026-05-15 21:10:33.313064,false,
1778848949965-18,Completare la seguente proporzione. Se miriagrammo sta a peso allora è logico che ..?.. stia a ..?...,Pinta - lunghezza.,Capacità e volume - gallone.,Grado centigrado - temperatura.,,C,Logica,false,,,,2026-05-15 21:10:33.313064,false,
1778848949965-19,La qualifica di pubblico ufficiale può essere riconosciuta a un soggetto al di fuori di un rapporto organico di una P.A.?,"No, per configurarsi la qualifica di pubblico ufficiale occorre un rapporto permanente ed organico in una P.A.","Si, quando eserciti a qualsiasi titolo una pubblica funzione.","Si, ma solo in ambito sanitario.",,B,Diritto_Amministrativo,false,,,,2026-05-15 21:10:33.313064,false,
1778848949965-20,"Chi è stato condannato, con sentenza non passata in giudicato, per i reati previsti nel capo I del titolo II del libro secondo del Codice penale può far parte di commissioni per l'accesso o la selezione a pubblici impieghi?","No, lo esclude espressamente l'art. 35-bis del tupi.","Si, in quanto la sentenza non è definitiva.","Si, a seguito delle ultime modificazioni apportate dalla l. n. 126/2020.",,A,Diritto_Amministrativo,false,,,,2026-05-15 21:10:33.313064,false,
1778848949965-8,"Tre pensionati (A, B, C) di 70, 75 e 80 anni, non necessariamente in quest'ordine, sono in fila per ritirare la pensione. L'ottantenne B è subito dietro a C; il settantacinquenne, primo, non si chiama A. Chi ritirerà per ultimo la pensione e quanti anni ha?",A e ha settanta anni.,B e ha settantacinque anni.,B e ha ottanta anni.,,C,Logica,false,,,,2026-05-15 21:10:33.313064,false,
1778848949965-9,"Quattro amici, al termine di un corso sportivo della durata di sei mesi, decidono che ognuno affronti un altro in uno sport diverso da quello oggetto del corso: A ha terminato con successo il corso di biliardo, B di ping pong, C di scherma mentre D quello di tiro con l'arco. Se B affronta D nel biliardo, C affronta B nel tiro con l'arco, in quali sport possono affrontarsi A e B?",Scherma o tiro con l'arco.,Scherma o biliardo.,Tiro con l'arco o biliardo.,,A,Logica,false,,,,2026-05-15 21:10:33.313064,false,
1778848958093-1,Noti che le risorse strumentali (come computer o spazi di lavoro) sono utilizzate in modo inefficiente. Come proponi di ottimizzare l’uso di queste risorse?,"Conduco un'analisi dell'uso delle risorse, ridistribuendo gli strumenti in base alle necessità.","Comunico il fatto ai membri del team, lasciandogli autonomia nell'organizzazione, confidando nella loro capacità di usare le risorse in modo più efficiente.","Faccio un uso più attento delle risorse, ottimizzando la loro gestione in base alle priorità del momento.",,,Situazionali,true,A,C,B,2026-05-15 21:10:33.313064,false,
1778848958093-2,Stai gestendo un progetto con scadenze strette e risorse limitate. Cosa fai per assicurarti di raggiungere comunque gli obiettivi?,"Mantengo il focus sulle attività principali e gestisco con attenzione il tempo e le risorse a disposizione, chiedendo aiuto ai miei superiori se necessario.","Ristrutturo il piano di lavoro, delego efficacemente alcune attività e ottimizzo le risorse disponibili, cercando nel contempo di identificare ulteriori risorse da utilizzare.","Procedo nel modo migliore possibile con le risorse a disposizione, accettando la possibilità di non raggiungere tutti gli obiettivi.",,,Situazionali,true,B,A,C,2026-05-15 21:10:33.313064,false,
1778848958093-3,Un team esterno ti segnala che la qualità del servizio è inferiore agli standard. Come risponderesti e cosa proporresti per migliorare la situazione?,"Accoglierei il feedback e proporrei delle modifiche mirate per rispondere ai problemi segnalati, cercando di non modificare drasticamente l’intero sistema, ma piuttosto migliorare gli aspetti più critici.","Accetterei il feedback e farei qualche modifica iniziale al servizio, tenendo sotto osservazione le aree segnalate per verificare eventuali miglioramenti.","Inizierei una revisione del servizio, collaborando con il team esterno per identificare i punti critici. Nel frattempo, potrei proporre un monitoraggio costante della qualità per individuare eventuali altre aree di miglioramento.",,,Situazionali,true,C,A,B,2026-05-15 21:10:33.313064,false,
1778848958093-4,Un collega segnala che gli strumenti utilizzati per monitorare un processo non sono sufficientemente accurati. Come rispondi alla critica e quali azioni intraprendi?,"Accolgo la critica e propongo una revisione degli strumenti attuali, coinvolgendo il collega nel processo di verifica. Procedo con un controllo di precisione e, se necessario, cerco delle migliorie incrementali da applicare.","Apprezzo il feedback del collega e avvio un'analisi degli strumenti in uso, coinvolgendo esperti per valutare eventuali aggiornamenti o sostituzioni. Pianifico test con strumenti alternativi per trovare una soluzione più accurata e presento le opzioni al team di gestione.","Non accetto di buon grado il feedback, sostenendo che gli strumenti siano sufficientemente accurati per la maggior parte delle esigenze e che non è necessario cambiarli a breve.",,,Situazionali,true,B,A,C,2026-05-15 21:10:33.313064,false,
1778848958093-5,"Un membro del team ti propone un metodo alternativo per affrontare un problema, ma richiede tempo e risorse aggiuntive. Come decidi se implementarlo?","Rifiuto la proposta considerando che il metodo attuale sia già sufficiente per risolvere il problema, preferendo non allocare ulteriori risorse o tempo al cambiamento","Valuto il metodo in base alle risorse disponibili e opto per una piccola sperimentazione iniziale per verificare la sua validità, per poi poterlo, eventualmente, applicare su larga scala.","Valuto attentamente il metodo proposto, considerando i costi e i benefici rispetto all'approccio attuale. Coinvolgo altri membri del team per decidere se implementare il nuovo metodo.",,,Situazionali,true,C,B,A,2026-05-15 21:10:33.313064,false,
1778848958093-6,"Durante un progetto, un membro del tuo team non rispetta le procedure stabilite, rischiando di compromettere il lavoro di tutti. Come intervieni per garantire l'affidabilità dell'intero processo?","Segnalo al collega l'importanza di rispettare le procedure e gli chiedo di correggere l’errore, assicurandomi che non ci siano ulteriori mancanze.","Lascio che il collega continui a lavorare, sperando che l'errore non comprometta troppo il progetto e confidando che i superiori ne prendano atto.","Intervengo immediatamente, correggendo l’errore e fornendo al collega una formazione aggiuntiva sulle procedure per evitare che il problema si ripeta.",,,Situazionali,true,C,A,B,2026-05-15 21:10:33.313064,false,
1778848958093-7,Hai rilevato un errore importante in un documento che sta per essere approvato da un superiore. Le scadenze sono strette e correggerlo potrebbe comportare un ritardo. Come gestisci la situazione?,"Segnalo l'errore al dirigente, spiegando l’impatto potenziale, e chiedo come procedere prima di apportare modifiche, anche a costo di un leggero ritardo.","Segnalo l'errore senza proporre soluzioni, lasciando al superiore la decisione su come gestire il ritardo e attendendo sue indicazioni per evitare ulteriori criticità.","Correggo immediatamente l’errore, informo il superiore e propongo una soluzione che limiti al minimo il ritardo, magari redistribuendo il lavoro o accelerando altre fasi del progetto.",,,Situazionali,true,C,A,B,2026-05-15 21:10:33.313064,false,
1778848958093-8,"Durante un incontro con un cittadino, ti accorgi che non riesce a comprendere le spiegazioni date sui servizi offerti. Come modifichi il tuo approccio per rispondere meglio alle sue esigenze?",Continuo a spiegare i servizi nello stesso modo certa/o che l'incomprensione dipenda dal cittadino e non dal mio modo consolidato di spiegare.,Chiedo al cittadino quali parti non ha compreso e spiego nuovamente il concetto con parole più semplici.,"Semplifico il linguaggio, utilizzo esempi pratici e offro ulteriori materiali informativi per garantire che il cittadino comprenda appieno i servizi.",,,Situazionali,true,C,B,A,2026-05-15 21:10:33.313064,false,
1778849096632-1,"È corredato del piano di manutenzione dell'opera per l'intero ciclo di vita (art. 41, d.lgs. n. 36/2023):",Progetto definitivo.,Il progetto di fattibilità tecnico-economica.,Il progetto esecutivo.,,C,Diritto_Amministrativo,false,,,,2026-05-15 21:10:33.313064,false,
1778849279714-1,"I regolamenti dell'Unione (art. 288, co. 2 TFUE):",Implicano necessariamente una completezza di contenuto normativo.,Sono rivolti non a un numero limitato di destinatari ma a una o più categorie di destinatari determinate astrattamente nel loro complesso.,Lasciano agli Stati membri ampia discrezionalità quanto al modo di applicare le sue norme.,,B,Diritto_Amministrativo,false,,,,2026-05-15 21:10:33.313064,false,
1778849279714-10,Identificare la sequenza corretta: 1) mettersi in viaggio 2) informarsi sulle migliori fasce orarie per il rientro 3) arrivare 4) portare i bagagli in casa 5) fare le valigie per ritornare a casa 6) viaggiare verso casa.,"5, 2, 1, 6, 3, 4.","4, 1, 6, 2, 5, 3.","1, 4, 2, 6, 3, 5.",,A,Logica,false,,,,2026-05-15 21:10:33.313064,false,
1778849279714-3,"Se «a Gualtiero piace molto lo sport e ne pratica moltissimi» e «il pugilato è uno sport», si può logicamente concludere che....",Non è possibile dire con certezza se Gualtiero pratica il pugilato.,É certo che a Gualtiero non piaccia il pugilato.,É certo che Gualtiero pratichi il pugilato.,,A,Logica,false,,,,2026-05-15 21:10:33.313064,false,
1778849279714-4,"Se l'espressione Abbassare, chinare la testa sta a accettare un'umiliazione, un'imposizione allora l'espressione Darsi la zappa sui piedi sta a:",Vincere qualcuno.,Disprezzare i propri collaboratori.,Danneggiarsi da sé volendo danneggiare gli altri.,,C,Logica,false,,,,2026-05-15 21:10:33.313064,false,
1778849279714-5,Rullino sta a Fotografia come ..?.. sta a ..?...,Cavalletto - Pittura.,Bolentino - Ricamo.,Giardinaggio - Taglia erba.,,A,Logica,false,,,,2026-05-15 21:10:33.313064,false,
1778849279714-6,"Serena non dice il falso solo a Tecla, che solo a lei non dice il vero. Vera dice il vero ma non a Tecla. Se una delle tre dice all'altra Ti accompagno in centro se vuoi, ciò è:","Vero, se Tecla lo dice a Vera.","Falso, se Serena lo dice a Tecla.","Vero, se Vera lo dice a Tecla.",,A,Logica,false,,,,2026-05-15 21:10:33.313064,false,
1778849279714-7,"Completare la seguente serie: CONFERMARE, GARANTIRE, SOSTENERE, ATTESTARE, ....",ASSICURARE.,SMENTIRE.,NEGARE.,,A,Logica,false,,,,2026-05-15 21:10:33.313064,false,
1778849279714-8,Giovedì - Domenica = _______ come _______ = Mesi.,Giorni / Anno.,Agosto - Dicembre / Anni.,Giorni / Aprile - Settembre.,,C,Logica,false,,,,2026-05-15 21:10:33.313064,false,
1778849279714-9,Quale termine integra la seguente serie? motoaliante - dirigibile - biplano.,Steward.,Zeppelin.,Pista di rullaggio.,,B,Logica,false,,,,2026-05-15 21:10:33.313064,false,
1778849279715-12,"Dispone il co. 1, art. 12, D.P.R. n. 62/2013, che nelle operazioni da svolgersi e nella trattazione delle pratiche il dipendente:",Rispetta l'ordine cronologico stabilito a discrezione del responsabile dell'ufficio.,Rispetta gli appuntamenti con i cittadini e risponde senza ritardo ai loro reclami.,Può rifiutare prestazioni a cui sia tenuto con motivazioni generiche.,,B,Diritto_Amministrativo,false,,,,2026-05-15 21:10:33.313064,false,
1778849279715-13,"Quale sanzione disciplinare si applica al dipendente pubblico in caso di falsa attestazione della presenza in servizio, mediante l'alterazione dei sistemi di rilevamento della presenza o con altre modalità fraudolente, ovvero giustificazione dell'assenza dal servizio mediante una certificazione medica falsa o che attesta falsamente uno stato di malattia:",La sanzione disciplinare del licenziamento con preavviso.,La sanzione disciplinare della sospensione dal servizio con privazione della retribuzione fino ad un massimo di dodici mesi.,La sanzione disciplinare del licenziamento senza preavviso.,,C,Diritto_Amministrativo,false,,,,2026-05-15 21:10:33.313064,false,
1778849279715-14,"In base all’art. 3 dell’allegato 1.1 al nuovo codice dei contratti pubblici, approvato con il D.Lgs. 36/2023, come si definisce «uno specifico oggetto di appalto o concessione da aggiudicare anche con separata e autonoma procedura, ovvero parti di un lavoro o servizio generale la cui progettazione e realizzazione sia tale da assicurarne funzionalità, fruibilità e fattibilità indipendentemente dalla realizzazione delle altre parti»?",Lotto prestazionale.,Lotto quantitativo.,Lotto funzionale.,,C,Diritto_Amministrativo,false,,,,2026-05-15 21:10:33.313064,false,
1778849279715-15,"A norma di quanto prevede l'art. 17 del T.U. in materia di attività edilizia (D.P.R. 380/2001), per gli interventi da realizzare su immobili di proprietà dello Stato, il contributo di costruzione:",Non è dovuto.,È commisurato alla incidenza delle sole opere di urbanizzazione purché ne derivi un aumento della superficie calpestabile.,È ridotto nella misura del 20%.,,A,Diritto_Amministrativo,false,,,,2026-05-15 21:10:33.313064,false,
1778849279715-16,"A norma dell'art. 11 del D.P.R. n. 380/2001, il permesso di costruire:",É rilasciato al direttore dei lavori.,É irrevocabile e oneroso.,Decade alla morte del richiedente cui è stato rilasciato.,,B,Diritto_Amministrativo,false,,,,2026-05-15 21:10:33.313064,false,
1778849279715-22,"Ai sensi dell'art. 20 del D.Lgs. 81/2008 quale, tra quelli elencati, è un obbligo del lavoratore?",Verificare affinché i lavoratori delle ditte appaltatrici non accedano alle zone che li espongono ad un rischio grave e specifico.,Prendere le misure appropriate affinché soltanto i lavoratori muniti di cartellino identificativo accedano alle zone che li espongono ad un rischio grave e specifico.,Non compiere di propria iniziativa operazioni o manovre che non sono di sua competenza ovvero che possono compromettere la sicurezza propria o di altri lavoratori.,,C,Diritto_Amministrativo,false,,,,2026-05-15 21:10:33.313064,false,
1778849279715-23,"Ai fini del d.lgs. 81/2008, il complesso delle disposizioni o misure necessarie anche secondo la particolarità del lavoro, l'esperienza e la tecnica, per evitare o diminuire i rischi professionali nel rispetto della salute della popolazione e dell'integrità dell'ambiente esterno costituisce:",Prevenzione.,Valutazione dei rischi.,Formazione.,,A,Diritto_Amministrativo,false,,,,2026-05-15 21:10:33.313064,false,
1778849279715-28,"Segnaletica di sicurezza sui posti di lavoro: cartelli di divieto, di avvertimento, di prescrizione, di salvataggio, per le attrezzature antincendio; quali fra i citati cartelli hanno forma quadrata o rettangolare (d.lgs. n. 81/2008, Allegato XXV)?",Cartelli di avvertimento.,Cartelli di divieto.,Cartelli di salvataggio.,,C,Diritto_Amministrativo,false,,,,2026-05-15 21:10:33.313064,false,
1778849285008-1,Un superiore ti critica per non essere stato abbastanza chiaro in una relazione scritta. Come migliori la tua comunicazione per rispondere meglio alle aspettative?,"Accetto la critica e mi impegno a migliorare le future relazioni, ma senza rivedere il documento già consegnato.","Chiedo al superiore un feedback su come migliorare la relazione, e propongo di inviare una versione rivista che incorpori le sue indicazioni.","Prendo atto della critica senza indagare ulteriormente e continuo a redigere relazioni simili, confidando che i prossimi documenti saranno più chiari.",,,Situazionali,true,B,A,C,2026-05-15 21:10:33.313064,false,
1778849285008-2,"In un gruppo eterogeneo, noti che alcuni membri non si sentono a proprio agio nel condividere le proprie idee. Come crei un ambiente inclusivo per incoraggiare tutti a contribuire?",Organizzo riunioni strutturate in cui ognuno ha la possibilità di esprimere la propria opinione. Creo un ambiente in cui la diversità di pensiero è valorizzata e incoraggio attivamente i più riservati.,"Lascio che i membri meno a proprio agio rimangano in silenzio, confidando che parleranno quando si sentiranno pronti, senza ulteriori pressioni.",Parlo privatamente con i membri più reticenti per capire le loro difficoltà e li incoraggio a contribuire in maniera graduale.,,,Situazionali,true,A,C,B,2026-05-15 21:10:33.313064,false,
1778849285008-3,"Il cliente richiede una modifica importante al progetto, ma questo comporta uno sforzo supplementare per rispettare la scadenza originale. Come ti muovi?","Accetto la modifica e riorganizzo il team per cercare di fare del mio meglio, anche se ciò comporta sovraccarico di lavoro spiego loro che si tratta di una fase temporanea.","Coinvolgo il cliente per discutere le implicazioni della modifica, propongo una revisione del piano o un'estensione della scadenza, assicurando il miglior risultato possibile.",Accetto la modifica certa/o che i membri del mio team abbiano le capacità per rispettare comunque la scadenza.,,,Situazionali,true,B,A,C,2026-05-15 21:10:33.313064,false,
1778849285008-4,"Devi raggiungere un obiettivo importante, ma hai ricevuto risorse limitate. Come ti muovi per garantire il successo del progetto?",Identifico le attività prioritarie e ridistribuisco le risorse sulle attività a maggior impatto. Propongo anche l’utilizzo di risorse esterne o collaborazioni per compensare eventuali lacune.,"Rivedo il piano del progetto, riducendo l'ambito di alcune attività per adattarle alle risorse disponibili, cercando di lasciarne invariata la struttura.",Procedo con il piano originale cercando di gestire in modo ottimale le risorse affinché possano essere sufficienti nonostante le limitazioni.,,,Situazionali,true,A,B,C,2026-05-15 21:10:33.313064,false,
1778849285008-5,Ti accorgi che alcuni collaboratori non partecipano ai programmi di formazione proposti dall'organizzazione. Come li motivi a cogliere queste opportunità?,"Parlo singolarmente con i collaboratori meno motivati e li incoraggio a partecipare, spiegando come la formazione può aiutarli a migliorare le loro competenze.","Organizzo una riunione per spiegare l'importanza della formazione e come essa può contribuire alla crescita professionale di ciascuno, motivandoli con esempi concreti di miglioramenti ottenibili.",Lascio che i collaboratori decidano in modo autonomo se partecipare cercando di fornire loro tutto il materiale necessario per informarsi.,,,Situazionali,true,B,A,C,2026-05-15 21:10:33.313064,false,
1778849285008-6,"Se un partner istituzionale avesse una visione diversa su come portare avanti un progetto, come faresti per mantenere una relazione positiva e trovare un compromesso?","Proporrei un compromesso che mantenga gli elementi chiave di entrambe le visioni, senza entrare troppo nei dettagli delle divergenze.","Accetterei le modifiche proposte dal partner istituzionale senza negoziare, procedendo con il progetto nella nuova direzione, per evitare di deteriorare la relazione.","Organizzerei una riunione per discutere apertamente delle divergenze, cercando di trovare un compromesso che integri le visioni di entrambe le parti e permetta di raggiungere un obiettivo condiviso.",,,Situazionali,true,C,A,B,2026-05-15 21:10:33.313064,false,
1778849285009-7,"Durante la pianificazione di un nuovo servizio, come integri i feedback degli utenti con le possibilità tecnologiche e il contesto normativo?","Raccolgo i feedback degli utenti, definisco le soluzioni tecnologiche adeguate e coinvolgo un consulente legale per garantire che il servizio sia conforme alle normative. Prevedo inoltre una fase di un test.",Adatto alcune richieste degli utenti realizzabili con le tecnologie attuali. Confido che eventuali problemi possano essere gestiti durante l'implementazione.,Analizzo i feedback degli utenti e verifico quali modifiche possono essere integrate nel rispetto delle normative. Propongo di fare una fase pilota per valutare l’impatto delle modifiche proposte.,,,Situazionali,true,A,C,B,2026-05-15 21:10:33.313064,false,
1778849659981-1,Indicare il corretto ordine della struttura dei provvedimenti amministrativi scritti.,"Intestazione, preambolo, dispositivo, luogo, data e sottoscrizione.","Intestazione, preambolo, motivazione, dispositivo, luogo, data e sottoscrizione.","Intestazione, motivazione, dispositivo, luogo, data e sottoscrizione.",,B,Diritto_Amministrativo,false,,,,2026-05-15 21:10:33.313064,false,
1778849659981-10,Estroso sta a fantasioso come ? sta a ?.,"Ingentilito, grossolano.","Infranto, frantumato.","Ingenuo, scaltro.",,B,Logica,false,,,,2026-05-15 21:10:33.313064,false,
1778849659981-11,In ordine al delitto di Inadempimento di contratti di pubbliche forniture (art. 355 c.p.) è giuridicamente corretto affermare che:,È punito con la reclusione sino a dodici mesi o con la multa fino a euro 10.516.,È un delitto dei privati contro la pubblica amministrazione.,"Salvo i casi di aggravante, per il delitto in oggetto non è prevista la reclusione ma solo la multa.",,B,Diritto_Amministrativo,false,,,,2026-05-15 21:10:33.313064,false,
1778849659981-12,Una pubblica amministrazione può procedere a licenziamento disciplinare di un dipendente in caso di reiterazione nell'ambiente di lavoro di gravi condotte aggressive o comunque lesive dell'onore e della dignità personale altrui?,"Si, lo prevede espressamente l’art. 55-quater TUPI.","No, può ricorrere solo alla sospensione dal servizio e alla privazione dello stipendio per non oltre quindici giorni.","No, non può mai ricorrere a licenziamento disciplinare, in quanto tale sanzione non è prevista per i dipendenti pubblici.",,A,Diritto_Amministrativo,false,,,,2026-05-15 21:10:33.313064,false,
1778849659981-13,"Il dipendente deve svolgere i propri compiti nel rispetto della legge, perseguendo l'interesse pubblico senza abusare della posizione o dei poteri di cui è titolare”. Il citato principio:",È espressamente contenuto tra i principi generali nel Codice di comportamento dei dipendenti pubblici.,Non è uno dei principi generali previsto nel Codice di comportamento dei dipendenti pubblici.,Costituisce principio generale solo se inserito nel Codice di comportamento che ciascuna amministrazione deve obbligatoriamente adottare.,,A,Diritto_Amministrativo,false,,,,2026-05-15 21:10:33.313064,false,
1778849659981-14,"Dispone il co. 2, art. 116 del d.lgs. n. 36/2023 che il certificato di collaudo di lavori pubblici ha carattere provvisorio e assume carattere definitivo dopo due anni dalla sua emissione. Decorso tale termine, il collaudo:",Decade se non viene emesso l’atto formale di approvazione entro due mesi dalla scadenza del medesimo termine.,Si intende tacitamente approvato ancorché l'atto formale di approvazione non sia stato emesso entro quattro mesi dalla scadenza del medesimo termine.,Si intende tacitamente approvato ancorché l'atto formale di approvazione non sia stato emesso entro due mesi dalla scadenza del medesimo termine.,,C,Diritto_Amministrativo,false,,,,2026-05-15 21:10:33.313064,false,
1778849659981-15,"A quale organo il Codice dei contratti affida il compito di accertare la libera disponibilità di aree e immobili necessari e, in caso di lavori, la regolarità urbanistica dell'intervento pubblico o promuove l'avvio delle procedure di variante urbanistica (all'art. 6, Allegato I.2, d.lgs. n. 36/2023)?",Ad un qualsiasi dipendente dell'amministrazione purché in possesso dei requisiti previsti.,Al RUP.,Al direttore dei lavori.,,B,Diritto_Amministrativo,false,,,,2026-05-15 21:10:33.313064,false,
1778849659981-16,"A norma del disposto di cui all’art. 5, co. 2, D.P.R. n. 380/2001, qual è l'ufficio preposto al rilascio del permesso di costruire?",L'assessorato all'urbanistica dell’amministrazione comunale.,"Lo sportello unico per l'edilizia, presso il Comune.","Lo sportello unico per l'edilizia, presso la Regione.",,B,Diritto_Amministrativo,false,,,,2026-05-15 21:10:33.313064,false,
1778849659981-3,Egoismo sta ad altruismo come ? sta a ?.,"Rettitudine, lealtà.","Avarizia, parsimonia.","Magnanimità, meschinità.",,C,Logica,false,,,,2026-05-15 21:10:33.313064,false,
1778849659981-4,Se Esordiente sta a Debuttante e Verecondia sta a Pudicizia allora:,Scialacquare sta a Dissipare.,Zelante sta a Pressappochista.,Tacito sta a Loquace.,,A,Logica,false,,,,2026-05-15 21:10:33.313064,false,
1778849659981-5,Andrea è più anziano di Bruno; Carla è più giovane di Bruno e meno giovane di Andrea. Pertanto:,L'enunciato è sicuramente corretto.,L'enunciato è sicuramente errato.,L'enunciato potrebbe essere corretto.,,A,Logica,false,,,,2026-05-15 21:10:33.313064,false,
1778849659981-6,"Chi è nervoso beve molto caffè. Gemma beve molto caffè. Filippo è nervoso. Se le precedenti affermazioni sono corrette, quale delle seguenti affermazioni NON rappresenta una conclusione corretta?",Non si può escludere che Gemma sia nervosa.,Filippo beve molto caffè.,Tutti coloro che bevono molto caffè sono nervosi.,,C,Logica,false,,,,2026-05-15 21:10:33.313064,false,
1778849659981-7,"A Salerno il termometro segna 23°. A Perugia il termometro segna quattro gradi in meno rispetto a Salerno; a Merano il termometro segna cinque gradi in meno rispetto a Perugia e due gradi in meno rispetto a Pordenone, dove la temperatura registrata è di:",14°.,18°.,16°.,,C,Logica,false,,,,2026-05-15 21:10:33.313064,false,
1778849659981-8,Quale dei seguenti termini può essere inserito tra le parentesi assumendo un significato associabile sia al termine che precede che a quello che segue? Di tiro (...?...) Lati.,Vertici.,Poligono.,Congruenti.,,B,Logica,false,,,,2026-05-15 21:10:33.313064,false,
1778849659981-9,In quale delle seguenti parole non si cela il termine apristi?,Rapisti.,Spirati.,Arpista.,,B,Logica,false,,,,2026-05-15 21:10:33.313064,false,
1778849659982-27,"Ai sensi dell'art. 17 del d.lgs. n. 81/2008, la valutazione di tutti rischi e la designazione del responsabile del servizio di prevenzione e protezione dai rischi:",Sono compiti del datore di lavoro e non sono delegabili.,Sono compiti del datore di lavoro delegabili ai preposti.,Sono compiti del medico competente.,,A,Diritto_Amministrativo,false,,,,2026-05-15 21:10:33.313064,false,
1778849659982-28,Il datore di lavoro deve provvedere affinché ciascun lavoratore riceva una adeguata informazione sui rischi per la salute e sicurezza sul lavoro connessi alla attività della impresa in generale?,"Si, lo prevede espressamente l'art. 36 del d.lgs. n. 81/2008.","No, il datore di lavoro deve provvedere affinché ciascun lavoratore riceva una adeguata informazione sulle procedure che riguardano il primo soccorso.","No, il datore di lavoro deve provvedere affinché ciascun lavoratore riceva una adeguata informazione sulle procedure che riguardano la lotta antincendio e l'evacuazione dei luoghi di lavoro.",,A,Diritto_Amministrativo,false,,,,2026-05-15 21:10:33.313064,false,
1778849664417-1,Ti viene chiesto di pianificare una campagna per sensibilizzare la popolazione sull'uso di un nuovo servizio. Come consideri gli scenari futuri per garantire l’efficacia della campagna?,"Preparo materiali informativi e li pubblico sui canali ufficiali dell’amministrazione. Prevedo che la diffusione di base possa raggiungere gli utenti principali, senza la necessità di implementare un monitoraggio specifico.","Pianifico una campagna di sensibilizzazione utilizzando i canali più comuni, come i social media e i giornali locali, e monitoro i risultati senza prevedere adattamenti immediati.",Studio i dati demografici e coinvolgo esperti di comunicazione per identificare i canali più efficaci. Prevedo anche la raccolta di feedback durante la campagna per adattare il messaggio e raggiungere meglio la popolazione.,,,Situazionali,true,C,B,A,2026-05-15 21:10:33.313064,false,
1778849664417-2,"Hai ricevuto nuove informazioni rilevanti per il progetto da una fonte esterna, ma non sei sicuro se condividere tutto con il team. Come bilanci la trasparenza con la discrezione?","Chiedo consiglio al mio superiore su quali informazioni condividere e quali mantenere riservate, per evitare problemi di discrezione.","Non condivido le informazioni e attendo ulteriori chiarimenti, credo che il team non abbia bisogno di avere tutte le informazioni.","Condivido le informazioni con il team, valutando cosa possa essere utile per il progetto e mantenendo riservate solo le parti sensibili che potrebbero generare confusione.",,,Situazionali,true,C,A,B,2026-05-15 21:10:33.313064,false,
1778849664417-3,"Durante una riunione con utenti interni, emergono problemi di coordinamento tra i vari uffici. Come ti adoperi per migliorare la comunicazione e garantire un servizio migliore?",Chiedo ai responsabili degli uffici di migliorare la comunicazione interna e propongo di creare un documento condiviso per coordinare meglio le attività.,Organizzo delle riunioni periodiche tra i vari uffici per migliorare il coordinamento e propongo altri strumenti per migliorare la condivisione delle informazioni.,"Ogni ufficio gestirà le proprie dinamiche, provvedendo autonomamente a migliorare il proprio coordinamento, mi concentro solo sull'organizzazione del mio ufficio.",,,Situazionali,true,B,A,C,2026-05-15 21:10:33.313064,false,
1778849664417-4,"Durante una fase critica del progetto, alcuni membri del team mostrano segni di demotivazione. Come li coinvolgi nuovamente per mantenere alta la produttività?","Organizzo una riunione per discutere delle difficoltà, riconosco gli sforzi fatti e offro incentivi o nuove sfide per ristabilire l’entusiasmo.","Osservo e analizzo i segnali di demotivazione, ma mi concentro sul focalizzare il gruppo sul rispetto delle scadenze, sperando che la situazione migliori.",Parlo individualmente con i membri demotivati per capire la causa del calo di produttività e suggerire soluzioni pratiche.,,,Situazionali,true,A,C,B,2026-05-15 21:10:33.313064,false,
1778849664417-5,"Sei incaricato di gestire un progetto critico con scadenze strette, ma una parte del team non sta rispettando i tempi. Come agisci per risolvere il problema?","Verifico le cause dei ritardi e riassegno le attività secondo le capacità dei membri del team, monitorando i progressi.","Chiedo al team di accelerare il lavoro senza modificare il piano, affidandomi alla loro organizzazione interna nella certezza che recuperino i ritardi.","Organizzo un incontro con il team per identificare le difficoltà, riallineare le risorse e pianificare azioni correttive, offrendo supporto per garantire che le scadenze siano rispettate.",,,Situazionali,true,C,A,B,2026-05-15 21:10:33.313064,false,
1778849664417-6,"Un progetto critico è stato assegnato al tuo team, ma una delle risorse chiave è improvvisamente indisponibile. Come riorganizzi il processo per rispettare le scadenze?","Chiedo al team di accelerare il lavoro per compensare l’assenza della risorsa, senza apportare modifiche significative al piano iniziale.","Redistribuisco le attività tra le risorse disponibili e, se necessario, chiedo supporto a risorse esterne o temporanee per evitare ritardi, mantenendo il monitoraggio.","Riassegno le attività più urgenti ad altre risorse e rivaluto il piano per adattarlo alla nuova situazione, mantenendo informati i responsabili sui possibili ritardi.",,,Situazionali,true,B,C,A,2026-05-15 21:10:33.313064,false,
1778849664417-7,"Un collega ti propone di risolvere un problema in modo non conforme alle politiche aziendali, ma più veloce. Come reagisci?","Non ritengo proficuo oppormi apertamente, ma non accetto la soluzione. Suggerisco dunque di trovare un’altra soluzione.","Ritengo produttivo risolvere il problema più velocemente, dunque accetto la soluzione proposta dal collega.",Spiego al collega che la soluzione proposta non è accettabile e propongo insieme una soluzione alternativa che sia conforme alle politiche.,,,Situazionali,true,C,A,B,2026-05-15 21:10:33.313064,false,
1778850180814-1,"Se l'interessato al rilascio di una dichiarazione sostitutiva di atto di notorietà è soggetto a curatela (D.P.R. n. 445/2000, art. 5):",La dichiarazione non può essere ricevuta dal pubblico ufficiale.,La dichiarazione è sottoscritta dall'interessato stesso con l'assistenza del curatore.,"La dichiarazione è sottoscritta dallo stesso pubblico ufficiale, previo accertamento dell'identità del dichiarante.",,B,Diritto_Amministrativo,false,,,,2026-05-15 21:10:33.313064,false,
1778850180814-10,"Ai sensi dell'art. 4, commi 1 e 2, della legge 7 giugno 2000, n. 150, le amministrazioni pubbliche individuano il personale da adibire alle attività di informazione e di comunicazione e programmano la formazione, che è svolta, tra l'altro:",Dagli istituti superiori pubblici e privati.,Dal Formez.,"Unicamente da strutture pubbliche, quindi non da quelle private, con finalità formative.",,B,Comunicazione_Istituzionale,false,,,,2026-05-15 21:10:33.313064,false,
1778850180814-11,"Ai sensi dell'art. 7, comma 1, della legge 7 giugno 2000, n. 150, il portavoce, incaricato dall'organo di vertice dell'amministrazione pubblica, per tutta la durata del relativo incarico:","Non può esercitare attività nei settori radiotelevisivo, del giornalismo, della stampa, ma soltanto nel settore delle relazioni pubbliche.","Non può esercitare attività nei settori radiotelevisivo, del giornalismo, della stampa e delle relazioni pubbliche.","Non può esercitare attività nel settore delle relazioni pubbliche, mentre può farlo nei settori radiotelevisivo, del giornalismo e della stampa.",,B,Comunicazione_Istituzionale,false,,,,2026-05-15 21:10:33.313064,false,
1778850180814-12,"Una pezza di stoffa lunga 20 metri è stata divisa in due parti. Sapendo che il doppio di una di queste due parti supera l’altra di 4 metri, si determinino le lunghezze delle due parti in cui è stata suddivisa la pezza di stoffa.",5 metri; 15 metri.,"5,5 metri; 6,5 metri.",8 metri; 12 metri.,,C,Logica,false,,,,2026-05-15 21:10:33.313064,false,
1778850180814-13,"Seguire le seguenti istruzioni: dopo aver acceso l'interruttore MAI, spegnere l'interruttore SEMPRE. Prima di spegnere l'interruttore SEMPRE e di accendere l'interruttore MAI, ricordarsi però di tirare la leva FORSE, la quale può essere azionata solo dopo aver schiacciato il pulsante SICURO. In quale sequenza vanno eseguite le istruzioni?","Schiacciare il pulsante SICURO, accendere l'interruttore MAI, tirare la leva FORSE, spegnere l'interruttore SEMPRE.","Schiacciare il pulsante SICURO, tirare la leva FORSE, accendere l'interruttore MAI, spegnere l'interruttore SEMPRE.","Tirare la leva FORSE, schiacciare il pulsante SICURO, accendere l'interruttore MAI, spegnere l'interruttore SEMPRE.",,B,Logica,false,,,,2026-05-15 21:10:33.313064,false,
1778850180814-14,"Ad un tavolo tondo siedono: Aldo, Bruna, Carlo, Dina ed Enzo. Se Aldo non è accanto a Dina e Bruna è tra Carlo e Aldo, di conseguenza Enzo:",È vicino ad Bruna.,È fra Aldo e Carlo.,Non è tra Bruna e Carlo.,,C,Logica,false,,,,2026-05-15 21:10:33.313064,false,
1778850180814-15,"Il siamese non va d'accordo con il persiano, ma va d'accordo con il soriano. Il persiano non va d'accordo con il soriano. Il soriano va d'accordo con il mayne-coon ma non con il persiano. Il mayne-coon va d'accordo con il siamese ma non con il certosino. Tra i tre animali di seguito proposti:",Il soriano è quello che va d'accordo con il maggior numero di animali rispetto agli altri.,Il certosino è quello che va d'accordo con il maggior numero di animali rispetto agli altri.,Il persiano è quello che va d'accordo con il maggior numero di animali rispetto agli altri.,,A,Logica,false,,,,2026-05-15 21:10:33.313064,false,
1778850180814-16,"La biblioteca delle scuole medie possiede i sette ottavi del numero di volumi che possiede la biblioteca del liceo. Sapendo che entrambe le biblioteche possiedono complessivamente 450 volumi, quanti volumi possiede ciascuna?",220 e 230.,210 e 240.,200 e 250.,,B,Logica,false,,,,2026-05-15 21:10:33.313064,false,
1778850180814-17,Individuare la coppia che completa correttamente la proporzione. Lago di Lesina: Puglia = (X) : Lombardia = Lago di Bolsena : (Y).,(X) Lago d’Iseo ; (Y) Campania.,(X) Lago di Como ; (Y) Lazio.,(X) Lago Maggiore; (Y) Calabria.,,B,Logica,false,,,,2026-05-15 21:10:33.313064,false,
1778850180814-19,Quale dei seguenti termini\locuzioni può sostituire la parola lisergico senza modificare il significato della frase ove essa è inserita?,Causato da stupefacente.,Determinato dal caso.,Pieno di energia.,,A,Teoria_Comunicazione,false,,,,2026-05-15 21:10:33.313064,false,
1778850180814-2,"L'Autorità Nazionale Anticorruzione (Anac) nelle sue Linee Guida distingue tra accesso documentale, accesso civico e accesso generalizzato; l'accesso disciplinato dal capo V della legge 241/1990 è:",L'accesso generalizzato.,L'accesso civico.,L'accesso documentale.,,C,Diritto_Amministrativo,false,,,,2026-05-15 21:10:33.313064,false,
1778850180814-20,Twitter nel luglio 2023 ha modificato il proprio nome. Come si chiama oggi?,Tik Tok.,Threads.,X.,,C,Comunicazione_Istituzionale,false,,,,2026-05-15 21:10:33.313064,false,
1778850180814-21,"Quale, tra i seguenti, è un social media professionale?",YouTube.,Linkedin.,Facebook.,,B,Comunicazione_Istituzionale,false,,,,2026-05-15 21:10:33.313064,false,
1778850180814-22,"Una pubblica amministrazione sempre più orientata alla semplificazione e trasparenza amministrativa e al miglioramento della comunicazione esterna deve avvalersi di più strumenti e canali di informazione e di comunicazione. Nel caso di tv, radio e stampa locale, si avvale:",Di mezzi di informazione di massa.,Di comunicazione parlata.,Di comunicazione scritta.,,A,Teoria_Comunicazione,false,,,,2026-05-15 21:10:33.313064,false,
1778850180814-23,"Quale, tra i seguenti, è un media tradizionale?",Sito web.,App.,Stampa.,,C,Teoria_Comunicazione,false,,,,2026-05-15 21:10:33.313064,false,
1778850180814-24,"Come si chiama la piattaforma, nata il 14 febbraio 2005 in California, che consente la condivisione e visualizzazione in rete di video?",YouTube.,Wikipedia.,Flickr.,,A,Comunicazione_Istituzionale,false,,,,2026-05-15 21:10:33.313064,false,
1778850180814-25,Nella comunicazione l'emittente è:,Colui che riceve il messaggio.,La quantità di informazione trasmessa.,Colui che produce il messaggio.,,C,Teoria_Comunicazione,false,,,,2026-05-15 21:10:33.313064,false,
1778850180814-26,"La nota teoria degli usi e gratificazioni, per la quale il ricevente agisce sull'informazione e non la usa, diventando così parte integrante del processo comunicativo, è di derivazione:",Sistemica.,Funzionalista.,Empirica-sperimentale.,,B,Teoria_Comunicazione,false,,,,2026-05-15 21:10:33.313064,false,
1778850180814-27,"Il sociologo austriaco Paul Felix Lazarsfeld (1901-1976), realizzando ricerche sugli effetti dei mass media sulle scelte politiche della popolazione e analizzando le campagne elettorali, ha rilevato l'esistenza di individui molto coinvolti e interessati al tema definiti:",Radicali.,Convertiti.,Opinion leader.,,C,Teoria_Comunicazione,false,,,,2026-05-15 21:10:33.313064,false,
1778850180814-28,Chi decide il tempo di visione/ascolto per la televisione e per la stampa?,Dall'emittente sia per la televisione sia per la stampa.,"Dallo spettatore per la televisione, da chi legge per la stampa.","Dall'emittente per la televisione, da chi legge per la stampa.",,C,Teoria_Comunicazione,false,,,,2026-05-15 21:10:33.313064,false,
1778850180814-29,"Con quale termine si indica il progetto grafico di un giornale o di un sito web, cioè quel sistema di regole che organizza i titoli, i testi, le immagini e le didascalie all'interno di uno spazio delimitato?",Vedova.,Gabbia.,Vetrofania.,,B,Teoria_Comunicazione,false,,,,2026-05-15 21:10:33.313064,false,
1778850180814-30,"Nel testo di un pezzo come si chiama la parte iniziale dove sono contenute le informazioni più importanti, quindi la chiave per capire la notizia (una situazione, una dichiarazione, un interrogativo, ecc.)?",Lead.,Corpo.,Riepilogo.,,A,Teoria_Comunicazione,false,,,,2026-05-15 21:10:33.313064,false,
1778850180814-31,"I manuali richiamano il modello ABC per lo stile che deve caratterizzare il linguaggio giornalistico, compreso quello della pubblica amministrazione. A cosa corrisponde questo acronimo?","Amministrativo, benevolo, caustico.","Approfondito, balneare, curato.","Accurato, breve, chiaro.",,C,Teoria_Comunicazione,false,,,,2026-05-15 21:10:33.313064,false,
1778850180814-32,Michele A. Cortelazzo evidenzia che quale punto di partenza delle comunicazioni delle amministrazioni pubbliche occorre collocare:,Le cose note e familiari ai vertici della pubblica amministrazione.,Le cose note e familiari all'amministrazione.,Le cose note e familiari ai cittadini.,,C,Teoria_Comunicazione,false,,,,2026-05-15 21:10:33.313064,false,
1778850180814-33,Qual è l'ordine cronologico delle seguenti fasi del piano di comunicazione?,"Analisi del contesto, definizione degli obiettivi, selezione dei media, verifica dei risultati.","Definizione degli obiettivi, analisi del contesto, verifica dei risultati, selezione dei media.","Selezione dei media, analisi del contesto, definizione degli obiettivi, verifica dei risultati.",,A,Comunicazione_Istituzionale,false,,,,2026-05-15 21:10:33.313064,false,
1778850180814-34,"L'attestazione ufficiale della legale qualità di chi ha apposto la propria firma sopra atti, certificati, copie ed estratti, nonché dell'autenticità della firma stessa costituisce ai fini del T.U. sulla documentazione amministrativa:",Dichiarazione sostitutiva di certificazione.,Legalizzazione di firma.,Documento informatico.,,B,Diritto_Amministrativo,false,,,,2026-05-15 21:10:33.313064,false,
1778850180814-35,"Ai sensi dell'art. 7, comma 2, della legge 7 giugno 2000, n. 150, al portavoce, incaricato dall'organo di vertice dell'amministrazione pubblica:",Non è attribuita alcuna indennità.,È attribuita un'indennità determinata dal Consiglio dei ministri nei limiti delle risorse disponibili appositamente iscritte in bilancio.,È attribuita un'indennità determinata dall'organo di vertice nei limiti delle risorse disponibili appositamente iscritte in bilancio da ciascuna amministrazione per le medesime finalità.,,C,Comunicazione_Istituzionale,false,,,,2026-05-15 21:10:33.313064,false,
1778850180814-36,Quali numeri devono essere inseriti all’interno delle parentesi? 108; ( ); 117; 121; 126; ( ); 135; 139; 144.,111 e 130.,112 e 130.,112 e 150.,,A,Logica,false,,,,2026-05-15 21:10:33.313064,false,
1778850180814-37,"Qualora il trattamento di dati personali sia basato sul consenso, chi deve essere in grado di dimostrare che l'interessato ha prestato il proprio consenso al trattamento dei propri dati (art. 7, GDPR)?",Sempre e solo il responsabile del trattamento.,Rappresentante.,Titolare del trattamento.,,C,Diritto_Amministrativo,false,,,,2026-05-15 21:10:33.313064,false,
1778850180814-38,A chi va inviato un comunicato stampa?,Al capo settore grafico.,Al responsabile dell'impaginazione del giornale.,Al giornalista che si occupa stabilmente del settore coinvolto nel tema.,,C,Comunicazione_Istituzionale,false,,,,2026-05-15 21:10:33.313064,false,
1778850180814-39,"Con quale termine internazionale si indica l'intestazione di un testo che riassume la sostanza di un contenuto, cioè il titolo che può aprire una pagina cartacea o web?",Headline.,Blogging.,Mark.,,A,Teoria_Comunicazione,false,,,,2026-05-15 21:10:33.313064,false,
1778850180814-4,"In applicazione di quale principio, previsto all'art. 5, GDPR, i dati personali devono essere esatti e, se necessario, aggiornati e devono essere adottate tutte le misure ragionevoli per cancellare o rettificare tempestivamente i dati inesatti rispetto alle finalità per le quali sono trattati?",Integrità e riservatezza.,Minimizzazione dei dati.,Esattezza.,,C,Diritto_Amministrativo,false,,,,2026-05-15 21:10:33.313064,false,
1778850180814-40,"Come ricorda Enrico Borello, i differenti livelli espressivi presenti in una situazione comunicativa, ovvero i diversi modi di dire la stessa cosa, sono detti:",Registri.,Emittenti.,Sottocodici.,,A,Teoria_Comunicazione,false,,,,2026-05-15 21:10:33.313064,false,
1778850180814-5,"Quale diritto è riconosciuto all'interessato, espressamente all'art. 17 del GDPR, qualora l'interessato si opponga al trattamento e non sussiste alcun motivo legittimo prevalente per procedere al trattamento?",Diritto all'oblio.,Diritto di accesso.,Diritto di opposizione.,,A,Diritto_Amministrativo,false,,,,2026-05-15 21:10:33.313064,false,
1778850180814-6,"Se il trattamento è necessario alle autorità giurisdizionali per l'esercizio delle loro funzioni giurisdizionali, possono essere trattati dati particolari?",No.,"Si, lo prevede espressamente il GDPR.","No, lo vieta espressamente il GDPR, salvo che non intervenga preventiva ed espressa autorizzazione del Garante.",,B,Diritto_Amministrativo,false,,,,2026-05-15 21:10:33.313064,false,
1778850180814-7,"Ai sensi dell'art. 8, comma 3, della legge 7 giugno 2000, n. 150, negli uffici per le relazioni con il pubblico, la regolamentazione dei profili professionali è affidata:",Alla contrattazione collettiva.,Alla chiamata nominativa.,Alla contrattazione individuale.,,A,Comunicazione_Istituzionale,false,,,,2026-05-15 21:10:33.313064,false,
1778850180814-8,"Ai sensi dell'art. 3, commi 3 e 4, della legge 7 giugno 2000, n. 150, le concessionarie radiotelevisive e le società autorizzate possono, per finalità di esclusivo interesse sociale, trasmettere messaggi di utilità sociale. Tali messaggi possono essere trasmessi gratuitamente; qualora non lo fossero, il prezzo degli spazi di comunicazione contenenti messaggi di utilità sociale non può essere superiore:",Al venti per cento del prezzo di listino ufficiale indicato dalla concessionaria.,Al cinquanta per cento del prezzo di listino ufficiale indicato dalla concessionaria.,Al dieci per cento del prezzo di listino ufficiale indicato dalla concessionaria.,,B,Comunicazione_Istituzionale,false,,,,2026-05-15 21:10:33.313064,false,
1778850180814-9,"Ai sensi dell'art. 12, comma 1, della legge 7 giugno 2000, n. 150, sulla base dei programmi presentati dalle amministrazioni statali, il Dipartimento per l'informazione e l'editoria cosa predispone annualmente?",Il piano di comunicazione.,Il borderò con la lista dei compensi dovuti ai collaboratori degli uffici stampa della pubblica amministrazione.,La lista dei quotidiani che formeranno la cosiddetta mazzetta a disposizione delle pubbliche amministrazioni.,,A,Comunicazione_Istituzionale,false,,,,2026-05-15 21:10:33.313064,false,
1778850186109-1,"Al termine di un anno durissimo ma molto proficuo, l'azienda ha deciso di premiare la mia divisione con un premio in denaro suddiviso in maniera equa tra tutto il gruppo. Alcuni però, a capo del progetto di punta, si sentono poco valorizzati, addirittura offesi, da questa iniziativa e pensano di meritare un riconoscimento più importante degli altri.","Incontri questi collaboratori e fai capire loro che non è a causa tua che non hanno preso un premio più cospicuo. La Direzione ha voluto premiare il gruppo, ma chi si è distinto non passerà inosservato.","Organizzi un piccolo evento per il gruppo, invitando anche la Direzione Generale, nel quale ringrazi tutti per il profondo impegno, in particolare menzioni i collaboratori che si sono distinti con i loro risultati eccezionali e consegni loro un piccolo premio simbolico.",Prendi spunto da quanto accaduto per proporre un sistema premiante.,,,Situazionali,true,B,C,A,2026-05-15 21:10:33.313064,false,
1778850186109-2,"Sei il Direttore di Filiale di un azienda della Grande Distribuzione. Questa mattina hai ricevuto una email, da parte della Direzione, nella quale si comunicava che quest'anno, causa difficoltà finanziarie momentanee, non ci sarà il bonus discrezionale per i dipendenti. Il tuo team, mai come quest'anno, ha lavorato molto duramente e alcuni di loro hanno già espresso la loro insoddisfazione per la situazione. Il bonus annuale è stato corrisposto a tutti i dipendenti negli ultimi 5 anni.","Organizzi una riunione con l'obiettivo di ricordare il significato di bonus discrezionale. Pertanto, se quest'anno non riceveranno un bonus non significa che l'azienda non apprezza il loro lavoro.","Condividi pienamente il malcontento, comunicando al team che purtroppo non c'è nulla che si possa fare e che, anche tu, sei particolarmente scontento di questa decisione.","Organizzi una riunione e spieghi al tuo team le ragioni, oggettive, che hanno portato l'azienda a propendere per questa decisione, incoraggiandoli, altresì, a pensare a come ognuno di loro, nel proprio ruolo, possa contribuire per risolvere la situazione.",,,Situazionali,true,C,A,B,2026-05-15 21:10:33.313064,false,
1778850186109-3,"In una riunione di lavoro una collega alla fine del tuo intervento, con atteggiamento pacato e in modo diretto, manifesta il suo dissenso rispetto a quanto presentato ritenendolo poco funzionale alle attività che svolge.","Ringrazi la collega, ti confronti sugli argomenti e stimoli la presentazione di ulteriori punti di vista e alla fine fai una sintesi delle conclusioni","Ringrazi la collega e le rispondi in modo diretto, pensi che lo faccia solo per mettersi in mostra.","Ringrazi la collega, e fai finta di nulla.",,,Situazionali,true,A,C,B,2026-05-15 21:10:33.313064,false,
1778850186109-4,"Nel tuo team ci sono diversi collaboratori ambiziosi e competitivi, che si vogliono mettere in mostra, ma possono creare problemi al lavoro e all’unità del tuo team","Parlerò singolarmente con i colleghi, cercando di contenere le ambizioni di alcuni e motivare quelli che appaiono più statici","Per il momento lascio le cose come stanno, tanto ogni collega ha le proprie caratteristiche professionali, e di questo ne sono tutti consci","È importante che ci siano colleghi ambiziosi e determinati, del resto nelle squadre c’è chi segna e chi serve l’assist, però voglio sollevare questa problematica e cercare di recuperare tutti per farli sentire importanti ognuno nel suo ruolo",,,Situazionali,true,C,A,B,2026-05-15 21:10:33.313064,false,
1778850186109-5,Un collaboratore risponde in modo brusco e scortese ad un direttore di un altro reparto che spesso chiede informazioni e spiegazioni,Chiedo al collaboratore perché abbia risposto in maniera brusca al direttore dell'altro reparto. Probabilmente avrà avuto i suoi motivi.,"Convoco immediatamente il collaboratore per dirgli che un tale comportamento non è accettabile, ci sono ruoli gerarchici che vanno rispettati. Se il Direttore di un altro reparto chiede spiegazioni vuol dire che quelle spiegazioni sono necessarie, ognuno sa come svolgere il proprio ruolo e il collaboratore deve attenersi al suo, rispettando quello degli altri. Dico inoltre al collaboratore che può rivolgersi a me in caso di problematiche e che sarà poi mio dovere valutarle e nel caso riportarle al direttore dell'altro reparto.","Per una volta ci può stare di rispondere in maniera brusca, nel caso ricapiti però convoco il collaboratore per fargli capire che non è un atteggiamento da tenere con un direttore.",,,Situazionali,true,B,A,C,2026-05-15 21:10:33.313064,false,
1778850186109-6,"Nella tua unità operativa c'è un collaboratore con disabilità; è sempre stato un po' isolato dai processi decisionali e ora con lo smartworking, questo fenomeno è ancora più accentuato. Cosa fai?",Lo esorto ad essere più partecipe nel gruppo e cerco di diminuire i giorni in smart working così che possa avere maggiori contatti con i colleghi.,"Cerco di capire se è nelle sue aspettative continuare a usufruire dello smart working e in quali modalità; in parallelo, lo coinvolgo di più e creo dei momenti informali (es. prima di una riunione da remoto) per favorire lo scambio di idee tra colleghi.",Individuo incarichi e attività che può svolgere più in autonomia.,,,Situazionali,true,B,C,A,2026-05-15 21:10:33.313064,false,
1778850186109-7,"Un mio collaboratore ignora sistematicamente il lavoro dei colleghi. Anche se qualcuno è oberato di lavoro, causa un’emergenza, finge di non vedere e non interviene","Decido di continuare a osservare il comportamento del collaboratore per un periodo più lungo, è possibile che questo atteggiamento sia solamente momentaneo.","Intervengo immediatamente facendo notare al collaboratore che questo comportamento non è collaborativo e influisce negativamente sui risultati e sul clima del gruppo, quindi non sarà più tollerato.",Convoco i colleghi e delego a loro una possibile forma di intervento per farli responsabilizzare.,,,Situazionali,true,B,A,C,2026-05-15 21:10:33.313064,false,
1778850186109-8,"Ho incaricato alcuni componenti del mio team di effettuare una presentazione di un nostro nuovo servizio, davanti alla Direzione generale e alle Direzione Marketing, ma al loro ritorno, scopro che la presentazione è stata definita irricevibile. Loro sono molto frustrati anche perché avevano molto insistito nel chiedere maggiore autonomia nell'esecuzione di questo compito","Mi assumo la responsabilità dell'accaduto, senza colpevolizzare nessuno, probabilmente non erano ancora pronti. Affinché riacquistino fiducia, propongo le modifiche da fare e mi offro di effettuare la nuova presentazione, per non esporli ulteriormente.","Evito frasi del tipo ve lo avevo detto, ma ad ogni modo è necessario che questo errore sia un'occasione di crescita, pertanto faccio presente che l'autonomia e la fiducia si conquistano gradualmente e che per lavori di tale rilievo, è sempre necessario il mio intervento.","Mi assumo la responsabilità dell'accaduto, senza colpevolizzare nessuno. Riesaminando insieme la presentazione e l'accaduto, chiedo loro cosa poteva essere fatto meglio e cosa non ha funzionato. A partire da questa analisi, li attivo nuovamente per cercare di migliorare la presentazione.",,,Situazionali,true,C,A,B,2026-05-15 21:10:33.313064,false,
1778850305252-1,"Il documento, sottoscritto dall'interessato, prodotto in sostituzione del certificato costituisce ai fini del T.U. sulla documentazione amministrativa:",Dichiarazione sostitutiva di certificazione.,Certificato qualificato.,Documento informatico.,,A,Diritto_Amministrativo,false,,,,2026-05-15 21:10:33.313064,false,
1778850305252-10,"Ai sensi dell'art. 13, comma 1, della legge 7 giugno 2000, n. 150, le amministrazioni dello Stato sono tenute ad inviare a quale Dipartimento della Presidenza del Consiglio dei ministri, ai fini della formulazione di un preventivo parere, i progetti di comunicazione a carattere pubblicitario che prevedono la diffusione dei messaggi sui mezzi di comunicazione di massa?",Dipartimento per i rapporti con il Parlamento.,Dipartimento della funzione pubblica.,Dipartimento per l'informazione e l'editoria.,,C,Comunicazione_Istituzionale,false,,,,2026-05-15 21:10:33.313064,false,
1778850305252-11,"Ai sensi dell'art. 9, comma 2, della legge 7 giugno 2000, n. 150, gli uffici stampa, nei limiti delle risorse disponibili nei bilanci di ciascuna amministrazione per le medesime finalità, sono costituiti:","Da dipendenti delle amministrazioni pubbliche, anche in posizione di fuori ruolo ma non di comando, o da personale estraneo alla pubblica amministrazione in possesso di specifici titoli.","Da dipendenti delle amministrazioni pubbliche, anche in posizione di comando ma non fuori ruolo, o da personale estraneo alla pubblica amministrazione in possesso di specifici titoli.","Da dipendenti delle amministrazioni pubbliche, anche in posizione di comando o fuori ruolo, o da personale estraneo alla pubblica amministrazione in possesso di specifici titoli.",,C,Comunicazione_Istituzionale,false,,,,2026-05-15 21:10:33.313064,false,
1778850305252-12,Quale dei seguenti termini può sostituire la parola annunciatore senza modificare il significato della frase ove essa è inserita? Questo vento è annunciatore di tempesta!.,Foriero.,Querulo.,Subitaneo.,,A,Teoria_Comunicazione,false,,,,2026-05-15 21:10:33.313064,false,
1778850305252-13,Quale dei seguenti termini può sostituire la parola mucido senza modificare il significato della frase ove essa è inserita?,Ammuffito.,Illustre.,Marino.,,A,Teoria_Comunicazione,false,,,,2026-05-15 21:10:33.313064,false,
1778850305252-14,Individuare il termine che completa logicamente la proporzione. «limando» sta a «limpido» come «voliera» sta a ..?..,Volpara.,Volpata.,Voltata.,,C,Logica,false,,,,2026-05-15 21:10:33.313064,false,
1778850305252-15,Quali cifre devono sostituire in sequenza gli asterischi perché tutti i numeri siano divisibili per tre? 19*; 28*; 70*.,2; 8; 3.,2; 8; 5.,2; 7; 5.,,B,Logica,false,,,,2026-05-15 21:10:33.313064,false,
1778850305252-16,"Quale dei termini proposti, inserito tra le parentesi, assume un significato associabile sia al termine che precede che a quello che segue: frazione ( ) ruolo.",Sezione.,Fetta.,Parte.,,C,Logica,false,,,,2026-05-15 21:10:33.313064,false,
1778850305252-17,Quali lettere non inserirebbe al posto degli spazi per ottenere una parola di senso compiuto ed uso corrente? C_N_.,I - U.,E - A.,A - E.,,C,Logica,false,,,,2026-05-15 21:10:33.313064,false,
1778850305252-18,Quale dei seguenti termini integra correttamente la serie? quota - querela - quaresima.,Quadernaccio.,Quadrifogli.,Quadreremo.,,A,Logica,false,,,,2026-05-15 21:10:33.313064,false,
1778850305252-19,Se .?. sta a Parrocchetto allora è logico che Nuotare stia a .?.,Torrente - Lago.,Vaporetto - Motovedetta.,Volare - Palamita.,,C,Logica,false,,,,2026-05-15 21:10:33.313064,false,
1778850305252-20,Come si chiama il servizio mailing che sostiene la presenza della pubblica amministrazione direttamente nella casella mail degli stakeholder intercettati?,Social network.,Blog.,Newsletter.,,C,Comunicazione_Istituzionale,false,,,,2026-05-15 21:10:33.313064,false,
1778850305252-21,"La social media policy attraverso cui la pubblica amministrazione si rivolge ai propri utenti specificando, ad esempio, le finalità della pagina Facebook o il tipo di contenuti pubblicati o, ancora, i comportamenti consentiti, è di tipo:",Interno.,Esterno.,Neutrale.,,B,Comunicazione_Istituzionale,false,,,,2026-05-15 21:10:33.313064,false,
1778850305252-22,"Come si chiama la raccolta dei ritagli di giornale, che può comprendere una sintesi dei principali articoli del giorno nelle diverse testate o dei pezzi riguardanti uno specifico argomento?",Conferenza stampa.,Rassegna stampa.,Cartella stampa.,,B,Comunicazione_Istituzionale,false,,,,2026-05-15 21:10:33.313064,false,
1778850305252-23,"Con quale termine si indica il contemporaneo uso di differenti linguaggi di comunicazione, come testi scritti, immagini, video e audio anche combinandoli tra loro?",Interattività.,Streaming.,Multimedialità.,,C,Teoria_Comunicazione,false,,,,2026-05-15 21:10:33.313064,false,
1778850305252-24,"Brochure, depliant, giornali, manifesti: quali di questi strumenti possono far parte di un piano di comunicazione?",Soltanto i giornali e i manifesti.,Soltanto i giornali.,Tutti.,,C,Comunicazione_Istituzionale,false,,,,2026-05-15 21:10:33.313064,false,
1778850305252-25,"Rifiutando un'identità disciplinare precisa e un approccio univoco, quale scuola multidisciplinare fondata nel 1964 presso l'Università di Birmingham e diretta dal 1969 da Stuart Hall, ha analizzato i mass media e il loro ruolo ideologico e poi il multiculturalismo, il rapporto tra locale e globale e in generale la condizione postmoderna?",Cultural studies.,Spirale del silenzio.,Scarti di conoscenza.,,A,Teoria_Comunicazione,false,,,,2026-05-15 21:10:33.313064,false,
1778850305252-26,"Il modello semiotico informazionale, elaborato negli anni Sessanta, ha introdotto la nozione di decodifica che presuppone un diverso ruolo del destinatario, non più ricevente passivo di messaggi, ma polo capace di trasformare contenuti. Chi ha elaborato questo modello?",Umberto Eco e Paolo Fabbri.,Stefano Bartezzaghi e Maria Conti.,Luciano Nanni e Susan Petrilli.,,A,Teoria_Comunicazione,false,,,,2026-05-15 21:10:33.313064,false,
1778850305252-27,"Lo schema del linguista russo Roman Jakobson è stato assunto come modello generale della comunicazione. Lo studioso ha scomposto il processo della comunicazione in sei elementi principali, definendo la situazione nella quale, di fatto, si situa la comunicazione:",Contesto.,Messaggio.,Codice.,,A,Teoria_Comunicazione,false,,,,2026-05-15 21:10:33.313064,false,
1778850305252-28,"Nell'ambito dei primi studi sulla produzione delle notizie (newsmaking) si è sviluppato un concetto, utilizzato per la prima volta nel 1947 da Kurt Lewin, il quale, studiando le dinamiche interattive dei gruppi sociali, ha individuato all'interno dei canali attraverso cui fluiscono le sequenze comportamentali, delle zone filtro. Come si chiama tale concetto?",Gatekeeper.,Account.,Frame.,,A,Teoria_Comunicazione,false,,,,2026-05-15 21:10:33.313064,false,
1778850305252-29,"Nella pratica giornalistica, da applicare anche nella pubblica amministrazione, cos'è il fact-checking?",La sorveglianza etica della pubblicità.,La verifica dei fatti e delle fonti.,Il controllo del grado di influenza di un testo verso i lettori.,,B,Teoria_Comunicazione,false,,,,2026-05-15 21:10:33.313064,false,
1778850305252-3,"La richiesta di accesso ai documenti amministrativi (art. 25, l. n. 241/1990):",Deve essere rivolta all'amministrazione che ha formato il documento o che lo detiene stabilmente.,Deve essere avanzata esclusivamente al difensore civico competente per territorio.,Deve essere rivolta esclusivamente all'amministrazione che ha formato il documento.,,A,Diritto_Amministrativo,false,,,,2026-05-15 21:10:33.313064,false,
1778850305252-4,Il titolare del trattamento può trattare dati personali relativi all'orientamento sessuale della persona?,"Si, ma solo se il trattamento riguarda dati personali resi manifestamente pubblici dall'interessato.","Si, indipendentemente dalla motivazione del trattamento.","No, lo vieta espressamente l'art. 9 del GDPR, salvo che non ricorrono le condizioni di cui al par. 2.",,C,Diritto_Amministrativo,false,,,,2026-05-15 21:10:33.313064,false,
1778850305252-5,Il GDPR riconosce all'interessato il diritto di ottenere dal titolare del trattamento la conferma che sia o meno in corso un trattamento di dati personali che lo riguardano e in tal caso di ottenere le informazioni inerenti alle categorie di dati personali in questione in applicazione:,Al diritto di opposizione.,Al diritto di limitazione di trattamento.,Al diritto di accesso.,,C,Diritto_Amministrativo,false,,,,2026-05-15 21:10:33.313064,false,
1778850305252-6,"Il danno causato dal responsabile del trattamento che dà diritto al risarcimento dello stesso (art. 82, GDPR):",Deve necessariamente essere un danno materiale.,Può essere un danno materiale o immateriale.,Deve necessariamente essere un danno economico.,,B,Diritto_Amministrativo,false,,,,2026-05-15 21:10:33.313064,false,
1778850305252-7,"Ai sensi dell'art. 8, comma 2, della legge 7 giugno 2000, n. 150, le pubbliche amministrazioni provvedono, nell'esercizio della propria potestà regolamentare, alla definizione dei compiti e all'organizzazione degli uffici per le relazioni con il pubblico secondo, tra l'altro, il seguente criterio:","Agevolare l'utilizzazione dei servizi offerti ai cittadini, ma non attraverso l'illustrazione delle disposizioni normative e amministrative.","Eludere, per ragioni di privacy, l'adozione di sistemi di interconnessione telematica.","Garantire la reciproca informazione fra l'ufficio per le relazioni con il pubblico e le altre strutture operanti nell'amministrazione, nonché fra gli uffici per le relazioni con il pubblico delle varie amministrazioni.",,C,Comunicazione_Istituzionale,false,,,,2026-05-15 21:10:33.313064,false,
1778850305252-8,"Ai sensi dell'art. 9, comma 2, della legge 7 giugno 2000, n. 150, gli uffici stampa sono costituiti:",Da personale iscritto all'albo nazionale dei giornalisti unicamente come professionista.,Da personale iscritto all'albo nazionale dei giornalisti unicamente come pubblicista.,Da personale iscritto all'albo nazionale dei giornalisti come pubblicista o professionista.,,C,Comunicazione_Istituzionale,false,,,,2026-05-15 21:10:33.313064,false,
1778850305252-9,"Ai sensi dell'art. 11, comma 1, della legge 7 giugno 2000, n. 150, iniziative di comunicazione non previste dal programma annuale possono essere promosse e realizzate soltanto per particolari e contingenti esigenze sopravvenute nel corso dell'anno e sono tempestivamente comunicate a quale Dipartimento della Presidenza del Consiglio dei ministri?",Al Dipartimento della funzione pubblica.,Al Dipartimento per i rapporti con il Parlamento.,Al Dipartimento per l'informazione e l'editoria.,,C,Comunicazione_Istituzionale,false,,,,2026-05-15 21:10:33.313064,false,
1778850305253-30,"Anna Maria Lorusso e Patrizia Violi, nel loro Semiotica del testo giornalistico, forniscono una classificazione dei titoli. Come vengono definiti quelli che forniscono al lettore una chiave di lettura del testo?",Patemici.,Interpretativi.,Narrativi.,,B,Teoria_Comunicazione,false,,,,2026-05-15 21:10:33.313064,false,
1778850305253-31,"Le trasformazioni in atto stanno affievolendo il vecchio modello di comunicazione in cui era sempre il giornalista ad imporre al lettore i temi, mentre oggi è sempre più il lettore/utente ad indicare al comunicatore cosa gli interessa. Con quale locuzione si indica la dinamica che si sta affievolendo?",Brand journalism.,Top-down.,Bottom-up.,,B,Teoria_Comunicazione,false,,,,2026-05-15 21:10:33.313064,false,
1778850305253-32,"Una fonte di notizie che già produce materiale, come un comunicato stampa o un lancio di agenzia, è detta:",Indiretta.,Frontaliera.,Spedita.,,A,Teoria_Comunicazione,false,,,,2026-05-15 21:10:33.313064,false,
1778850305253-33,I manuali di stile ad uso della pubblica amministrazione sconsigliano l'uso:,Dell'indicativo.,Del gerundio.,Del condizionale.,,B,Teoria_Comunicazione,false,,,,2026-05-15 21:10:33.313064,false,
1778850310870-1,"Sei il Responsabile d'Area di un'azienda alimentare. Il tuo team è composto da 14 persone; i risultati nel primo trimestre sono stati inferiori al previsto. Per garantire gli obiettivi di vendita semestrali, dovreste incrementare di un 15% le vendite effettive rispetto al trend. Tuttavia, ritieni che il team abbia lavorato molto duramente nell'ultimo trimestre e non sei in grado di ottenere personale extra per aiutarvi.","Ritieni che il tuo team stia lavorando bene e con grande impegno. Se da un lato rendi il team consapevole della necessità di aumentare le vendite, dall'altro (per ora) decidi di non intraprendere ulteriori azioni. Sei certo che questo ripagherà nel prossimo trimestre!","Decidi di fare un intervento su misura: convochi individualmente ogni persona del team e fissi degli obiettivi specifici, condividendo quali strategie attuereanno per conseguirli.","Fai una riunione con tutto il team; forse hanno bisogno di una spinta. Li sproni a confrontarsi e a individuare strategie per raggiungere i target definiti. E' importante, per te, sottolineare la necessità di aumentare le vendite nel prossimo trimestre.",,,Situazionali,true,B,C,A,2026-05-15 21:10:33.313064,false,
1778850310870-2,"Nel team ci sono due risorse junior, entrate in azienda nello stesso periodo e coetanee. Fin da subito hanno fatto squadra tra loro, so che si frequentano anche fuori dall'ufficio e non ci sarebbero problemi, se non che, tendono a spalleggiarsi, non comunicano con gli altri componenti del team, anche quando sono informazioni importanti e il clima del gruppo è notevolmente peggiorato.","Li incontri insieme, fai notare che il loro comportamento è pericoloso, soprattutto quando blocca il flusso di informazioni. È opportuno che abbiano consapevolezza di quanto accaduto e che non tollererai più questi atteggiamenti.",Chiedi il trasferimento di uno dei due.,"Durante una riunione con tutto il team, fai un lungo discorso su quanto un certo tipo di cameratismo, senza però fare i loro nomi, sia dannoso per il clima del gruppo e per la comunicazione.",,,Situazionali,true,A,C,B,2026-05-15 21:10:33.313064,false,
1778850310870-3,Un collaboratore mi sottolinea che il suo diretto responsabile lo controlla continuamente pronto a coglierlo in errore. Può anche essere vero ma quel lavoro richiede la massima precisione,Decido di fissare un incontro e parlare apertamente con entrambi: il collaboratore va rassicurato e il responsabile deve riuscire a dare fiducia. D'altronde gli errori li può commettere chiunque!,"Al collaboratore faccio capire che non deve prenderla sul personale, è proprio quel tipo di attività che richiede la massima attenzione e il massimo livello di controllo. Appena ho l'occasione, cerco di capire anche con il responsabile se il livello di attenzione, nei confronti di questo particolare collaboratore, deve essere necessariamente così alto o se la situazione si possa gestire con maggiore fiducia.","Alla pausa caffè parlo con il responsabile dicendogli che magari sarebbe bene cambiare un po' atteggiamento, controllare va bene ma non in maniera ossessiva.",,,Situazionali,true,A,B,C,2026-05-15 21:10:33.313064,false,
1778850310870-4,"Quando ti capita di dover affrontare incarichi complessi e scadenze pressanti, cosa ritieni necessario fare?","Pianifico attentamente le attività, delegando quando è possibile.","Mi immergo totalmente nel lavoro, isolandomi dagli altri per quanto possibile.","Oltre ad una buona pianificazione, ritengo sia indispensabile ritagliare degli spazi di tempo per me, per alleggerire il carico mentale ed emotivo.",,,Situazionali,true,A,C,B,2026-05-15 21:10:33.313064,false,
1778850310870-5,"Stai assistendo durante una riunione con i vertici ad un vivace dibattito tra due tuoi colleghi, la cosa si protrae più del dovuto ed il più alto dirigente sembra assistervi divertito. Tu cosa pensi di fare?","Se il dibattito si prolunga più del dovuto, prendi la parola riconoscendo la bontà di alcune osservazioni di entrambi i contendenti e la necessità quindi di approfondire la volta successiva.","Dipende dal tempo durante il quale si protrae la discussione. Se dovesse eccedere, prendi la parola per porre un argomento diverso da quello del dibattito in corso.. Chiedi la cortesia a tutti di approfondire l'argomento del dibattito ad un'altra occasione.",Intervengo pregando i due di smetterla di litigare.,,,Situazionali,true,A,B,C,2026-05-15 21:10:33.313064,false,
1778850310871-6,"Lavori nel dipartimento Comunicazione e Marketing di un’azienda che opera nel settore Croceristico. Tu e il tuo collega siete stati coinvolti dal vostro Responsabile in un progetto che consiste nella realizzazione di un campagna di marketing in vista della stagione estiva. Avete carta bianca: la richiesta è che si utilizzi una buona dose di inventiva e una puntuale analisi del ritorno economico. Tu e il collega cominciate a lavorarci, ma sin da subito emergono diversità di opinioni che spesso vi portano a discussioni poco produttive.",Esponi al collega tutti i particolari della soluzione che vuoi proporre adattando le tue argomentazioni sulla base delle opinioni/punti di vista del collega e delle critiche emerse durante la vostra riunione.,"Esponi al collega tutti i particolari della soluzione che hai pensato focalizzando l’attenzione sugli elementi più innovativi che vuoi proporre e i vantaggi che ti aspetti in termini economici, preparando argomentazioni alternative per anticipare eventuali obiezioni.",Esponi al collega tutti i particolari della soluzione che hai pensato focalizzando l’attenzione sugli elementi più innovativi che vuoi proporre e sottolineando i dati del business plan a testimonianza del lavoro di approfondimento che hai già svolto.,,,Situazionali,true,A,B,C,2026-05-15 21:10:33.313064,false,
1778850310871-7,"Il collega dirigente, capo del personale, contro la vostra opinione, ha attivato un sistema di premialità tutto incentrato sul conseguimento dei risultati, trascurando del tutto il fattore comportamento con l'effetto di indurre il personale a stili fin troppo direttivi, poco collaborativi, alimentando contrasti; insomma in poche parole, il clima è diventato pessimo ...","Convocate una riunione del team direzionale, illustrate i pericoli di siffatta situazione e convincete i colleghi a presentare una relazione con le possibili soluzioni alla Direzione.","Vi recate dal Direttore Generale e denunciate il fatto, sottolineando l'importanza di fare immediatamente un intervento, prima che la situazione si deteriori ulteriormente.","Poiché il responsabile della situazione che si è venuta a creare è il Capo del Personale, lo invitate a prendere provvedimenti in tal senso",,,Situazionali,true,A,C,B,2026-05-15 21:10:33.313064,false,
1778850503281-1,"Recita l'art. 41 del Testo unico sulla documentazione amministrativa che: I certificati rilasciati dalle pubbliche amministrazioni attestanti stati, qualità personali e fatti non soggetti a modificazione hanno validità illimitata. I restanti certificati hanno validità di sei mesi dalla data del rilascio se disposizioni di legge o regolamentari non prevedono una validità superiore. Quale certificato tra quelli proposti non ha validità illimitata?",Certificato di qualifica professionale posseduta.,"Nessuna delle altre risposte è corretta, tutti i certificati rilasciati dalle P.A. hanno validità illimitata.",Certificato afferente procedimenti penali.,,C,Diritto_Amministrativo,false,,,,2026-05-15 21:10:33.313064,false,
1778850503281-11,"Ai sensi dell'art. 9, comma 5, della legge 7 giugno 2000, n. 150, negli uffici stampa la regolamentazione dei profili professionali è affidata:","Alla contrattazione collettiva, nell'ambito di una speciale area di contrattazione, con l'intervento delle organizzazioni rappresentative della categoria dei giornalisti.","Alla contrattazione individuale, nell'ambito di una speciale area di contrattazione, con l'intervento delle organizzazioni rappresentative della categoria dei pubblici dipendenti.","Alla chiamata nominativa, nell'ambito di una speciale area di contrattazione, con l'esclusione del coinvolgimento delle organizzazioni rappresentative della categoria dei giornalisti.",,A,Comunicazione_Istituzionale,false,,,,2026-05-15 21:10:33.313064,false,
1778850503281-12,Trovare il termine intruso tra quelli proposti.,Wakeboard.,Canottaggio.,Parkour.,,C,Logica,false,,,,2026-05-15 21:10:33.313064,false,
1778850503281-13,Quale dei seguenti gruppi di termini è disomogeneo rispetto agli altri?,"Svantaggio, danno, detrimento, utilità.","Carenza, bisogno, privazione, opulenza.","Arditezza, arroganza, sfrontatezza, impudenza.",,C,Logica,false,,,,2026-05-15 21:10:33.313064,false,
1778850503281-14,Si seguano le seguenti istruzioni <Sottrarre 3 al risultato della divisione di 12 per la differenza tra 5 e 1>. Qual è il numero ottenuto?,0.,- 1.,1.,,A,Logica,false,,,,2026-05-15 21:10:33.313064,false,
1778850503281-15,Cosa significa negare la frase tutte le donne marchigiane sono occupate”?,Esiste almeno una donna marchigiana disoccupata.,Devono esistere almeno due donne marchigiane disoccupate.,Nessuna donna marchigiana è disoccupata.,,A,Logica,false,,,,2026-05-15 21:10:33.313064,false,
1778850503281-16,Se 10/11 : W = 5/22 : 3/4 --> W = ...,4.,13.,3.,,C,Logica,false,,,,2026-05-15 21:10:33.313064,false,
1778850503281-17,"Data la parola ruota, quale tra quelle proposte è la meno attinente/collegabile?",Senza colpa.,Libera.,Scorta.,,A,Logica,false,,,,2026-05-15 21:10:33.313064,false,
1778850503281-18,“traguardo: mèta = mezza parte : ( )”. Quale dei seguenti elementi completa correttamente la proporzione?,(età).,(meta).,(metà).,,C,Logica,false,,,,2026-05-15 21:10:33.313064,false,
1778850503281-2,La pubblica amministrazione può rifiutare l'accesso ai documenti amministrativi?,"Si, nei casi e nei limiti stabiliti dalla legge n. 241/1990.",No. In nessun caso l'amministrazione può rifiutare l'accesso ai documenti amministrativi.,Si. L'amministrazione decide a suo insindacabile giudizio se e quali documenti possano essere sottratti all'accesso.,,A,Diritto_Amministrativo,false,,,,2026-05-15 21:10:33.313064,false,
1778850503281-20,"In Instagram come si chiama la parola chiave che permette di descrivere un contenuto, ricercarlo o renderlo ricercabile?",Tag.,Bio.,Following.,,A,Comunicazione_Istituzionale,false,,,,2026-05-15 21:10:33.313064,false,
1778850503281-22,"Come si chiama, con locuzione internazionale, la raccolta di materiale informativo su un tema specifico, in genere collegato ad una conferenza stampa, che in Italia corrisponde alla cartella stampa?",Press kit.,Op-eds.,Editorial board.,,A,Comunicazione_Istituzionale,false,,,,2026-05-15 21:10:33.313064,false,
1778850503281-23,"Google Analytics, strumento molto efficace per analizzare i dati di un sito internet, in particolare del suo pubblico, offre le cosiddette keywords. Di che si tratta?",Abitudini di consultazione del sito.,Dispositivi di ottimizzazione.,Parole chiave.,,C,Uso_delle_tecnologie,false,,,,2026-05-15 21:10:33.313064,false,
1778850503281-24,Scribd ha la funzione di:,Condividere i messaggi.,Condividere i soli video a colori.,Condividere i documenti.,,C,Uso_delle_tecnologie,false,,,,2026-05-15 21:10:33.313064,false,
1778850503281-25,"Dove ha avuto sede, da cui il nome, la celebre scuola sociologica di orientamento neo-marxista, fiorita negli anni Venti del Novecento e che ha annoverato, tra gli altri, Adorno, Fromm, Grünberg, Horkheimer, Marcuse e Pollock?",Berna.,Francoforte.,Chicago.,,B,Teoria_Comunicazione,false,,,,2026-05-15 21:10:33.313064,false,
1778850503281-26,"Il gruppo di studiosi noti come Scuola di Palo Alto ha isolato alcuni principi essenziali che regolano il funzionamento della comunicazione, dando loro il nome di:",Codici.,Assiomi.,Variabili.,,B,Teoria_Comunicazione,false,,,,2026-05-15 21:10:33.313064,false,
1778850503281-27,Qual è la teoria di comunicazione elaborata negli anni Settanta da Elisabeth Noelle-Neumann e che si occupa dell'analisi del potere persuasivo dei mass media in grado di ridurre al silenzio le opzioni minoritarie e dissenzienti?,Spirale del silenzio.,Scarti di conoscenza.,Agenda setting.,,A,Teoria_Comunicazione,false,,,,2026-05-15 21:10:33.313064,false,
1778850503281-28,"Definita da Galtung e Ruge come il lasso di tempo necessario all'avvenimento per prendere forma e acquistare significato, qual è questo importante valore relativo al mezzo nella comunicazione?",Frequenza.,Materiale disponibile.,Formato.,,A,Teoria_Comunicazione,false,,,,2026-05-15 21:10:33.313064,false,
1778850503281-29,"Come si definiscono termini o locuzioni che, pur indicando concetti, nozioni e strumenti di un certo ambito settoriale, non sono legati a effettiva necessità comunicativa, bensì all'esigenza di usare un registro elevato, differente dal linguaggio comune, come indica la Treccani, e che spesso rendono incomprensibile un testo della pubblica amministrazione?",Eufemismi.,Tecnicismi.,Forestierismi.,,B,Teoria_Comunicazione,false,,,,2026-05-15 21:10:33.313064,false,
1778850503281-3,"La sottoscrizione delle domande per la partecipazione ad esami per il conseguimento di abilitazioni è soggetta ad autenticazione? (D.P.R. 28/12/2000, n. 445, art. 39)?","No, non è soggetta ad autenticazione, salvo diverse disposizioni dell'amministrazione destinataria.","Si, è sempre soggetta ad autenticazione.","No, non è soggetta ad autenticazione.",,C,Diritto_Amministrativo,false,,,,2026-05-15 21:10:33.313064,false,
1778850503281-30,"Di solito come si chiama un'intervista, diffusa tra le istituzioni, in cui è l'intervistato a sollecitare il pezzo e in cui spesso le risposte sono fornite tramite un addetto stampa?",Non-intervista.,Intervista volante.,Intervista pilotata.,,C,Teoria_Comunicazione,false,,,,2026-05-15 21:10:33.313064,false,
1778850503281-31,"Particolarmente diffuso nel linguaggio giornalistico, anche con riferimento alle pubbliche amministrazioni, è l'uso, ad esempio, di BCE per Banca centrale europea. Con quale sostantivo si indica il nome formato con le iniziali di altre parole?",Allegoria.,Iperbole.,Acronimo.,,C,Teoria_Comunicazione,false,,,,2026-05-15 21:10:33.313064,false,
1778850503281-32,"Da diversi decenni un ampio dibattito investe le dissimmetrie linguistiche nel lessico giornalistico, anche nelle pubbliche amministrazioni, che deriva da stereotipi culturali. Ad esempio, nel caso di professione del padre/condizione della madre su un modulo, l'uso discriminatorio della lingua riguarda:",L'etnia.,La parità di genere.,La religione.,,B,Teoria_Comunicazione,false,,,,2026-05-15 21:10:33.313064,false,
1778850503281-33,"Nell'attuale fase di grande trasformazione dell'attività giornalistica si sta verificando la progressiva convergenza, dal punto di vista dell'offerta, dei vari media in un unico contenitore comprendente sia la scrittura sia i contenuti audiovisivi. Come viene chiamato questo contenitore?",Ipertesto.,Netiquette.,Advertising.,,A,Teoria_Comunicazione,false,,,,2026-05-15 21:10:33.313064,false,
1778850503281-4,"Sono categorie particolari di dati (art. 9, GDPR):",Dati biometrici.,Dati personali che rivelino le opinioni politiche.,Entrambi i dati indicati nelle altre alternative di risposta.,,C,Diritto_Amministrativo,false,,,,2026-05-15 21:10:33.313064,false,
1778850503281-5,"Il divieto di trattare dati particolari posto al par. 1, art. 9, GDPR:",È tassativo indipendentemente dal motivo del trattamento.,Non trova applicazione qualora il trattamento è necessario per tutelare un interesse vitale dell'interessato qualora l'interessato si trovi nell'incapacità fisica o giuridica di prestare il proprio consenso.,Non trova applicazione solo quando l'interessato ha prestato il proprio consenso esplicito al trattamento di tali dati.,,B,Diritto_Amministrativo,false,,,,2026-05-15 21:10:33.313064,false,
1778850503281-6,"I fondamenti di liceità del trattamento di dati personali sono indicati all'art. 6 del GDPR. Qualora il trattamento è necessario per l'esecuzione di un compito di interesse pubblico o connesso all'esercizio di pubblici poteri di cui è investito il titolare del trattamento, è lecito il trattamento di dati personali?",No.,Si.,"È lecito solo se l'interessato, in forma scritta, ha espresso il consenso al trattamento.",,B,Diritto_Amministrativo,false,,,,2026-05-15 21:10:33.313064,false,
1778850503281-7,"Ai sensi dell'art. 9, comma 1, della legge 7 giugno 2000, n. 150, le amministrazioni pubbliche possono dotarsi di un ufficio stampa, la cui attività è in via prioritaria indirizzata ai mezzi di informazione di massa. Possono farlo anche in forma associata?",No.,"Sì, ma soltanto in comuni con meno di mille residenti.",Sì.,,C,Comunicazione_Istituzionale,false,,,,2026-05-15 21:10:33.313064,false,
1778850503281-8,"Ai sensi dell'art. 9, comma 4, della legge 7 giugno 2000, n. 150, i componenti dell'ufficio stampa, ad esclusione di eventuali deroghe previste dalla contrattazione collettiva, non possono esercitare, per tutta la durata dei relativi incarichi, attività professionali nei settori:","Radiotelevisivo, del giornalismo, della stampa, ad esclusione delle relazioni pubbliche.","Delle relazioni pubbliche, ad esclusione dei settori radiotelevisivo, del giornalismo e della stampa.","Radiotelevisivo, del giornalismo, della stampa e delle relazioni pubbliche.",,C,Comunicazione_Istituzionale,false,,,,2026-05-15 21:10:33.313064,false,
1778850503281-9,"Ai sensi dell'art. 13, comma 2, della legge 7 giugno 2000, n. 150, i progetti di comunicazione a carattere pubblicitario delle amministrazioni dello Stato devono contenere indicazioni, tra l'altro, circa:","Le modalità, ma non i mezzi, ritenute più idonee al raggiungimento della massima efficacia della comunicazione.","La lingua adottata per i messaggi, ma non il loro contenuto.",L'obiettivo della comunicazione e la copertura finanziaria.,,C,Comunicazione_Istituzionale,false,,,,2026-05-15 21:10:33.313064,false,
1778850513017-1,"Sei il Responsabile operativo di un'agenzia che organizza eventi. Stai lavorando all'organizzazione di un galà di beneficienza per un importante cliente che segui da tempo. Dal momento che avevi già ricevuto l'approvazione dal cliente, hai prenotato una sala di un albergo prestigioso. Il cliente ora ti chiede di rivedere la scelta della location, in quanto preferisce che l'evento si svolga all'aperto anzichè in un albergo.",Cogli l’opportunità per analizzare delle alternative di location. Condividi con il cliente le alternative analizzate e costruisci una soluzione ad hoc per lui.,"Parli con il cliente e cerchi di capire i motivi di questa richiesta dal momento che ti sembra insolita e poco coerente con i suoi obiettivi. Fornisci alcune alternative nel programma dell'evento, mantenendo la location iniziale.","Provi immediatamente a promuovere al tuo cliente l'idea della location iniziale (l'albergo), inviandogli foto e video di altri eventi svolti in quello spazio, per fagli cambiare idea. Decidi di provare questa soluzione e di vedere che feedback ti fornisce il cliente.",,,Situazionali,true,A,B,C,2026-05-15 21:10:33.313064,false,
1778850513017-2,"Devi trasferire un dipendente che fin dall'assunzione ha impostato la sua attività lavorativa senza brillare particolarmente. Sai già che farà resistenze, come glielo comunichi?","Convochi il dipendente, gli esponi la tua intenzione, rispettandolo come persona, avrai avuto modo di verificare che il nuovo incarico sia paritetico al suo ruolo ed alle sue competenze. Lo ringrazi per l'attività finora svolta cerchi di dimostrare che la sua attività sarà affidata a persona che lui conosce e preghi di effettuare un corretto piano di consegne","Lo convochi nella tua stanza, gli dici che a causa del suo scarso rendimento sei costretto a trasferirlo. E non c'è niente da fare.","Inviti il dipendente nella tua stanza, gli esponi i motivi a tuo parere oggettivi che ti portano a questa decisione relativamente all'efficientamento della struttura, gli illustri le opportunità del nuovo ruolo, lo rassicuri che le attività finora svolte saranno assicurate da persona affidabile,",,,Situazionali,true,A,C,B,2026-05-15 21:10:33.313064,false,
1778850513017-3,"Ci sono dei momenti, in cui appare necessario un tuo intervento come capo nelle attività di lavoro, e quindi di lavorare insieme al tuo team, per il raggiungimento di un obiettivo comune.","Cerco di essere di esempio, poi ritorno ai miei importanti e delicati compiti manageriali.","In questi momenti, a maggior ragione sono uno di loro, e cerco di fare squadra soprattutto con i miei comportamenti.","Una volta dato l’input ai miei collaboratori, loro sanno come comportarsi e non hanno bisogno di un mio fattivo supporto.",,,Situazionali,true,B,A,C,2026-05-15 21:10:33.313064,false,
1778850513017-4,State lavorando ad un progetto in campo alimentare e dovete coinvolgere come target sia ingegneri che operai.,Coinvolgete i colleghi del settore comunicazione sapranno loro darmi un supporto adeguato.,Redigete un dépliant informativo con le indicazioni tecniche del progetto.,Redigete due comunicazioni differenti uno con terminologia specifica e l'altro in cui metter in evidenza i vantaggi dell'essere coinvolti nel progetto.,,,Situazionali,true,C,A,B,2026-05-15 21:10:33.313064,false,
1778850513017-5,Il punto di vista del cittadino deve essere centrale nello sviluppo delle azioni di una Pubblica Amministrazione. Il cambiamento di tipo culturale deve tradursi in azioni concrete a livello organizzativo. Quali i modi migliori di procedere per ri-orientare il vostro team in tal senso?,"Gli orari dello sportello al pubblico devono essere ampliati, le richieste dei cittadini raccolte e quindi analizzate. I tuoi collaboratori dovranno recepire quanto loro sottoposto dando priorità alle richieste di maggiore urgenza.",Per prima cosa verifichi con la funzione organizzativa l'opportunità di ampliare i canali di contatto con il cittadino portando un'analisi che hai elaborato al tuo interno con i tuoi collaboratori sui punti che ti impegni a sviluppare. Parlerai poi con il capo del personale per programmare corsi di formazione ad hoc in cui far percepire la necessità di un riorientamento in tal senso.,"Convochi una riunione dove informi tutti che il sistema deve cambiare. Il parere degli utenti è importante e quindi dovrà passare d'ora in avanti in prima linea. Quindi priorità massima a reclami, richieste e osservazioni dall'esterno.",,,Situazionali,true,B,A,C,2026-05-15 21:10:33.313064,false,
1778850513017-6,Vi si chiede di esprimere la vostra opinione su di un vostro collaboratore che ritenete in grado di essere attribuito ad un incarico superiore. D'altra parte c'è un altro candidato che non presenta caratteristiche idonee al ruolo. In che modo sviluppi una strategia di persuasione per mettere l'uomo/donna giusta al posto giusto?,Esponi alla funzione del personale che sarebbe un errore scegliere l'altro candidato perché il tuo è decisamente migliore.,Nei confronti dell'ufficio del personale esponi le qualità del tuo collaboratore avendo cura di metterle in relazione con quanto si richiede per l'incarico superiore. Senza nominare il candidato/a avversario metti in evidenza l'importanza di scegliere il candidato migliore,Metti in evidenza i punti di forza del tuo collaboratore dichiarando che è ben meritevole di avanzamento.,,,Situazionali,true,B,C,A,2026-05-15 21:10:33.313064,false,
1778850513017-7,Ti accorgi che un tuo collaboratore pur responsabilizzato sulle cose che deve fare non riesce a mantenere la concentrazione e a gestire l'ansia che gli deriva dalla pressione per la realizzazione di un progetto di primaria importanza,Decidi di parlargli e di evidenziare insieme le criticità e le possibili soluzioni rendendoti comunque disponibile,Consideri l'importanza del progetto e credi che richieda maggiori capacità per gestirlo e quindi decidi di assegnarlo ad un'altra risorsa,Decidi di affiancare un'ulteriore risorsa per realizzare il progetto,,,Situazionali,true,A,C,B,2026-05-15 21:10:33.313064,false,
1778850668339-1,"Ai sensi dell'art. 3, commi 3 e 4, della legge 7 giugno 2000, n. 150, le concessionarie radiotelevisive e le società autorizzate possono, per finalità di esclusivo interesse sociale, trasmettere messaggi di utilità sociale. Il tempo di trasmissione dei messaggi non può occupare più:",Di trenta minuti per ogni giorno di trasmissione per singola concessionaria.,Di venticinque minuti per ogni giorno di trasmissione per singola concessionaria.,Di quattro minuti per ogni giorno di trasmissione per singola concessionaria.,,A,Comunicazione_Istituzionale,false,,,,2026-05-15 21:10:33.313064,false,
1778850668339-10,Ai fini del GDPR per dati genetici si intende:,"I dati personali ottenuti da un trattamento tecnico specifico relativi alle caratteristiche fisiche, fisiologiche o comportamentali di una persona fisica.",I dati personali diversi da quelli attinenti alla salute.,I dati personali relativi alle caratteristiche genetiche di una persona fisica che forniscono informazioni univoche sulla fisiologia o sulla salute di detta persona fisica.,,C,Diritto_Amministrativo,false,,,,2026-05-15 21:10:33.313064,false,
1778850668339-11,In tutti i casi in cui il Testo unico in materia di documentazione amministrativa richiede un documento di identità esso può essere sostituito da un documento di riconoscimento ritenuto equipollente. É equipollente:,Solo la patente nautica.,Solo la patente di guida.,Il porto d'armi.,,C,Diritto_Amministrativo,false,,,,2026-05-15 21:10:33.313064,false,
1778850668339-12,I certificati rilasciati dalle pubbliche amministrazioni che attestano stati e qualità personali non soggetti a modificazione hanno validità illimitata. I restanti certificati se disposizioni di legge o regolamentari non prevedano una validità superiore hanno:,Validità di 3 mesi dalla data del rilascio.,Validità di 6 mesi dalla data del rilascio.,Validità di 10 mesi dalla data del rilascio.,,B,Diritto_Amministrativo,false,,,,2026-05-15 21:10:33.313064,false,
1778850668339-13,"Nascita del figlio, decesso del coniuge, esistenza in vita. Nei rapporti con la P.A. quale/quali tra i citati stati, fatti, qualità personali possono essere comprovati con dichiarazione sostitutiva di certificazione?",Solo la nascita del figlio.,Tutti quelli citati.,Solo il decesso del coniuge.,,B,Diritto_Amministrativo,false,,,,2026-05-15 21:10:33.313064,false,
1778850668339-14,La pubblica amministrazione può richiedere ad un cittadino un certificato di nascita nel caso in cui all'atto della presentazione dell'istanza sia richiesta l'esibizione di un documento di identità o di riconoscimento ove tale dato risulta attestato?,"Si, può farlo legittimamente secondo quanto previsto dal D.P.R. n. 445/2000.",Richiedere o meno la documentazione in tal caso è una facoltà che il D.P.R. n. 445/2000 demanda all'ente interessato.,"No, il divieto è espressamente previsto dall'art. 45 del D.P.R. n. 445/2000.",,C,Diritto_Amministrativo,false,,,,2026-05-15 21:10:33.313064,false,
1778850668339-15,"L'istanza di accesso generalizzato, di cui al co. 2, art. 5, D.Lgs. n. 33/2013, può essere trasmessa all'ufficio che detiene i dati, le informazioni o i documenti?","No, all'ufficio che detiene i dati, le informazioni o i documenti può essere trasmessa solo l'istanza di accesso civico.","Si può essere trasmessa anche all'ufficio che detiene i dati, le informazioni o i documenti.","Si, deve essere trasmessa solo all'ufficio che detiene i dati, le informazioni o i documenti.",,B,Diritto_Amministrativo,false,,,,2026-05-15 21:10:33.313064,false,
1778850668339-16,"Ai sensi dell'art. 5, D.Lgs. n. 33/2013, l'amministrazione cui è indirizzata la richiesta di accesso, fatti salvi i casi di pubblicazione obbligatoria, se individua soggetti controinteressati è tenuta a dare comunicazione agli stessi?","No, in alcun caso.",Si.,In tale ipotesi l'amministrazione decide autonomamente.,,B,Diritto_Amministrativo,false,,,,2026-05-15 21:10:33.313064,false,
1778850668339-17,"Ai sensi dell'art. 5, D.Lgs. n. 33/2013, è corretto affermare che il rilascio di dati o documenti in formato elettronico o cartaceo è gratuito?","Si, salvo il rimborso del costo effettivamente sostenuto e documentato dall'amministrazione per la riproduzione su supporti materiali.",Il rilascio di dato o documenti in formato elettronico è gratuito mentre quello cartaceo è a titolo oneroso.,"No, è a titolo oneroso.",,A,Diritto_Amministrativo,false,,,,2026-05-15 21:10:33.313064,false,
1778850668339-19,"Come si chiama l'invio, attraverso indirizzi generici non verificati o sconosciuti, di messaggi pubblicitari indesiderati o non richiesti?",Spam.,Tag.,Bot.,,A,Uso_delle_tecnologie,false,,,,2026-05-15 21:10:33.313064,false,
1778850668339-2,"Ai sensi dell'art. 9, comma 3, della legge 7 giugno 2000, n. 150, l'ufficio stampa è diretto da un coordinatore, che assume la qualifica di:",Direttore generale.,Caposervizio.,Capo ufficio stampa.,,C,Comunicazione_Istituzionale,false,,,,2026-05-15 21:10:33.313064,false,
1778850668339-20,Come si chiama l'applicazione YouTube che permette di monitorare il rendimento del canale e dei video con metriche e rapporti aggiornati?,Analytics.,Gallery.,Tag.,,A,Uso_delle_tecnologie,false,,,,2026-05-15 21:10:33.313064,false,
1778850668339-21,Qual è la differenza tra una diretta streaming e un podcast?,Non c'è alcuna differenza.,"La prima riguarda esclusivamente contenuti on demand, il secondo la diffusione in tempo reale di un flusso soltanto audio.","La prima riguarda esclusivamente la diffusione in tempo reale di un flusso audio e/o audiovisivo, il secondo contenuti on demand.",,C,Uso_delle_tecnologie,false,,,,2026-05-15 21:10:33.313064,false,
1778850668339-22,L'unità di misura di un annuncio stampa è:,La ricerca.,La vetrofania.,Il modulo.,,C,Comunicazione_Istituzionale,false,,,,2026-05-15 21:10:33.313064,false,
1778850668339-23,"I fatti sono sacri, i commenti sono liberi. Questa celebre frase, attribuita a Charles Prestwich Scott, direttore del Manchester Guardian negli anni Venti del Novecento, tocca una tematica tradizionale che investe anche il linguaggio giornalistico, compreso quello della pubblica amministrazione. Quale?",Il linguaggio scandalistico.,L'accuratezza delle fonti.,La distinzione tra fatti e opinioni.,,C,Teoria_Comunicazione,false,,,,2026-05-15 21:10:33.313064,false,
1778850668339-24,"Le linee guida per i siti web della pubblica amministrazione stabiliscono la necessità di effettuare un controllo dei contenuti pubblicati. Come si chiama questa operazione che dovrebbe identificare, per ciascun contenuto, almeno il proprietario, la rilevanza, la data di ultimo aggiornamento e l'accuratezza?",Personalizzazione.,Audit.,Multicanalità.,,B,Uso_delle_tecnologie,false,,,,2026-05-15 21:10:33.313064,false,
1778850668339-25,"Una delle regole di base del linguaggio giornalistico, che include anche la comunicazione della pubblica amministrazione, è un'informazione rispondente al canone di chi, cosa, dove, quando, perché?, che in linea con il linguaggio anglosassone corrisponde alla celebre regola:",Delle cinque P.,Delle cinque W.,Delle cinque R.,,B,Teoria_Comunicazione,false,,,,2026-05-15 21:10:33.313064,false,
1778850668339-26,In un contenitore vi sono 10 gettoni numerati da 1 a 10. Qual è la probabilità che estraendo un gettone a caso il numero scelto è divisibile per due?,1/5.,1.,1/2.,,C,Logica,false,,,,2026-05-15 21:10:33.313064,false,
1778850668339-28,Se il numero 18 lo si divide per 90 e poi lo si moltiplica per 360 si ottiene:,70.,74.,72.,,C,Logica,false,,,,2026-05-15 21:10:33.313064,false,
1778850668339-30,Quale dei seguenti numeri eliminerebbe? 253 - 265 - 308 - 297 - 132.,265.,297.,253.,,B,Logica,false,,,,2026-05-15 21:10:33.313064,false,
1778850668339-31,Individuare il termine che completa logicamente la proporzione. salita sta a saputa come celere sta a ..?..,Candita.,Colore.,Cenare.,,B,Logica,false,,,,2026-05-15 21:10:33.313064,false,
1778850668339-32,"Data la parola treno, quale tra quelle proposte è la meno attinente/collegabile?",Convoglio.,Calendario.,Binario.,,B,Logica,false,,,,2026-05-15 21:10:33.313064,false,
1778850668339-33,"Individuato il legame che mette A in relazione a B, trovare C. A (Milano) : B (Basilica di Sant’Ambrogio) = C (..?..) : D (Palazzo Pitti).",Firenze.,Genova.,Bologna.,,A,Logica,false,,,,2026-05-15 21:10:33.313064,false,
1778850668339-4,"Come evidenzia Mauro Wolf, se la teoria ipodermica parlava di manipolazione o propaganda, e se la teoria psicologica-sperimentale si occupava di persuasione, quale teoria parla di influenza e non solo di quella esercitata dai media ma di quella più generale che scorre nei rapporti comunitari, della quale l'influenza delle comunicazioni di massa è solo una componente?",Cultural studies.,Teoria degli effetti limitati.,Teoria degli scarti di conoscenza.,,B,Teoria_Comunicazione,false,,,,2026-05-15 21:10:33.313064,false,
1778850668339-5,"In base agli studi di Humbert Blumer sui tipi di collettività in ambito di comunicazione, quale dei seguenti ha alto grado di interazione, alto controllo, alta organizzazione e alto livello di consapevolezza?",Gruppo.,Pubblico.,Folla.,,A,Teoria_Comunicazione,false,,,,2026-05-15 21:10:33.313064,false,
1778850668339-6,"Quale studioso giamaicano naturalizzato britannico (1932-2014), una delle figure di spicco della scuola di Birmingham dei Cultural studies, ha individuato le tre differenti modalità di decodifica, cioè le letture preferite, negoziate e oppositive?",Stuart McPhail Hall.,David Morley.,Aamir Mufti.,,A,Teoria_Comunicazione,false,,,,2026-05-15 21:10:33.313064,false,
1778850668339-8,"Il principio detto di responsabilizzazione (o accountability) di cui all'art. 5, par. 2, GDPR, fa esplicito riferimento:",Al responsabile del trattamento.,Al titolare del trattamento.,Al rappresentante.,,B,Diritto_Amministrativo,false,,,,2026-05-15 21:10:33.313064,false,
1778850668339-9,"Dispone l'art. 6 del GDPR in merito alla liceità del trattamento, che è lecito trattare dati personali se il trattamento è necessario per adempiere un obbligo legale al quale è soggetto il titolare del trattamento. Gli Stati membri possono introdurre disposizioni più specifiche per adeguare l'applicazione delle norme del GDPR?","No, lo vieta espressamente il citato articolo.","Si, determinando con maggiore precisione requisiti specifici per il trattamento e altre misure atte a garantire un trattamento lecito e corretto anche per le altre specifiche situazioni di trattamento.","Si, ma previa autorizzazione della Commissione europea.",,B,Diritto_Amministrativo,false,,,,2026-05-15 21:10:33.313064,false,
1778850668340-34,"Ai sensi dell'art. 3, comma 1, della legge 7 giugno 2000, n. 150, quale organismo determina i messaggi di utilità sociale ovvero di pubblico interesse, che la concessionaria del servizio pubblico radiotelevisivo può trasmettere a titolo gratuito?",Presidenza del Consiglio dei ministri.,Rai.,Formez.,,A,Comunicazione_Istituzionale,false,,,,2026-05-15 21:10:33.313064,false,
1778850668340-35,"In base alle indicazioni del Dipartimento della Funzione pubblica, lo stile giornalistico di un comunicato stampa deve essere caratterizzato da:",Numerose ripetizioni.,Linguaggio non essenziale.,Costruzioni sintattiche semplici.,,C,Comunicazione_Istituzionale,false,,,,2026-05-15 21:10:33.313064,false,
1778850668340-36,Lo scritto di una pagina web è incentrato prevalentemente sul procedere:,Formale.,Argomentativo.,Espressivo.,,B,Teoria_Comunicazione,false,,,,2026-05-15 21:10:33.313064,false,
1778850668340-37,"Quale, tra i seguenti, è un media digitale?",Rivista patinata.,Sito web.,Radio.,,B,Uso_delle_tecnologie,false,,,,2026-05-15 21:10:33.313064,false,
1778850668340-38,"Riordinare il dialogo secondo la logica sequenza temporale: 1) La servo subito - 2) Buonissimo - 3) L'ho appena iniziato - 4) Sì, ne assaggi una fettina, signora - 5) Buongiorno è dolce questo prosciutto crudo? - 6) Ne vorrei due etti.",5 - 4 - 2 - 3 - 6 - 1.,5 - 1 - 3 - 6 - 2 - 4.,5 - 6 - 3 - 2 - 1 - 4.,,A,Logica,false,,,,2026-05-15 21:10:33.313064,false,
1778850668340-39,Il titolare del trattamento può trattare dati personali che rivelino l'origine razziale o etnica di una persona fisica?,"Si, indipendentemente dalla motivazione del trattamento.","No, lo vieta espressamente l'art. 9 del GDPR, salvo che non ricorrono le condizioni di cui al par. 2.","Si, ma solo se il trattamento riguarda dati personali resi manifestamente pubblici dall'interessato.",,B,Diritto_Amministrativo,false,,,,2026-05-15 21:10:33.313064,false,
1778850668340-40,"Il titolare del trattamento è la persona fisica o giuridica, l'autorità pubblica, il servizio o altro organismo che (art. 4, GDPR):","Riceve comunicazione di dati personali, che si tratti o meno di terzi.","Determina le finalità e i mezzi del trattamento di dati personali, singolarmente o insieme ad altri.",Tratta dati personali per conto dell'interessato.,,B,Diritto_Amministrativo,false,,,,2026-05-15 21:10:33.313064,false,
1778850668340-41,Per accesso civico si intende:,L'accesso disciplinato dal capo V della legge 241/1990.,"L'accesso di cui all'art. 5, comma 1, del decreto trasparenza, ai documenti oggetto degli obblighi di pubblicazione.","L'accesso di cui all'art. 5, comma 2, del decreto trasparenza.",,B,Diritto_Amministrativo,false,,,,2026-05-15 21:10:33.313064,false,
1778850668340-42,Ai fini delle disposizioni previste dalla legislazione vigente in materia di documentazione amministrativa (d.p.r. 445/2000) cosa si intende per documento informatico?,"Ogni rappresentazione, comunque formata, del contenuto di atti, concernenti i soggetti che entrano in rapporto con le pubbliche amministrazioni.","Ogni rappresentazione, comunque formata, del contenuto di atti, anche interni, delle pubbliche amministrazioni o, comunque, utilizzati ai fini dell'attività amministrativa.","La rappresentazione informatica di atti, fatti o dati giuridicamente rilevanti.",,C,Diritto_Amministrativo,false,,,,2026-05-15 21:10:33.313064,false,
1778850677570-1,Il tuo superiore gerarchico ha assegnato al tuo team un progetto nuovo e sfidante. Sai già che ci saranno resistenze e obiezioni. Quale strategia impostare per avere una adesione convinta da parte di tutti?,"Convochi una riunione dove parti dal progetto, perché è stato definito e che la sua assegnazione al tuo ufficio è una manifestazione di fiducia per la quale tutto il gruppo si deve dimostrare all'altezza. Gli dici di essere certo che ce la farete tutti insieme",Convochi una riunione dove comunichi il nuovo obiettivo mettendo in evidenza la fiducia che è riposta in tutto il gruppo e le opportunità per creare un valore per il vostro ufficio e per tutti coloro che vi lavoreranno. Ti soffermi poi sulle parti del progetto che sai più critiche mostrando le possibili soluzioni. Assicuri il tuo costante appoggio.,"Indici una riunione con i tuoi collaboratori. Li informi del nuovo progetto, enfatizzi la sua importanza ed assegni loro i compiti",,,Situazionali,true,B,A,C,2026-05-15 21:10:33.313064,false,
1778850677570-2,"All'interno della tua funzione sono state inserite tre risorse giovani, vincitrici di concorso che dovranno coesistere con collaboratori più anziani alcuni dei quali demotivati. I giovani hanno fatto gruppo a sé e non perdono l'occasione di fare critiche ed osservazioni sul modo di operare. A loro volta le persone più mature si dimostrano rigide verso di loro. Che intendi fare?",Indici una riunione tra i due gruppi. Ai giovani chiedi di rispettare gli anziani che hanno esperienza e finora hanno retto l'ufficio. Agli anziani dirai di non essere chiusi verso le proposte che potranno venire dai più giovani e preparati colleghi. Tanto sarai sempre tu ad avere l'ultima parola. Creerai gruppi di lavoro mischiando competenze ed innovazione.,"Convochi prima i due gruppi. Ai giovani segnali che il valore del rispetto è fondamentale in tutta la vostra organizzazione, gli illustri risultati conseguiti in passato ed il valore che ancora può derivare da chi ha esperienza sulle spalle. Gli anticiperai che ciascuno di loro affiancherà un collega più esperto su obiettivi specifici sui quali entrambi saranno valutati. Alle persone più esperte chiederai apertura all'innovazione nel rispetto delle procedure di volta in volta adottate e a loro volta anticiperai il tuo proposito di affiancamento",Li convochi tutti in una riunione e gli dici: a) che non consenti che si critichino i colleghi anziani; b) agli anziani che si dimostrino aperti e comprensivi verso i giovani.,,,Situazionali,true,B,A,C,2026-05-15 21:10:33.313064,false,
1778850677570-3,All’interno della tua unità organizzativa in che modo valorizzi l’apporto di ciascun collaboratore al lavoro di squadra,"Quando viene ottenuto un importante risultato, cerco di esaltare il successo e gratificare le risorse che hanno partecipato, ognuno nel suo ruolo","Comunico il risultato raggiunto, senza insistere più di tanto, per non creare disarmonie interne","Di fronte a queste situazioni rimango sempre incerto, perché esaltando i successi di alcuni collaboratori, ho paura di suscitare il risentimento degli altri",,,Situazionali,true,A,B,C,2026-05-15 21:10:33.313064,false,
1778850677570-4,Si avvicina la scadenza della presentazione dei dati del trimestre con la direzione generale. Ti accorgi che il collega a cui hai affidato la redazione del report ha concluso il suo lavoro producendo un risultato che nella forma è diverso da quello che tu ti aspettavi,"Fai tu le correzioni opportune e soltanto dopo la riunione, gli farai notare come doveva essere redatto il documento",Lo convochi immediatamente per spiegargli come deve essere strutturato il report e lo inviti ad attenersi alle tue indicazioni,Chiedi ad un altro tuo collaboratore di fare le opportune modifiche,,,Situazionali,true,B,A,C,2026-05-15 21:10:33.313064,false,
1778850677570-5,"Non ti senti pienamente soddisfatto dei risultati raggiunti dalla tua Funzione, nonostante che tu abbia raggiunto gli obiettivi, e vuoi intervenire per trovare il modo di migliorarli","Mi complimento con i collaboratori, ma potevamo fare di più, considerate le potenzialità della mia squadra","Mi complimento con i collaboratori per gli obiettivi raggiunti, ma abbiamo le potenzialità per fare di più e lo dimostreremo sicuramente sulla prossima campagna obiettivi","Mi complimento con i collaboratori del risultato conseguito, risultato comunque buono anche se coerente con gli obiettivi assegnati, nonostante la situazione economica sfavorevole di questi tempi",,,Situazionali,true,B,C,A,2026-05-15 21:10:33.313064,false,
1778850677570-6,"Da qualche tempo l'unità organizzativa, della quale il tuo team fa parte, ha un notevole turnover e un aumento di richieste di trasferimento. Cosa decidi di fare?",Sono segnali preoccupanti per i quali potrei decidere di chiedere anche io un trasferimento.,Convoco una riunione del mio team per cercare di capire chi intende dimettersi e perché.,"Provo a parlare con il mio responsabile, potrebbe trattarsi di stress lavoro correlato, propongo quindi delle azioni correttive a livello organizzativo.",,,Situazionali,true,C,B,A,2026-05-15 21:10:33.313064,false,
1778850677570-7,"Sono stato promosso in una posizione che un collega pensava di meritare più di me. Ora quest'ultimo è diventato un mio sottoposto e ha un atteggiamento ostile nei miei confronti, che faccio?","Cerco di conquistare la sua fiducia nel tempo e con competenza, facendo capire che non sono un nemico.",Lo affronto in maniera diretta e il prima possibile affinché certi dissapori non vadano ad inficiare la performance del gruppo.,Lo isolo per quanto possibile perché il suo atteggiamento negativo può influire sul clima interno e sulla mia leadership.,,,Situazionali,true,A,B,C,2026-05-15 21:10:33.313064,false,
1778850677570-8,"Sei il responsabile vendite di un’azienda che opera nel settore automotive. Da diverso tempo stai avendo difficoltà di gestione dei tuoi clienti che frequentemente lamentano disservizi nel servizio post vendita. Le tempistiche di intervento sono troppo lunghe e spesso non risolutive: a volte mancano le scorte dei pezzi in magazzino, a volte i tecnici meccanici che parlano con il cliente in concessionaria, utilizzano un linguaggio troppo specialistico e risultano poco chiari.","Coinvolgi in un meeting i responsabili degli altri reparti ed esponi loro la tua aspettativa di voler agire sui processi interni. Attivi, pertanto, un tavolo di confronto per ridefinire i diversi passaggi tra i vostri team.",Chiedi al Responsabile dell'Assistenza Tecnica di velocizzare il più possibile la gestione delle richieste di intervento dei clienti e di segnalarti se ci sono lamentele da parte dei clienti.,Fissi un meeting con i responsabili di tutti i reparti coinvolti per capire di cosa hanno bisogno per lavorare in modo puntuale e offrire un servizio tempestivo. Ti aspetti che di conseguenza i tuoi colleghi ti diano supporto visto che poi devi rispondere tu direttamente ai clienti.,,,Situazionali,true,A,C,B,2026-05-15 21:10:33.313064,false,
1778850920941-1,"Ai sensi dell'art. 9, comma 5, della legge 7 giugno 2000, n. 150, negli uffici stampa l'individuazione dei profili professionali è affidata:","Alla contrattazione collettiva, nell'ambito di una speciale area di contrattazione, con l'intervento delle organizzazioni rappresentative della categoria dei giornalisti.","Alla contrattazione individuale, nell'ambito di una speciale area di contrattazione, con l'intervento delle organizzazioni rappresentative della categoria dei pubblici dipendenti.","Alla chiamata nominativa, nell'ambito di una speciale area di contrattazione, con l'esclusione del coinvolgimento delle organizzazioni rappresentative della categoria dei giornalisti.",,A,Comunicazione_Istituzionale,false,,,,2026-05-15 21:10:33.313064,false,
1778850920941-10,Se il trattamento è necessario per motivi di interesse pubblico rilevante possono essere trattati dati particolari?,"No, lo vieta espressamente il GDPR, e non sono ammesse deroghe.","Si, senza alcuna particolare formalità.","Si, se il trattamento è proporzionato alla finalità perseguita, rispetta l'essenza del diritto alla protezione dei dati e prevede misure appropriate e specifiche per tutelare i diritti fondamentali e gli interessi dell'interessato.",,C,Diritto_Amministrativo,false,,,,2026-05-15 21:10:33.313064,false,
1778850920941-11,"Qualora l'interessato lo richieda espressamente, l'ente che rilascia il documento di riconoscimento deve indicare o attestare lo stato civile (D.P.R. n. 445/2000, art. 35)?","Lo stato civile deve sempre essere indicato sui documenti d'identità o riconoscimento, ancorché non richiesto dall'interessato.",Si.,"No, in alcun caso.",,B,Diritto_Amministrativo,false,,,,2026-05-15 21:10:33.313064,false,
1778850920941-12,Sono oggetto di registrazione obbligatoria di protocollo:,"Le gazzette ufficiali, i bollettini ufficiali e i notiziari della pubblica amministrazione.",I documenti ricevuti e spediti dall'amministrazione e tutti i documenti informatici.,"Tutti i documenti dell'amministrazione, senza esclusione.",,B,Diritto_Amministrativo,false,,,,2026-05-15 21:10:33.313064,false,
1778850920941-13,I cittadini extracomunitari regolarmente soggiornanti in Italia possono utilizzare le dichiarazioni sostitutive di atto notorio?,"Si, limitatamente ai casi in cui si tratti di comprovare stati, qualità personali e fatti certificabili o attestabili da parte di soggetti pubblici italiani.",Si. Al riguardo si applicano le stesse modalità previste per i cittadini italiani.,No. Le dichiarazioni sostitutive di atto notorio possono essere utilizzate solo dai cittadini italiani.,,A,Diritto_Amministrativo,false,,,,2026-05-15 21:10:33.313064,false,
1778850920941-14,"Nella redazione di un atto pubblico sono ammesse le abbreviazioni di uso comune (D.P.R. n. 445/2000, art. 7).","Si. Sono ammesse solo le abbreviazioni di uso comune, contenute in un apposito formulario approvato con decreto del Ministro della giustizia.",Si. Sono ammesse le abbreviazioni di uso comune che non lascino dubbi sul significato delle parole abbreviate.,No. Qualunque tipo di abbreviazione è tassativamente vietata dalla legge.,,B,Diritto_Amministrativo,false,,,,2026-05-15 21:10:33.313064,false,
1778850920941-15,"Ai sensi della L. 241/1990, art. 22, il diritto di accesso è esercitabile:",Fino a quando la pubblica amministrazione ha l'obbligo di detenere i documenti amministrativi ai quali si chiede di accedere.,Anche quando cessa l'obbligo della P.A. di detenere i documenti amministrativi ai quali si chiede di accedere.,Entro trenta giorni dall'adozione del provvedimento finale.,,A,Diritto_Amministrativo,false,,,,2026-05-15 21:10:33.313064,false,
1778850920941-17,Per accesso generalizzato si intende:,"L'accesso di cui all'art. 5, comma 1, del decreto trasparenza, ai documenti oggetto degli obblighi di pubblicazione.","L'accesso di cui all'art. 5, comma 2, del decreto trasparenza.",L'accesso disciplinato dal capo V della legge 241/1990.,,B,Diritto_Amministrativo,false,,,,2026-05-15 21:10:33.313064,false,
1778850920941-18,"Ai sensi dell'art. 5, D.Lgs. n. 33/2013, fatti salvi i casi di pubblicazione obbligatoria, il rifiuto, il differimento e la limitazione dell'accesso devono essere motivati?",No.,"Si, devono essere motivati il rifiuto, il differimento e la limitazione.","No, deve essere motivato solo il rifiuto.",,B,Diritto_Amministrativo,false,,,,2026-05-15 21:10:33.313064,false,
1778850920941-19,"Tra gli strumenti di comunicazione utilizzati dalla pubblica amministrazione c'è un servizio di messaggistica gratuito, basato sul cloud con sincronizzazione istantanea, che consente di mandare messaggi, foto, file, video, gif e permette anche di creare gruppi fino a 5.000 utenti, o canali ad accesso illimitato. Si tratta di:",Flickr.,YouTube.,Telegram.,,C,Uso_delle_tecnologie,false,,,,2026-05-15 21:10:33.313064,false,
1778850920941-2,"Ai sensi dell'art. 7, comma 1, della legge 7 giugno 2000, n. 150, l'organo di vertice dell'amministrazione pubblica può essere coadiuvato da quale figura professionale, anche esterna all'amministrazione, con compiti di diretta collaborazione ai fini dei rapporti di carattere politico-istituzionale con gli organi di informazione?",Caposervizio.,Portavoce.,Inviato.,,B,Comunicazione_Istituzionale,false,,,,2026-05-15 21:10:33.313064,false,
1778850920941-20,"Secondo la definizione di Andreas Kaplan e Michael Haenlein, i social media sono un gruppo di applicazioni basate sul web e costruite sui paradigmi (tecnologici ed ideologici) del web 2.0 che permettono:",Di rendere visibili le azioni degli altri utenti.,La creazione di profili basati unicamente sulla creatività.,Lo scambio e la creazione di contenuti generati dagli utenti.,,C,Teoria_Comunicazione,false,,,,2026-05-15 21:10:33.313064,false,
1778850920941-21,"Secondo Kaplan e Haenlein, tra i sei tipi di social media classificati, quale rientra tra i progetti collaborativi?",Linkedin.,Youtube.,Wikipedia.,,C,Teoria_Comunicazione,false,,,,2026-05-15 21:10:33.313064,false,
1778850920941-22,"WhatsApp, l'applicazione di messaggistica gratuita, può essere utilizzata come strumento di servizio pubblico?","Sì, ad esempio quando un ente pubblico si rivolge, attraverso liste broadcast, a migliaia di cittadini mettendo in comune il numero di telefono degli iscritti.","No, può essere utilizzata solo nella funzione privata di chat a due.","Sì, ad esempio quando un ente pubblico si rivolge, attraverso singoli messaggi, a più cittadini che accedono al servizio.",,C,Uso_delle_tecnologie,false,,,,2026-05-15 21:10:33.313064,false,
1778850920941-23,Quale delle seguenti azioni e finalità non si può perseguire attraverso la comunicazione istituzionale?,Disattivare servizi di sportello.,Migliorare la trasparenza amministrativa.,Attivare nuovi canali per il controllo della qualità dei servizi.,,A,Comunicazione_Istituzionale,false,,,,2026-05-15 21:10:33.313064,false,
1778850920941-24,"Quali, tra le seguenti, non è considerata attività di informazione e di comunicazione istituzionale?","L'informazione ai mezzi di comunicazione di massa, attraverso stampa, audiovisivi e strumenti telematici.",L'iscrizione allo stesso gruppo di una rete sociale con più nickname e/o profili.,"La comunicazione esterna rivolta ai cittadini, alle collettività e ad altri enti attraverso ogni modalità tecnica ed organizzativa.",,B,Comunicazione_Istituzionale,false,,,,2026-05-15 21:10:33.313064,false,
1778850920941-25,"Con quale locuzione si indica uno spiccato livello di interazione tra comunicazione tramite sito internet e utente, anche nella pubblica amministrazione?",Web 2.0.,Linea di accesso.,Comunicazione analogica.,,A,Uso_delle_tecnologie,false,,,,2026-05-15 21:10:33.313064,false,
1778850920941-26,"La borsa di Zoe è più capiente di quella di Ursula, ma meno capiente di quella di Ornella. La borsa di Fiona è meno capiente di quella di Zoe, ma più capiente di quella di Ursula. La borsa di Sibilla è più capiente di quella di Ornella. Possiamo concluderne che...",La borsa di Ursula è la meno capiente.,La borsa di Zoe è la più capiente.,La borsa di Fiona è la meno capiente.,,A,Logica,false,,,,2026-05-15 21:10:33.313064,false,
1778850920941-27,Quali dei seguenti termini integrano la serie? Dimora - rametto – topolino – novello - ______ - ______.,Loculo - lombrico.,Pesciolino - casina.,Tomba – passerotto.,,B,Logica,false,,,,2026-05-15 21:10:33.313064,false,
1778850920941-28,"Se la parola AORTA viene scritta sotto a FASTA, la parola ACUTA viene scritta sotto a AORTA e la prima e l'ultima parola sono rispettivamente CITTA' e DITTE, allora in diagonale si può leggere:",Carte.,Ciste.,Cresta.,,A,Logica,false,,,,2026-05-15 21:10:33.313064,false,
1778850920941-29,Ore 10:35 temperatura=21°; ore 12:15 temperatura=24°. La temperatura dalla prima alla seconda misurazione è aumentata in percentuale di circa:,Il 15%.,"Il 14,3%.","Il 12,7%.",,A,Logica,false,,,,2026-05-15 21:10:33.313064,false,
1778850920941-3,"Ai sensi dell'art. 8, comma 1, della legge 7 giugno 2000, n. 150, l'attività dell'ufficio per le relazioni con il pubblico è indirizzata:",Ai soli cittadini associati.,Ai cittadini singoli e associati.,Ai soli cittadini singoli.,,B,Comunicazione_Istituzionale,false,,,,2026-05-15 21:10:33.313064,false,
1778850920941-30,"Devo decidere tra un paio di pantaloni sportivi e confortevoli ed un altro molto elegante. I primi costano i tre ottavi dei secondi. Mi piacciono entrambi e non so cosa decidere. Sapendo che se li comprassi entrambi spenderei Euro 209, quanto costano i pantaloni eleganti?",Euro 161.,Euro 152.,Euro 157.,,B,Logica,false,,,,2026-05-15 21:10:33.313064,false,
1778850920941-4,"Come si chiama la teoria, nata negli Usa negli anni Venti del Novecento, considerata il primo tentativo di comprendere il funzionamento della comunicazione interpersonale in maniera sistematica, e che vede la comunicazione come un processo diretto di stimolo e risposta?",Ipodermica.,Referenziale.,Agenda setting.,,A,Teoria_Comunicazione,false,,,,2026-05-15 21:10:33.313064,false,
1778850920941-5,"Lo schema del linguista russo Roman Jakobson è stato assunto come modello generale della comunicazione. Lo studioso ha scomposto il processo della comunicazione in sei elementi principali, definendo la il mezzo attraverso il quale il messaggio passa dal mittente al destinatario:",Canale.,Codice.,Annuncio.,,A,Teoria_Comunicazione,false,,,,2026-05-15 21:10:33.313064,false,
1778850920941-6,"Quali studiosi utilizzano per la prima volta, nella Dialettica dell'Illuminismo (1947), la locuzione industria culturale?",McQuail e Schulz.,Gurevitch-Haas.,Adorno e Horkheimer.,,C,Teoria_Comunicazione,false,,,,2026-05-15 21:10:33.313064,false,
1778850920941-8,Il GDPR riconosce all'interessato il diritto di ottenere dal titolare del trattamento la conferma che sia o meno in corso un trattamento di dati personali che lo riguardano e in tal caso di ottenere le informazioni inerenti alle finalità del trattamento in applicazione:,Al diritto di limitazione di trattamento.,Al diritto di opposizione.,Al diritto di accesso.,,C,Diritto_Amministrativo,false,,,,2026-05-15 21:10:33.313064,false,
1778850920941-9,"Quale diritto è riconosciuto all'interessato, espressamente all'art. 17 del GDPR, qualora l'interessato revochi il consenso su cui si basa il trattamento e se non sussiste altro fondamento giuridico per il trattamento?",Diritto di accesso.,Diritto di opposizione.,Diritto all'oblio.,,C,Diritto_Amministrativo,false,,,,2026-05-15 21:10:33.313064,false,
1778850920942-31,Quanti giorni mancano a Natale se oggi è l'11 febbraio di un anno non bisestile?,321.,307.,317.,,C,Logica,false,,,,2026-05-15 21:10:33.313064,false,
1778850920942-32,Quale dei seguenti termini può sostituire la parola caduco senza modificare il significato della frase ove essa è inserita?,Cadenzato.,Perituro.,Tenace.,,B,Logica,false,,,,2026-05-15 21:10:33.313064,false,
1778850920942-33,"Borgo; Monte; Valle e Rio sono 4 paesini disposti l'uno dopo l'altro lungo un percorso rettilineo. Per andare da Borgo a Monte occorrono 25 minuti; per andare da Monte a Rio ne occorrono 40 e per andare da Monte a Valle 15. Se parto alle ore 15:07 da Valle, quando arriverò a Rio?",15:29.,15:32.,15:34.,,B,Logica,false,,,,2026-05-15 21:10:33.313064,false,
1778850930619-1,Non si può più andare avanti così! Il tuo ufficio deve essere ristrutturato. Tu hai già le idee chiare ma è necessario un piano che ti consenta di liberarti di 2 delle 12 risorse che ti sono state assegnate. Quale?,Verifichi il piano delle attività e l'attribuzione delle stesse al personale seguite fino a questo momento. Valuti quali possono essere riaccorpate e assegnate in coerenza con il processo lavorativo e la capacità delle persone di portarle avanti. Parti dalle attività meno strategiche e di più facile distribuzione orientandoti a recuperare due risorse dalle attività meno critiche.,Individui prima le persone di cui ritieni di fare a meno perché impegnate in attività non critiche. Fai dei colloqui con gli altri tuoi collaboratori e verifichi la loro disponibilità ad accollarsi le attività finora seguite da altri. Cercherai di distribuirne un po' alle persone che resteranno con te.,Prendi le persone più vicine alla pensione e ne chiedi il trasferimento.,,,Situazionali,true,A,B,C,2026-05-15 21:10:33.313064,false,
1778850930619-2,"Alla fine del progetto interdisciplinare tra diversi dipartimenti, il responsabile di un altro dipartimento che ti ha visto lavorare in modo impeccabile, ti propone di entrare nel suo team che in più si occupa di attività che reputi più stimolanti per te",Ne parli con il tuo team leader ed esprimi la tua volontà di cambiare team,Accetti con gioia la nuova opportunità,Per non alterare gli equilibri interni del tuo team attuale ti trovi costretto a rifiutare,,,Situazionali,true,A,B,C,2026-05-15 21:10:33.313064,false,
1778850930619-3,"Siamo stati obbligati ad andare tutti in lavoro da remoto a causa della pandemia. Sono passate 4 settimane e da un'indagine interna, è emerso che molti componenti del mio team si sentono isolati e al tempo stesso faticano a rimanere concentrati sugli obiettivi","Coinvolgo le Risorse Umane per attivare uno sportello di supporto psicologico. Sul fronte delle attività ridefinisco compiti e scadenze con un maggior numero di momenti di verifica, in modo da non perdere il controllo dei processi di lavoro.","Viste le circostanze, propongo di utilizzare sistemi online per la condivisione dei processi di lavoro, in modo da fornire ai miei collaboratori, una visione più ampia di ciò che stanno facendo e al tempo stesso, agevolarmi nell'attività di verifica e monitoraggio dei processi in corso. Istituisco anche dei coffee break virtuali durante l'arco della giornata, durante i quali è possibile anche parlare di argomenti extralavorativi.","Organizzo una serie di incontri individuali, con frequenza settimanale, al fine di ridurre il senso di isolamento e supportare le persone nell'organizzazione del proprio lavoro.",,,Situazionali,true,B,C,A,2026-05-15 21:10:33.313064,false,
1778850930619-4,"Sono venuto a conoscenza che un mio collaboratore, spesso assente per malattia è spesso in discoteca dove sembra del tutto sano","Con la scusa di una riunione di lavoro, convoco tutti nel mio ufficio e in modalità confronto cerco di smascherare il furbetto.","Mi accerto che questa voce sia vera e se così fosse, faccio preparare una lettera formale di richiamo.",Non è il mio ruolo fare il detective: ignoro queste voci e mi attengo alla documentazione che il collaboratore ha prodotto sulla sua vera (o presunta) malattia.,,,Situazionali,true,B,C,A,2026-05-15 21:10:33.313064,false,
1778850930619-5,Sono venuto a sapere che un mio collaboratore ha chiesto al Servizio Personale il trasferimento in un altro settore per incompatibilità con il sottoscritto. Questi non aveva mai accennato con me tale problema.,"Convoco al più presto il mio collaboratore, così da poter capire meglio il problema. Cerco di trovare insieme a lui la soluzione lavorativa più compatibile con le proprie esigenze e competenze.",Se non si trova bene avrà le sue motivazioni. Lascio che venga trasferito qualora l'ufficio personale lo permetta.,"Mentre l'Ufficio del Personale decide se sia possibile il trasferimento, osservo il collaboratore sul posto di lavoro e cerco così di capire cosa possa non andare.",,,Situazionali,true,A,C,B,2026-05-15 21:10:33.313064,false,
1778850930619-6,"Una collaboratrice, molto precisa e meticolosa nel proprio lavoro, un vero punto di riferimento nell'ufficio, ha iniziato da qualche tempo a sostituirsi a me su alcune questioni tecniche ma non solo, vantando una maggiore competenza","Trovo occasioni, anche informali, per parlare con gli altri colleghi del gruppo. Faccio loro capire che la mia competenza non può essere messa in discussione e che per ogni questione tecnica, o non tecnica, devono consultare me","Organizzo un incontro nel quale presento le criticità osservate, facendo presente che sebbene lei sia un elemento prezioso, proprio sotto il profilo tecnico, il mio ruolo è caratterizzato anche da una visione strategica e da un complesso sistema di dati e informazioni attraverso il quale analizzo i problemi e definisco le possibili soluzioni. Apprezzabile il suo entusiasmo, ma è bene che tutte le questioni passino ancora per la mia supervisione.","Organizzo un incontro nel quale presento le criticità osservate, facendo presente che sebbene lei sia un elemento prezioso, proprio sotto il profilo tecnico, il mio ruolo è caratterizzato anche da una visione strategica e da un complesso sistema di dati e informazioni attraverso il quale analizzo i problemi e definisco le possibili soluzioni. La sua proattività, una volta definiti i confini dei reciproci ruoli e competenze, può essere efficacemente utilizzata per migliorare il funzionamento dell'ufficio, quindi alcune problematiche possono essere filtrate da lei.",,,Situazionali,true,C,B,A,2026-05-15 21:10:33.313064,false,
1778850930619-7,"Il nuovo responsabile sembra abbia preso di mira uno dei tuoi colleghi, ma non capisci il perché.",Provi a parlarne con il responsabile spiegando che la cosa ti mette in difficoltà,"Ti esponi pubblicamente e prendi le parti del collega, in modo da far sentire il tuo appoggio",Nulla perché probabilmente ci sono questioni professionali che non riesci a cogliere,,,Situazionali,true,A,C,B,2026-05-15 21:10:33.313064,false,
1778851069143-1,"Ai sensi dell'art. 8, comma 3, della legge 7 giugno 2000, n. 150, negli uffici per le relazioni con il pubblico, l'individuazione dei profili professionali è affidata:",Alla chiamata nominativa.,Alla contrattazione collettiva.,Alla contrattazione individuale.,,B,Comunicazione_Istituzionale,false,,,,2026-05-15 21:10:33.313064,false,
1778851069143-10,Ogni trattamento di dati personali deve avvenire nel rispetto dei principi fissati all'art. 5 del Regolamento (UE) 2016/679. In applicazione del principio di limitazione della conservazione i dati personali sono:,Conservati in una forma che consenta l'identificazione degli interessati per un arco di tempo non superiore al conseguimento delle finalità per le quali sono trattati.,"Trattati in maniera da garantire un'adeguata sicurezza dei dati personali, compresa la protezione, mediante misure tecniche e organizzative adeguate, da trattamenti non autorizzati o illeciti e dalla perdita, dalla distruzione o dal danno accidentali.","Raccolti per finalità determinate, esplicite e legittime, e successivamente trattati in modo che non sia incompatibile con tali finalità.",,A,Diritto_Amministrativo,false,,,,2026-05-15 21:10:33.313064,false,
1778851069143-11,"L'attestazione, da parte di un pubblico ufficiale, che la sottoscrizione è stata apposta in sua presenza, previo accertamento dell'identità della persona che sottoscrive costituisce ai fini del T.U. sulla documentazione amministrativa:",Dichiarazione sostitutiva di certificazione.,Documento informatico.,Autenticazione di sottoscrizione.,,C,Diritto_Amministrativo,false,,,,2026-05-15 21:10:33.313064,false,
1778851069143-12,"Il documento sottoscritto dall'interessato, concernente stati, qualità personali e fatti, che siano a diretta conoscenza di questi, resa nelle forme previste costituisce ai fini del T.U. sulla documentazione amministrativa:",Dichiarazione sostitutiva di certificazione.,Documento informatico.,Dichiarazione sostitutiva di atto di notorietà.,,C,Diritto_Amministrativo,false,,,,2026-05-15 21:10:33.313064,false,
1778851069143-13,La segnatura di protocollo informatico (art. 55 D.P.R. n. 445/2000):,"Deve contenere (almeno): progressivo di protocollo, data di protocollo, codice identificativo del dirigente dell’ufficio cui il documento è assegnato.","È l'apposizione o l'associazione all'originale del documento, in forma permanente non modificabile, delle informazioni riguardanti il documento stesso.",Va effettuata prima dell'operazione di registrazione di protocollo.,,B,Diritto_Amministrativo,false,,,,2026-05-15 21:10:33.313064,false,
1778851069143-14,A norma del Testo unico sulla documentazione amministrativa l'autenticazione delle copie può essere fatta dal pubblico ufficiale dal quale è stato emesso l'originale?,"Si, può essere fatta solo dal pubblico ufficiale dal quale è stato emesso o presso il quale è depositato l'originale, o al quale deve essere prodotto il documento.","No, può essere fatta solo da un notaio o da un cancelliere.","Si, può essere fatta dal pubblico ufficiale dal quale è stato emesso o presso il quale è depositato l'originale, o al quale deve essere prodotto il documento, nonché da un notaio, cancelliere, segretario comunale, o altro funzionario incaricato dal Sindaco.",,C,Diritto_Amministrativo,false,,,,2026-05-15 21:10:33.313064,false,
1778851069143-16,"Il divieto di accesso generalizzato, di cui al co. 2, art. 5, riguarda (art. 5-bis, D.Lgs. n. 33/2013):",I documenti aventi rilevanza politica.,Tra l'altro i documenti inerenti la sicurezza nazionale.,I documenti concernenti l'attività di organi politici.,,B,Diritto_Amministrativo,false,,,,2026-05-15 21:10:33.313064,false,
1778851069143-17,"Ai fini dell'istituto del diritto di accesso ai documenti amministrativi, disciplinato dal Capo V della l. n. 241/1990, si distinguono interessati e controinteressati. Per interessati si intende:","Tutti i soggetti privati, compresi quelli portatori di interessi pubblici o diffusi, che abbiano un interesse diretto, concreto e attuale, corrispondente ad una situazione giuridicamente tutelata e collegata al documento al quale è chiesto l'accesso.","Tutti i soggetti, individuati o facilmente individuabili in base alla natura del documento richiesto, che dall'esercizio dell'accesso vedrebbero pregiudicato il loro diritto alla riservatezza.",Tutti i soggetti che a qualsiasi titolo sono nominati nel documento amministrativo di cui si richiede l'accesso.,,A,Diritto_Amministrativo,false,,,,2026-05-15 21:10:33.313064,false,
1778851069143-19,"Secondo la definizione di Ian Dodson (L'arte del marketing digitale), come si chiama la forma di internet marketing, utilizzata anche nella pubblica amministrazione, che usa i siti di social networking come strumenti di marketing per guadagnare traffico, esposizione del brand e interazioni con gli utenti attraverso i social media?",Technomarketing.,Social media marketing.,Paradigma marketing.,,B,Comunicazione_Istituzionale,false,,,,2026-05-15 21:10:33.313064,false,
1778851069143-2,"Ai sensi dell'art. 9, comma 4, della legge 7 giugno 2000, n. 150, i coordinatori dell'ufficio stampa, ad esclusione di eventuali deroghe previste dalla contrattazione collettiva, non possono esercitare, per tutta la la durata dei relativi incarichi, attività professionali nei settori:","Delle relazioni pubbliche, ad esclusione dei settori radiotelevisivo, del giornalismo e della stampa.","Radiotelevisivo, del giornalismo, della stampa, ad esclusione delle relazioni pubbliche.","Radiotelevisivo, del giornalismo, della stampa e delle relazioni pubbliche.",,C,Comunicazione_Istituzionale,false,,,,2026-05-15 21:10:33.313064,false,
1778851069143-20,"Con quale termine si indica l'azione del consumo dei contenuti nel momento in cui l'utente lo ritiene più opportuno, con il supporto tecnologico che ha a disposizione in quel momento (pc, tablet, smartphone, supporto cartaceo)?",Omnicanalità.,Streaming.,Interattività.,,A,Uso_delle_tecnologie,false,,,,2026-05-15 21:10:33.313064,false,
1778851069143-21,Su Instagram come si chiamano le persone seguite da un profilo?,Following.,Layout.,Impressions.,,A,Uso_delle_tecnologie,false,,,,2026-05-15 21:10:33.313064,false,
1778851069143-22,Gli strumenti di comunicazione sono numerosi e comprendono sia canali tradizionali sia digitali. Quale tra i seguenti rientra nei canali tradizionali?,Email.,Ottimizzazione Seo.,Comunicato stampa per giornali e riviste.,,C,Comunicazione_Istituzionale,false,,,,2026-05-15 21:10:33.313064,false,
1778851069143-23,"Informazione, modulistica, transazione e personalizzazione del servizio erogato sono elementi di un sito web della pubblica amministrazione che fanno parte dei diversi livelli:",Di guerrilla marketing.,Di interazione.,Di irrealtà.,,B,Uso_delle_tecnologie,false,,,,2026-05-15 21:10:33.313064,false,
1778851069143-24,"L'art. 53 del d.lgs. n. 82 del 2005 (CAD) stabilisce che le pubbliche amministrazioni debbano realizzare siti istituzionali che rispettano alcuni principi, che investono anche il linguaggio. Quale, tra i seguenti?",Coloritura.,Disomogeneità.,Chiarezza.,,C,Diritto_Amministrativo,false,,,,2026-05-15 21:10:33.313064,false,
1778851069143-25,La comunicazione istituzionale on-line:,Costituisce uno strumento inadatto per rilevare i bisogni dei cittadini.,Non rappresenta uno strumento strategico per il miglioramento della relazione tra amministrazione e cittadino.,È parte integrante della comunicazione pubblica.,,C,Comunicazione_Istituzionale,false,,,,2026-05-15 21:10:33.313064,false,
1778851069143-26,Cosa significa negare la frase tutte le donne liguri sono buone”?,Nessuna donna ligure è cattiva.,Devono esistere almeno due donne liguri cattive.,Esiste almeno una donna ligure cattiva.,,C,Logica,false,,,,2026-05-15 21:10:33.313064,false,
1778851069143-27,Quale locuzione è la più adatta per indicare una giaculatoria?,Un acquisto avventato.,Una preghiera breve e ripetuta.,Un colpo basso.,,B,Logica,false,,,,2026-05-15 21:10:33.313064,false,
1778851069143-4,"Quale teoria, elaborata da Phillip J. Tichenor negli anni Settanta, sostiene che i media svolgono funzioni contrapposte, cioè se contribuiscono al flusso di informazione pubblica riducendo gli scarti di conoscenza derivanti dalle disuguaglianze, nel contempo la crescita di conoscenza e delle competenze è maggiore nei ceti superiori?",Spirale del silenzio.,Scarti di conoscenza.,Agenda setting.,,B,Teoria_Comunicazione,false,,,,2026-05-15 21:10:33.313064,false,
1778851069143-5,Quale termine hanno coniato McCombs e Shaw negli anni Settanta per indicare la teoria che ipotizza l'influenza dei mass-media sull'audience in base alla scelta delle notizie e allo spazio loro concesso?,Spirale del silenzio.,Agenda setting.,Scarti di conoscenza.,,B,Teoria_Comunicazione,false,,,,2026-05-15 21:10:33.313064,false,
1778851069143-6,"Per quale studioso statunitense (1902-1978), membro della Scuola di Chicago, il processo di comunicazione svolge tre importanti funzioni sociali, cioè la vigilanza sull'ambiente, la mediazione tra le componenti sociali e la trasmissione dell'eredità sociale?",Max Ascoli.,Harold Dwight Lasswell.,Stephen F. Cohen.,,B,Teoria_Comunicazione,false,,,,2026-05-15 21:10:33.313064,false,
1778851069143-7,"Al fine del trattamento di categorie particolari di dati personali, sono considerate di rilevante interesse pubblico (co. 2, art. 2-sexies, D.Lgs. n. 196/2003):",Entrambe le materie indicate nelle altre alternative di risposta.,Tenuta delle liste elettorali.,Tenuta di registri pubblici relativi a beni immobili o mobili.,,A,Diritto_Amministrativo,false,,,,2026-05-15 21:10:33.313064,false,
1778851069143-8,"Sono dati relativi alla salute i dati personali (art. 4, GDPR):","Attinenti sia alla salute fisica che mentale di una persona fisica, compresa la prestazione di servizi di assistenza sanitaria.","Ottenuti da un trattamento tecnico specifico relativi alle caratteristiche fisiche, fisiologiche o comportamentali di una persona fisica.",Relativi alle caratteristiche genetiche ereditarie o acquisite di una persona fisica che forniscono informazioni univoche sulla fisiologia o sulla salute di detta persona fisica.,,A,Diritto_Amministrativo,false,,,,2026-05-15 21:10:33.313064,false,
1778851069143-9,"Chi ha diritto di ottenere il risarcimento del danno, causato dal titolare del trattamento per una violazione al GDPR?",Colui che subisce un danno materiale o immateriale.,Solo colui che subisce un danno immateriale.,Solo colui che subisce un danno materiale.,,A,Diritto_Amministrativo,false,,,,2026-05-15 21:10:33.313064,false,
1778851069144-28,"Fermi, Edison, Newton, Einstein, Marie Curie e Galileo si riuniscono ad un tavolo rotondo per discutere di fisica ma, non andando molto d’accordo tra loro, decidono di disporsi come segue: Fermi è seduto tra Edison e Einstein; Einstein è seduto vicino a Marie Curie; Marie Curie non è seduta vicino a Galileo. Vicino a chi è seduto Edison?",Vicino a Galileo.,Vicino a Newton.,Vicino a Einstein.,,A,Logica,false,,,,2026-05-15 21:10:33.313064,false,
1778851069144-30,"Chi è entrato almeno una volta nella casa viola, dopo non può più entrare nella casa rosa. Solo chi è già entrato nella casa azzurra può entrare nella casa rosa. Chi è entrato almeno una volta nella casa rosa, dopo non può più entrare nella casa arancione. Se sono entrato nella casa arancione...",Sicuramente sono entrato prima nella casa azzurra.,Sicuramente non sono entrato prima nella casa viola.,Potrei essere entrato prima nella casa viola.,,B,Logica,false,,,,2026-05-15 21:10:33.313064,false,
1778851069144-31,Usando solo la cifra 5 si sono costruite espressioni con risultati diversi. In quale delle seguenti il risultato è maggiore?,? = 5 - 5 + 5 - 5 + 5.,? = (5 x 5 - 5)/5 + 5.,? = 5 + 55/55.,,B,Logica,false,,,,2026-05-15 21:10:33.313064,false,
1778851069144-32,"Individuare l’intruso tra i seguenti termini, accomunati tra loro da un legame di tipo logico: arancino; bagnacauda; cannolo; granita; cassata.",Bagnacauda.,Cassata.,Arancino.,,A,Logica,false,,,,2026-05-15 21:10:33.313064,false,
1778851069144-33,Quali lettere non inserirebbe al posto degli spazi per ottenere una parola di senso compiuto ed uso corrente? L_G_.,A – O.,U – E.,E – A.,,C,Logica,false,,,,2026-05-15 21:10:33.313064,false,
1778851080839-1,Devo progettare il materiale da utilizzare in una conferenza per comunicare gli esiti dell'ultimo progetto.,Preparo un discorso molto prolisso sui risultati.,"Con il supporto di dati, schemi illustrativi, immagini, ecc. preparo un breve intervento.",Consegno dei blocchetti per appunti.,,,Situazionali,true,B,C,A,2026-05-15 21:10:33.313064,false,
1778851080839-2,Nella gestione delle tue attività di ufficio è compressa anche l'attività di report al tuo responsabile. Quest'ultimo ti chiede di fare un report molto dettagliato che rappresenta per te un maggior carico di lavoro.,Spieghi al responsabile che non comprendi la necessità di un report così dettagliato ma ti rendi disponibile per ogni chiarimento.,Chiedi un nuovo format per soddisfare le richieste del responsabile.,Incontri il responsabile per condividere i tempi di produzione del report per come da lui richiesto e per confrontarti sulle modifiche da apportare al report da te proposte.,,,Situazionali,true,C,B,A,2026-05-15 21:10:33.313064,false,
1778851080839-3,"Come pensi di gestire una riunione importante con i tuoi colleghi. E’ noto che la gestione non è cosa facile, con i pericoli di sovrapposizione di argomenti, voci, idee. Momenti di calo di attenzione, commenti e dialoghi fra alcuni collaboratori, gestione e trattamento delle obiezioni, autoemarginazione di alcuni colleghi, che possono creare confusione e disorientamento nei partecipanti. Come pensi di affrontare queste problematiche.","Faccio il punto di riferimento e di organizzazione della riunione, sentendo tutti, stimolando gli apporti e le idee di ciascuno. Faccio attenzione alle dinamiche relazionali e alla fine di ogni argomento ne faccio sintesi ed evidenzio gli obiettivi.",In nessun modo sono problematiche inrisolovibili.,"Interpreto il mio ruolo di capo, assegno la parola e faccio sintesi delle considerazioni emerse.",,,Situazionali,true,A,C,B,2026-05-15 21:10:33.313064,false,
1778851080839-4,"Sei il Responsabile d'Area di un'azienda farmaceutica. Il tuo team è composto da 8 persone; i risultati nel primo trimestre sono stati inferiori al previsto. Per garantire gli obiettivi di vendita semestrali, dovreste incrementare di un 10% le vendite effettive rispetto al trend. Tuttavia, ritieni che il team abbia lavorato molto duramente nell'ultimo trimestre e non sei in grado di ottenere personale extra per aiutarvi.","Sei consapevole che il team stia lavorando bene: impegno e determinazione non sono mai venuti meno. Quindi, rendi il team consapevole della necessità di aumentare le vendite ma non intraprendi ulteriori azioni (per ora ) poiché sei certo che questo ripagherà nel prossimo semestre.","Fai una riunione con tutto il team, con l'obiettivo di spronarli a confrontarsi e a individuare strategie per raggiungere i target definiti. E' importante, per te, sottolineare la necessità di aumentare le vendite nel prossimo trimestre.","Decidi di convocare, individualmente, ogni persona del team. Fissi degli obiettivi specifici per il prossimo trimestre e, con ognuno di loro, condividi quali strategie attuare per conseguirli.",,,Situazionali,true,C,B,A,2026-05-15 21:10:33.313064,false,
1778851080839-5,"Sei il Direttore Risorse Umane di un'azienda multinazionale operante nel settore edile. Il tuo Direttore Generale ha individuato una serie di nuove iniziative per il prossimo anno che avranno importanti ricadute anche sulla Direzione del Personale. Tuttavia, attualmente, è un periodo molto intenso per te e per il tuo team, ciò significa che avete poco tempo a disposizione per implementare queste nuove iniziative strategiche. Il DG, tra due mesi, vuole un aggiornamento e ha chiarito che si aspetta che tu abbia fatto progressi significativi per quella data.","Decidi che ti concentrerai sulla realizzazione dei progetti in corso, cercando di anticiparne la chiusura, per poi spostare le risorse del team sulle iniziative strategiche del DG.",Rivedi le priorità dei progetti originali alla luce delle nuove richieste e assegni i carichi di lavoro in modo da chiudere i più urgenti e inziare a lavorare sulle iniziative proposte dal Direttore Generale.,"Rivedi il carico di lavoro del team, in modo da accogliere le nuove iniziative strategiche, anche se ciò può comportare il posticipo di alcune scadenze e/o la ricalendarizzazione di alcuni progetti.",,,Situazionali,true,B,C,A,2026-05-15 21:10:33.313064,false,
1778851080839-6,"In azienda state vivendo un momento di particolare fermento: molti sono i progetti che stai personalmente seguendo, alcuni di questi devono essere chiusi nel più breve tempo possibile. Hai la necessità di coinvolgere maggiormente i tuoi collaboratori su alcuni dettagli operativi. Tuttavia, sei consapevole che anche loro hanno molte scadenze e attività da seguire.",Organizzi le scadenze dalle più urgenti alle meno urgenti e costruisci un piano di azione che ti consenta di essere il più veloce possibile. Coinvolgi di volta in volta i tuoi collaboratori sugli aspetti di relativa competenza.,I tuoi collaboratori sono troppo impegnati: ti concentri su ciò che puoi fare in autonomia e ti fai approvare la richiesta di supporto da parte di consulenti esterni.,"Fai un’analisi di scadenze, strategie e urgenze e costruisci un piano d’azione coerente che includa, a monte, le eventuali risorse da coinvolgere.",,,Situazionali,true,C,A,B,2026-05-15 21:10:33.313064,false,
1778851080841-7,"Lavori all'interno della direzione Risorse Umane. Da poco tempo utilizzate (tu e il tuo team) un nuovo sistema gestionale. I tuoi collaboratori ti stanno riportando una serie di problematiche legate all'utilizzo del nuovo applicativo. La produttività è diminuita di quasi il 30% . Il tuo team lamenta di non essere stato sufficientemente coinvolto in fase di sviluppo del nuovo gestionale ed ora, loro, ne pagano le conseguenze.",Incoraggi il team a continuare a perseverare con il nuovo gestionale. Ti metti al loro fianco e gli mostri i vantaggi (che forse non vedono) della nuova procedura. Gli spieghi che è solo una questione di tempo.,"Decidi, per ora, di tornare al vecchio sistema. Il nuovo gestionale non sta portando vantaggi evidenti, pertanto non capisci perché dovresti portare ulteriore stress al tuo team. Sarà tua premura fissare, nel più breve tempo possibile, un incontro con gli sviluppatori.","Chiedi al team di mettere nero su bianco i problemi che incontrano, eventuali falle di sistema (bug)  e qualsiasi altra difficoltà. Chiedi a loro di evidenziare le criticità maggiori (più urgenti) e fissi un incontro con gli sviluppatori, con l'obiettivo di apportare al più presto le modifiche necessarie.",,,Situazionali,true,C,A,B,2026-05-15 21:10:33.313064,false,
1778852211815-1,"Nel team c'è una persona che per un grave lutto in famiglia, ormai da diversi mesi, ha delle prestazioni molto al di sotto delle sue possibilità, ultimamente è stata anche molto assente, chiedendo di poter lavorare di più in smart working","A Organizzo un incontro nel quale presento in maniera diretta le mie osservazioni e mi mostro disponibile per individuare una soluzione di carattere organizzativo. Se la situazione lo consente, provo a suggerire un percorso di sostegno psicologico.",B Organizzo un incontro nel quale cerco di rimanere ancorato alle questioni di carattere organizzativo e al calo di prestazioni. Ritengo che esista un limite che è bene non superare tra il vissuto privato ed il lavoro.,"C Mi preparo all'incontro con questa persona, pianificando una soluzione centrata sul supporto psicologico, trattandosi molto probabilmente di un problema di depressione. Facendo ricorso alle mie capacità empatiche posso anche tentare di spronare la persona ad uscire da questo stato depressivo e provare a concentrare le proprie energie sul lavoro per distrarsi.",,,Situazionali,true,A,B,C,2026-05-15 21:10:33.313064,false,
1778852211815-2,"Un collaboratore si è lamentato con la Direzione perché pensa di essere stato discriminato, in quanto omosessuale, non riuscendo a fare carriera. In realtà, ha sempre ricevuto valutazioni nella media e non ha mostrato le capacità per ricoprire ruoli diversi.","A Certe accuse devono essere provate, pertanto decido di attendere una mossa ufficiale prima di prendere altri provvedimenti.",B Convoco questo collaboratore alla presenza del mio legale al fine di chiarire la questione. Certe situazioni sono delicate e vanno affrontate con la massima cautela.,"C Convoco questo collaboratore e cerco di capire in base a quali episodi o fatti, sente di essere stato vittima di una discriminazione. Facendo poi riferimento alle performance che lo riguardano, provo a suggerire che forse potrebbe lavorare maggiormente su alcune competenze per costruire un percorso di carriera. Mi rendo in ogni caso disponibile a portare avanti eventuali istanze in caso di un accertato fenomeno discriminatorio.",,,Situazionali,true,C,B,A,2026-05-15 21:10:33.313064,false,
1778852211815-4,"Quando capisci che un tuo collaboratore è particolarmente stressato, cosa fai?",chiedi di incontrare il vostro RSPP per un consiglio,Attendi che il tuo collaboratore venga a rappresentarti il problema e una possibile soluzione.,trovi un momento per provare a parlarci e ti rendi disponibile a rivedere l'assegnazione degli incarichi,,,Situazionali,true,C,A,B,2026-05-15 21:10:33.313064,false,
1778852211815-5,"Una collaboratrice, sempre molto disponibile con i colleghi, ha assunto molti incarichi all'interno del gruppo ma adesso si trova in difficoltà, ha commesso alcuni errori e altri del gruppo lamentano un mancato rispetto delle scadenze concordate.","A Parlo immediatamente con lei, facendole notare che la sua disponibilità e probabilmente un atteggiamento poco assertivo la stanno mettendo in difficoltà. Mi mostro disponibile, ma lascio a lei il compito di ripianificare e ridistribuire le attività nel team, in modo da far fronte alle scadenze. Al di là della gestione dell'emergenza, è importante che abbia consapevolezza di ciò che è accaduto.","B Convoco una riunione di urgenza per ripianificare le attività, ma faccio anche in modo che appaia evidente a tutti ciò che è accaduto: per i colleghi faccio presente che non è corretto delegare sempre alla stessa persona e a lei faccio capire, mettendola un po' alle strette, che è opportuno imparare a dire di no e a non mostrarsi troppo disponibile.","C Subentro nel ripianificare le attività, per dare una risposta immediata alla situazione di emergenza e caos che si è creata. Poi in secondo luogo le suggerisco di frequentare un corso sull'assertività.",,,Situazionali,true,A,C,B,2026-05-15 21:10:33.313064,false,
1778852211815-6,"Dopo anni di risultati eccellenti ti aspetti legittimamente un incremento retributivo maggiore rispetto a quello a suo tempo concordato. Hai l'incontro con il tuo superiore, come affronti la questione con l'obiettivo di portare a casa un risultato concreto?",A Dici al tuo superiore che hai veramente meritato un incremento retributivo e che ne hai necessità per esigenze familiari.,B Affronti il tuo superiore dimostrandogli quanto hai consentito al dipartimento di risparmiare con la tua azione andando ben oltre le aspettative a suo tempo concordate. L'allineamento retributivo del resto è in linea con quello detenuto da colleghi di uffici pari al tuo.,C Ti prepari all'incontro con il tuo superiore avendo cura di portare elementi e dati che dimostrino con chiarezza i vantaggi anche in termini economico-finanziario che l'ufficio da te diretto ha conseguito di gran lunga superiori rispetto a quanto concordato a suo tempo. Metti in evidenza l'impegno e i rischi che comporta il tuo ruolo da mettere in relazione con quanto da te richiesto,,,Situazionali,true,C,B,A,2026-05-15 21:10:33.313064,false,
1778852211815-7,"La Direzione ha avviato un sistema di valutazione pochi mesi fa, senza informarci che i risultati sarebbero stati collegati al premio annuale. Un gruppetto di collaboratori che ha ricevuto una valutazione bassa ora pretende delle spiegazioni","A Ascolto le rimostranze di questo gruppetto e illustro quali criteri sono stati adottati per costruire il sistema. Per favorire un clima più positivo nel gruppo, potrei provare a chiedere alla Direzione di ignorare gli esiti della valutazione nella definizione dei premi per questo anno, vista la mancanza di una comunicazione chiara.","B In accordo con la Direzione, fisso un incontro con tutti i collaboratori, scusandomi per la mancanza di chiarezza che purtroppo ha coinvolto anche noi. Cerco di far capire loro che la valutazione deve essere una leva per il cambiamento e il miglioramento continuo. Illustro quali criteri sono stati adottati per costruire il sistema e mi mostro disponibile per raccogliere eventuali suggerimenti per la prossima valutazione.","C Fisso un incontro con tutti i collaboratori nel quale faccio capire bene che la responsabilità dell'accaduto non è mia. È importante infatti che non perdano fiducia nel sistema di valutazione come leva per il miglioramento della performance. Prometterò di fare pressioni sulla Direzione, affinché nella prossima valutazione la comunicazione sia chiara ed esaustiva.",,,Situazionali,true,B,A,C,2026-05-15 21:10:33.313064,false,
1778852216355-1,Il Diritto all'uso delle tecnologie di cui all'art. 3 del CAD:,È riconosciuto anche ai fini dell'esercizio dei diritti di accesso e della partecipazione al procedimento amministrativo.,È riconosciuto solo nei rapporti con le amministrazioni centrali dello Stato.,È riconosciuto esclusivamente alle imprese.,,A,Diritto_Amministrativo,false,,,,2026-05-15 21:10:33.313064,false,
1778852216356-12,Ogni trattamento di dati personali deve avvenire nel rispetto dei principi fissati all'art. 5 del Regolamento (UE) 2016/679. In applicazione del principio di 'limitazione della conservazione' i dati personali sono:,Conservati in una forma che consenta l'identificazione degli interessati per un arco di tempo non superiore al conseguimento delle finalità per le quali sono trattati.,"Trattati in maniera da garantire un'adeguata sicurezza dei dati personali, compresa la protezione, mediante misure tecniche e organizzative adeguate, da trattamenti non autorizzati o illeciti e dalla perdita, dalla distruzione o dal danno accidentali.","Raccolti per finalità determinate, esplicite e legittime, e successivamente trattati in modo che non sia incompatibile con tali finalità.",,A,Diritto_Amministrativo,false,,,,2026-05-15 21:10:33.313064,false,
1778852216356-17,"Secondo l’All. 5 delle Linee Guida sulla formazione, gestione e conservazione dei documenti informatici, quale metadato del documento amministrativo informatico ha come 'Sottocampi' Oggetto e Parole chiave?",Chiave descrittiva.,Dati di registrazione.,Classificazione.,,A,Diritto_Amministrativo,false,,,,2026-05-15 21:10:33.313064,false,
1778852216356-18,"Nell'ambito delle Linee guida sulla formazione, gestione e conservazione dei documenti informatici promosse dall'Agid (glossario), con quale termine si indica solitamente la struttura logica che permette di organizzare documenti e oggetti digitali secondo uno schema desunto dalle funzioni e dalle attività dell'amministrazione interessata?",Certificato di denominazione.,Titolario.,Percorso.,,B,Diritto_Amministrativo,false,,,,2026-05-15 21:10:33.313064,false,
1778852216356-19,Enrico ottiene una parte di profitti tripla di quella avuta dai suoi due soci. I due soci si dividono in parti uguali i profitti. Quale frazione dell'intero riceve Enrico?,2/5.,1/2.,3/5.,,C,Logica,false,,,,2026-05-15 21:10:33.313064,false,
1778852216356-20,Un bambino ha 4 anni e suo cugino è appena diventato maggiorenne. Trascorsi 7 anni quale età avrà il bambino e quale suo cugino?,Il bambino 11 anni e suo cugino 23 anni.,Il bambino 14 anni e suo cugino 21 anni.,Il bambino 11 anni e suo cugino 25 anni.,,C,Logica,false,,,,2026-05-15 21:10:33.313064,false,
1778852216356-21,Quale termine integra la serie che segue: ZATTERA - CARAVELLA - PATTINO - ..?..,COCCHIO.,GOZZO.,AEROPLANO.,,B,Logica,false,,,,2026-05-15 21:10:33.313064,false,
1778852216356-22,BASCO - PANAMA - PAPALINA - ..?..,CANAPA.,COTONE.,BOMBETTA.,,C,Logica,false,,,,2026-05-15 21:10:33.313064,false,
1778852216356-23,Quale dei seguenti termini integra correttamente la serie: MANICO - CORONA - NATALE - ..?..,Labile.,Legare.,Liscio.,,B,Logica,false,,,,2026-05-15 21:10:33.313064,false,
1778852216356-24,Quale numero completa la serie? 70 - 60 - 65 - 55 / 60 - 50 - 55 - ...,40.,50.,45.,,C,Logica,false,,,,2026-05-15 21:10:33.313064,false,
1778852216356-25,Nocciolo sta a Nocciola come ..?.. sta a ..?...,Olivo - Oliva.,Pera - Pero.,Susina - Susino.,,A,Logica,false,,,,2026-05-15 21:10:33.313064,false,
1778852216356-26,Notte sta a Nero allora ...?.. sta a ..?...,Grigio - Fumo.,Bianco - Neve.,Foglia - Verde.,,C,Logica,false,,,,2026-05-15 21:10:33.313064,false,
1778852216356-3,"Delega, avocazione e sostituzione sono istituti che determinano lo spostamento dell’esercizio della competenza. La sostituzione:","È un atto amministrativo di tipo organizzatorio per effetto del quale un organo o un ente conferisce unilateralmente ad un altro organo o a un altro ente il potere di provvedere in ordine a una determinata materia, rientrante nella propria competenza.",Comporta l'esercizio di un potere da parte di un organo diverso da quello cui il potere stesso è attribuito e presuppone sempre un’inerzia del sostituito.,È l’atto mediante il quale un organo gerarchicamente superiore decide di esercitare un potere attribuito alla competenza di un organo inferiore per motivi di interesse pubblico e indipendentemente dall'inadempimento dell'organo istituzionalmente competente.,,B,Diritto_Amministrativo,false,,,,2026-05-15 21:10:33.313064,false,
1778852216356-34,"Ai sensi dell'art. 5-bis, CAD, le comunicazioni di atti e provvedimenti amministrativi da parte delle amministrazioni pubbliche alle imprese avviene:",Esclusivamente utilizzando le tecnologie dell'informazione e della comunicazione.,Utilizzando ogni modalità disponibile.,A discrezione dell'amministrazione che provvede alla comunicazione.,,A,Diritto_Amministrativo,false,,,,2026-05-15 21:10:33.313064,false,
1778852216356-35,"La contrattazione collettiva può istituire procedure di impugnazione dei provvedimenti disciplinari, a norma dell'articolo 55 del D.Lgs. 165/2001?","Sì, ma solo per i provvedimenti disciplinari che irrogano le sanzioni disciplinari del rimprovero verbale e della censura.","Sì, ma solo per i provvedimenti disciplinari che irrogano le sanzioni disciplinari della multa e della sospensione dal servizio e dalla retribuzione per più di dieci giorni.",No.,,C,Diritto_Amministrativo,false,,,,2026-05-15 21:10:33.313064,false,
1778852216356-37,Complete the sentence by using one of the options given: Zoe is not here. She left about twenty minutes ________.,Just.,Ago.,Past.,,B,Inglese,false,,,,2026-05-15 21:10:33.313064,false,
1778852216356-39,"In base all'art. 37, par. 6, del GDPR, il responsabile della protezione dei dati (RPD):",Non deve essere un dipendente del titolare del trattamento o del responsabile del trattamento.,Deve essere necessariamente un dipendente del titolare del trattamento o del responsabile del trattamento.,Può essere un dipendente del titolare del trattamento o del responsabile del trattamento o assolvere i suoi compiti in base a un contratto di servizi.,,C,Diritto_Amministrativo,false,,,,2026-05-15 21:10:33.313064,false,
1778852216356-4,"Obbligo di rendere pubbliche le disposizioni adottate dalla p.a. in merito alla determinazione della UO responsabile di ogni adempimento procedimentale - Obbligo di consentire agli interessati l’accesso ai documenti amministrativi. A quale criterio sono da ricondurre i citati obblighi, previsti dalla l. n. 241/1990?",Criterio di efficacia.,Criterio di efficienza.,Criterio di pubblicità.,,C,Diritto_Amministrativo,false,,,,2026-05-15 21:10:33.313064,false,
1778852216356-41,Quale dei seguenti termini può sostituire la parola importante senza modificare il significato della frase ove essa è inserita?,Ragguardevole.,Estemporaneo.,Subitaneo.,,A,Logica,false,,,,2026-05-15 21:10:33.313064,false,
1778852216356-42,"Nell'ambito delle Linee guida sulla formazione, gestione e conservazione dei documenti informatici promosse dall'Agid (glossario), con quale termine si indica solitamente il registro su cui vengono annotati, con un numero progressivo, i fascicoli secondo l'ordine cronologico in cui si costituiscono all'interno delle suddivisioni del piano di classificazione?",Esplicativo.,Repertorio.,Programma.,,B,Diritto_Amministrativo,false,,,,2026-05-15 21:10:33.313064,false,
1778852216356-5,L'analisi e integrazione dei dati:,è un processo esclusivamente di trasformazione di dati con il fine di evidenziare informazioni che suggeriscano conclusioni e supportino le decisioni strategiche aziendali.,"è un processo di ispezione, pulizia, trasformazione e modellazione di dati con il fine di evidenziare informazioni che suggeriscano conclusioni e supportino le decisioni strategiche aziendali.",è un processo esclusivamente di modellazione di dati con il fine di evidenziare informazioni che suggeriscano conclusioni e supportino le decisioni strategiche aziendali.,,B,Uso_delle_tecnologie,false,,,,2026-05-15 21:10:33.313064,false,
1778852216356-7,Complete the sentence by using one of the options given: Yesterday John bought a ________ of sunglasses with his pocket money.,Bit.,Piece.,Pair.,,C,Inglese,false,,,,2026-05-15 21:10:33.313064,false,
1778852216356-8,Complete the sentence by using one of the options given: Patrick's luggage is not _______ heavy as I thought it would be.,Many.,As.,Well.,,B,Inglese,false,,,,2026-05-15 21:10:33.313064,false,
1778852661754-1,"Lo SPID (art. 64, CAD) è:",Il sistema pubblico per la gestione dell'identità digitale riservato ai cittadini.,"Uno dei documenti di riconoscimento personale italiani, insieme alla CIE.","Costituito come insieme aperto di soggetti pubblici e privati che, previo accreditamento da parte dell'Agid, identificano gli utenti per consentire loro il compimento di attività e l'accesso ai servizi in rete.",,C,Diritto_Amministrativo,false,,,,2026-05-15 21:10:33.313064,false,
1778852661754-12,I dati particolari necessari per finalità di medicina preventiva devono essere trattati da o sotto la responsabilità di un professionista soggetto al segreto professionale?,Il GDPR nulla dispone in merito.,"L'art. 9, del GDPR prevede che ogni Stato membro decida autonomamente se e in quale misura adottare opportune tutele.","Si, lo prevede espressamente l'art. 9, del GDPR.",,C,Diritto_Amministrativo,false,,,,2026-05-15 21:10:33.313064,false,
1778852661754-15,Quale è lo scopo di una tecnologia Cloud?,Raggruppare e automatizzare le risorse virtuali per l'utilizzo on demand.,Creare più ambienti simulati da un unico sistema hardware fisico.,"Fornire pacchetti di risorse ad utenti specifici, per finalità specifiche.",,A,Uso_delle_tecnologie,false,,,,2026-05-15 21:10:33.313064,false,
1778852661754-17,"Nel maggio 2021 sono state pubblicate 'Linee Guida sulla formazione, gestione e conservazione dei documenti informatici dell’AGID'. Dette Linee Guida hanno carattere vincolante?","Si, hanno carattere vincolante e assumono valenza erga omnes.","No, in quanto norme tecniche.","Si, sono vincolanti per le sole amministrazioni centrali dello Stato.",,A,Diritto_Amministrativo,false,,,,2026-05-15 21:10:33.313064,false,
1778852661754-18,"Nei processi di scansione massiva - All. 3 'Linee Guida sulla formazione, gestione e conservazione dei documenti informatici', qual è la prima fase del Ciclo di dematerializzazione?",Indicizzazione.,Presa in carico della documentazione.,Analisi e progettazione.,,B,Diritto_Amministrativo,false,,,,2026-05-15 21:10:33.313064,false,
1778852661754-19,Quale dei seguenti Paesi è logico eliminare dal gruppo proposto? SOMALIA - INDIA - EGITTO - LIBIA - NIGERIA.,India.,Somalia.,Egitto.,,A,Logica,false,,,,2026-05-15 21:10:33.313064,false,
1778852661754-2,"Nel CAD la 'caratteristica di un sistema informativo, le cui interfacce sono pubbliche e aperte, di interagire in maniera automatica con altri sistemi informativi per lo scambio di informazioni e l'erogazione di servizi' è denominata:",Allineamento dei dati.,Interoperabilità.,Disponibilità.,,B,Diritto_Amministrativo,false,,,,2026-05-15 21:10:33.313064,false,
1778852661754-20,Individuare il numero mancante: ... - 34 - 49 - 64.,5.,19.,15.,,B,Logica,false,,,,2026-05-15 21:10:33.313064,false,
1778852661754-22,Cosa significa negare la frase tutte le donne americane sono ricche”?,Esiste almeno una donna americana povera.,Devono esistere almeno due donne americane povere.,Nessuna donna americana è povera.,,A,Logica,false,,,,2026-05-15 21:10:33.313064,false,
1778852661754-23,Gli studenti che frequentano il corso di economia politica sono complessivamente 63. 38 sono uomini e 25 sono donne. La percentuale di uomini è di circa:,"60,32%.","72,02%.","58,12%.",,A,Logica,false,,,,2026-05-15 21:10:33.313064,false,
1778852661754-24,"In fila al supermercato di un grande magazzino ci sono 432 persone e le casse aperte sono solo due. Calcolare quante persone sono in fila ad ogni cassa, sapendo che le persone in fila alla prima cassa sono il triplo di quelle presenti alla seconda.","Le persone in fila alla prima classe sono 320, quelle in fila alla seconda sono 132.","Le persone in fila alla prima cassa sono 300, quelle in fila alla seconda sono 132.","Le persone in fila alla prima cassa sono 324, quelle in fila alla seconda sono 108.",,C,Logica,false,,,,2026-05-15 21:10:33.313064,false,
1778852661754-25,..?.. sta a Caserta come Calabria sta a ..?...,Campania - Catanzaro.,Abruzzo - Potenza.,Basilicata - Taranto.,,A,Logica,false,,,,2026-05-15 21:10:33.313064,false,
1778852661754-26,Indicare quale animale eliminerebbe tra quelli proposti: Fox terrier - Setter - Furetto.,Setter.,Furetto.,Fox terrier.,,B,Logica,false,,,,2026-05-15 21:10:33.313064,false,
1778852661754-3,"Con riferimento all’incompatibilità, cumulo di impieghi e incarichi (c.d. diritto di esclusiva), sono esclusi i compensi derivati da incarichi conferiti dalle organizzazioni sindacali a dipendenti presso le stesse distaccati o in aspettativa non retribuita (comma 6, art. 53, D.Lgs. 165/2001)?",Si.,Solo per il personale assunto a tempo parziale.,"No, sono esclusi solo i compensi derivati da attività di formazione diretta ai dipendenti della pubblica amministrazione.",,A,Diritto_Amministrativo,false,,,,2026-05-15 21:10:33.313064,false,
1778852661754-4,"A norma dell'art. 52 del decreto legislativo n. 165/2001 è corretto affermare che il prestatore di lavoro deve essere adibito alle mansioni corrispondenti alla qualifica superiore che abbia successivamente acquisito per effetto delle procedure selettive di cui all'articolo 35, comma 1, lettera a), del medesimo decreto?",Sì.,"No, deve essere adibito solo alle mansioni per le quali è stato assunto.","No, può essere adibito solo alle mansioni equivalenti nell'ambito dell'area di inquadramento.",,A,Diritto_Amministrativo,false,,,,2026-05-15 21:10:33.313064,false,
1778852661754-6,"Nel processo di “estrazione di conoscenza” dai Big Data, l'attività di 'elaborazione' si articola in:","estrazione, memorizzazione e interpretazione.","estrazione, integrazione e analisi.",acquisizione e memorizzazione.,,B,Uso_delle_tecnologie,false,,,,2026-05-15 21:10:33.313064,false,
1778852661754-7,"Complete the sentence by using one of the options given: If I _________ the President, I would build more schools.",Were.,Have.,Am.,,A,Inglese,false,,,,2026-05-15 21:10:33.313064,false,
1778852661754-8,Complete the sentence by using one of the options given: The film we watched was a psychological thriller about a man _______ killed his wife and got away with it.,Whose.,Which.,Who.,,C,Inglese,false,,,,2026-05-15 21:10:33.313064,false,
1778852668230-1,Nel corso di una riunione tra dirigenti viene affrontato il problema dell'innalzamento dei reclami provenienti dal tuo ufficio. È una faccenda a te nota ed è avvenuta nelle ultime settimane a causa dell'inserimento di una nuova risorsa e del cambio di procedura informatica a supporto dell'attività di front office. Come affronti la situazione per non cadere frettolosamente sul banco degli imputati?,A Verifichi con la nuova risorsa che problemi ci sono e se vedi che non è in grado magari la sostituisci con una persona più affidabile. Tranquillizzi gli altri colleghi impegnandoti ad assicurare la qualità di tutti i documenti che nel frattempo usciranno dal tuo ufficio.,B Ti accerti con la persona se la formazione ricevuta per affrontare la nuova procedura risulta adeguata. Concordi un eventuale ulteriore intervento formativo. Fai anche una verifica interna sull'efficacia della nuova procedura e se le funzioni di progetto hanno tenuto conto delle richieste a suo tempo inoltrate. In caso chiedi alle funzioni tecniche di rivedere alcuni punti critici. Verso i colleghi illustri quanto stai intraprendendo al riguardo impegnandoti a verificare nel frattempo la qualità di quanto prodotto,C Chiedi ai tuoi colleghi di avere pazienza. Hai messo una risorsa nuova in ufficio e ci vuole tempo perché si ambienti.,,,Situazionali,true,B,C,A,2026-05-15 21:10:33.313064,false,
1778852668230-2,Durante una sessione di lavoro di gruppo che coordini si è letteralmente arenato su un punto critico per il quale non emergono soluzioni,A Proponi una breve pausa,B Riassumi i punti di vista e ne ridiscuti con loro anche con ausilio delle tecniche di brain storming,C Chiudi i lavori ci ripenserai con calma,,,Situazionali,true,B,A,C,2026-05-15 21:10:33.313064,false,
1778852668230-3,Ti trovi a lavorare in un gruppo di lavoro che è impegnato su un importante progetto per il dipartimento che ha scadenza a breve. Sono previsti contributi di altri partecipanti al team ma non sembrano né ingaggiati né attivati,"A Lavori in modo determinato ed in autonomia sulla parte a te assegnata, per quello che manca saranno responsabili gli altri",B Comunichi questa situazione al tuo responsabile affinché definisca lui le modalità di intervento; non è tuo compito coinvolgere le persone,C Convochi una riunione con i colleghi e evidenzi con fermezza e decisione l'importanza dei dati e dei tempi di consegna del progetto,,,Situazionali,true,C,B,A,2026-05-15 21:10:33.313064,false,
1778852668230-4,"Un collaboratore, prossimo alla pensione, si dovrebbe occupare nelle prossime settimane del passaggio di consegne con quello che sarà il suo sostituto, tuttavia mi riferiscono essere sfuggente e poco propenso a condividere le proprie conoscenze.",A Incontro entrambi per definire insieme quali siano le attività e le conoscenze che meritano un'attenzione in questa fase. Programmiamo una serie di incontri specifici per questa attività. Infine incoraggio il junior ad organizzare una festa per il pensionamento.,"B Incontro per prima cosa il collaboratore senior cercando di fargli capire che anche se lui è prossimo alla pensione, l'azienda ha bisogno di andare avanti. Se capisco che ad inibire questo passaggio di consegne è il pensiero di trovarsi al termine del percorso professionale, posso ricordargli che con tutto quel tempo libero potrà dedicarsi al suo sport o hobby preferito.","C Incontro per prima cosa il collaboratore senior cercando il suo ingaggio, investendolo della carica di mentore. L'importante è farlo sentire parte attiva di un processo di trasferimento di informazioni e conoscenze. Pianifico quindi una serie di incontri, alcuni tra loro e altri alla mia presenza, per monitorare questo processo.",,,Situazionali,true,C,A,B,2026-05-15 21:10:33.313064,false,
1778852668230-5,"Uno dei miei collaboratori, con ruolo di coordinatore, delega la maggior parte delle proprie attività, anche quelle che dovrebbe fare in prima persona e quando sorgono problemi ed errori, è il primo a puntare il dito verso i propri colleghi","A Fisso un incontro allo scopo di delineare il livello di responsabilità legato al ruolo, non tanto quelle che sono le attività delegabili. Nell'esercitare il proprio ruolo, può agire la delega come vuole ma occorre che sia consapevole che la responsabilità rimane a lui e che delegare non significa scaricare i problemi.",B Mi preparo all'incontro con una lista di possibili attività delegabili. È bene infatti restringere la discrezionalità e far sì che il ruolo sia ben definito. Nelle aree grigie è più facile scaricarsi delle responsabilità.,"C Decido di esercitare un maggiore controllo su questo responsabile, in modo che per lui sia più difficile continuare con questa condotta.",,,Situazionali,true,A,B,C,2026-05-15 21:10:33.313064,false,
1778852668230-7,"Una persona, segnalata dalla direzione, è stata inserita nel mio team, tuttavia è poco preparata e si mostra poco umile nell'apprendimento. So di non poterla allontanare, avendo la sponsorship della direzione.","A Faccio buon viso a cattivo gioco ma gradualmente le aumento il carico di lavoro, così quando non sarà in grado di tenere il ritmo delle scadenze e delle consegne avrò un valido pretesto per chiedere che venga spostata in un altro ufficio.","B Le parlo direttamente in modo che capisca che anche se gode della 'protezione' della Direzione, io non intendo fare sconti e mi aspetto che le sue prestazioni migliorino a breve.","C Faccio buon viso a cattivo gioco, cerco di darle incarichi nei quali può commettere meno errori, senza tuttavia alleggerirla dalle proprie attività per evitare di commettere disparità e quindi, per non creare malumori nel resto del gruppo",,,Situazionali,true,C,B,A,2026-05-15 21:10:33.313064,false,
1778852921765-1,Nel CAD il soggetto che presta servizi di trasmissione dei documenti informatici mediante la posta elettronica certificata è denominato:,Gestore di posta elettronica certificata.,Titolare di firma elettronica.,Gestore informatico dei documenti.,,A,Diritto_Amministrativo,false,,,,2026-05-15 21:10:33.313064,false,
1778852921765-2,"Nel CAD il documento elettronico che contiene la rappresentazione informatica di atti, fatti o dati giuridicamente rilevanti è denominato:",Dato delle PPAA.,Documento informatico.,Dato pubblico.,,B,Diritto_Amministrativo,false,,,,2026-05-15 21:10:33.313064,false,
1778852921765-3,Indicare il corretto ordine delle quattro principali fasi del procedimento amministrativo.,Istruttoria - iniziativa - decisoria - integrativa dell'efficacia.,Iniziativa - istruttoria - decisoria - integrativa dell'efficacia.,Iniziativa - istruttoria - integrativa dell'efficacia - decisoria.,,B,Diritto_Amministrativo,false,,,,2026-05-15 21:10:33.313064,false,
1778852921765-4,"Con riferimento ai tipi di attività amministrativa, l’amministrazione consultiva comprende:",Le attività dirette a sindacare secondo il diritto o secondo le regole della buona amministrazione l’operato degli agenti a cui sono demandati i compiti di amministrazione attiva.,Tutte le attività con cui la pubblica amministrazione agisce per realizzare i propri fini.,"Le attività dirette a fornire pareri, orientamenti e chiarimenti alle autorità che devono provvedere su un determinato oggetto.",,C,Diritto_Amministrativo,false,,,,2026-05-15 21:10:33.313064,false,
1778852921765-5,In cosa consiste il processo di integrazioni di dati?,Nell'acquisizione e riorganizzazione di dati provenienti da più fonti solo se tra loro omogeee.,Nell'acquisizione e riorganizzazione di dati provenienti da più fonti anche tra loro eterogenee.,Nell'acquisizione e riorganizzazione di dati provenienti da più fonti anche tra loro omogenee.,,B,Uso_delle_tecnologie,false,,,,2026-05-15 21:10:33.313064,false,
1778852921765-7,Complete the sentence by using one of the options given: Peter arrived at his parents'House ______ Thursday night.,At.,On.,In.,,B,Inglese,false,,,,2026-05-15 21:10:33.313064,false,
1778852921765-8,"Complete the sentence by using one of the options given: Our house wasn't very far from the hospital, it ________ us about two minutes to walk to the hospital.",Run.,Walked.,Took.,,C,Inglese,false,,,,2026-05-15 21:10:33.313064,false,
1778852921766-17,"Nell’ambito delle Linee guida sulla formazione, gestione e conservazione dei documenti informatici (glossario), come si chiama il pacchetto informativo generato dalla trasformazione di uno o più pacchetti di versamento coerentemente con le modalità riportate nel manuale di conservazione?",Pacchetto di distribuzione.,Pacchetto di file.,Pacchetto di archiviazione.,,C,Diritto_Amministrativo,false,,,,2026-05-15 21:10:33.313064,false,
1778852921766-18,"Secondo le Linee Guida sulla formazione, gestione e conservazione dei documenti informatici, nelle pubbliche amministrazioni chi assicura la trasmissione del pacchetto di versamento al sistema di conservazione?",Solo il responsabile della gestione documentale.,Il responsabile della gestione documentale o il coordinatore della gestione documentale ove nominato.,Solo il responsabile della conservazione.,,B,Diritto_Amministrativo,false,,,,2026-05-15 21:10:33.313064,false,
1778852921766-19,"Se una persona percorre 100 metri in tre minuti, quanto tempo impiegherà a percorrere 3 chilometri mantenendo lo stesso passo?",2 ore e 15 minuti.,1 ora e 30 minuti.,1 ora e 20 minuti.,,B,Logica,false,,,,2026-05-15 21:10:33.313064,false,
1778852921766-20,"Quale dei termini proposti, inserito tra le parentesi, assume un significato associabile sia al termine che precede che a quello che segue: Punta ( ) Successo.",Apice.,Accaduto.,Estremità.,,A,Logica,false,,,,2026-05-15 21:10:33.313064,false,
1778852921766-21,"Un treno che è arrivato a Milano alle ore 21 e 23 minuti, aveva un ritardo di 2 ore e 50 minuti. Quale doveva essere l'ora di arrivo?",Le 17 e 33 minuti.,Le 17 e 45 minuti.,Le 18 e 33 minuti.,,C,Logica,false,,,,2026-05-15 21:10:33.313064,false,
1778852921766-22,Quale termine integra la serie che segue: NATANTE - CHIATTA - GONDOLA - ..?..,CALESSE.,MOTOSCAFO.,BULLDOZER.,,B,Logica,false,,,,2026-05-15 21:10:33.313064,false,
1778852921766-23,Quali lettere non inserirebbe al posto degli spazi per ottenere una parola di senso compiuto ed uso corrente? R_M_.,A - U.,A - O.,I - E.,,A,Logica,false,,,,2026-05-15 21:10:33.313064,false,
1778852921766-24,Individuare il termine che completa logicamente la proporzione: geniale sta a gergale come bagnare sta a ..?..,Bagnina.,Balenare.,Bastare.,,C,Logica,false,,,,2026-05-15 21:10:33.313064,false,
1778852921766-25,Quale numero completa la serie? 4 - 16 / 5 - 25 / ... - 49.,7.,8.,6.,,A,Logica,false,,,,2026-05-15 21:10:33.313064,false,
1778852921766-26,Se ANTIMATERIA sta a AA allora....,FOTOMETRICO sta a OF.,PASTICCERIA sta a AT.,DORMIVEGLIA sta a AG.,,B,Logica,false,,,,2026-05-15 21:10:33.313064,false,
1778852921766-28,Quale è l'acronimo utilizzato per le reti Internet con collegamento in fibra dalla centrale fino alla propria abitazione?,FWA.,FTTC.,FTTH.,,C,Uso_delle_tecnologie,false,,,,2026-05-15 21:10:33.313064,false,
1778852921766-30,Come si chiama in Windows 10 una situazione che può essere ripristinata al fine da correggere un malfunzionamento del sistema operativo a seguito di un aggiornamento o dell'installazione di un software?,Snapware.,Punto di Ripristino.,Defrag.,,B,Uso_delle_tecnologie,false,,,,2026-05-15 21:10:33.313064,false,
1778852921766-33,Nel firmare digitalmente un documento l'utente usa:,La sua chiave privata.,"Entrambe le chiavi, pubblica e privata.",La sua chiave pubblica.,,A,Uso_delle_tecnologie,false,,,,2026-05-15 21:10:33.313064,false,
1778852926456-1,"Io e una collaboratrice abbiamo i figli a scuola insieme, questo vedersi al di fuori dell'ambiente lavorativo, l'ha spinta ad essere sempre più informale nei miei confronti e talvolta ad ignorare consegne che le avevo dato da fare con urgenza","A Fisso un incontro in ufficio nel quale le espongo apertamente cosa sta accadendo. Anche se incontrarsi fuori dall'ufficio è una situazione piacevole, ciò non deve inficiare negativamente sulla relazione lavorativa e sulle attività che vengono assegnate.","B Certe situazioni sono poco reversibili, pertanto cerco di incontrarla fuori dall'ufficio e con una battuta e un po' di umorismo cerco di farle capire che sarebbe opportuno che in ufficio mantenessimo rapporti più formali, almeno all'apparenza","C Modifico il mio atteggiamento sia in ufficio che fuori, in modo che capisca in maniera indiretta, l'importanza di riportare le opportune distanze.",,,Situazionali,true,A,B,C,2026-05-15 21:10:33.313064,false,
1778852926456-2,"Un gruppetto di collaboratori si lamentano con me rispetto al loro diretto responsabile, lascia loro pochi margini di autonomia, esercita un controllo davvero opprimente ed è poco attento alla loro crescita. Io ne ero al corrente ma data l'elevata produttività del team, avevo inizialmente lasciato correre.","A Decido per il momento di ignorare la questione. Il team ha una sua efficacia con questa gestione, pertanto cambiare gli equilibri potrebbe portare a risultati meno performanti.","B Non potendo ignorare questa situazione, incontro in prima istanza il responsabile. Partendo da quanto di buono è stato fatto nel suo team, gli faccio tuttavia notare che il suo ruolo richiede anche un'attenzione alla crescita delle persone e che gradualmente dovrà imparare a fidarsi e a delegare di più.","C Non potendo ignorare questa situazione, gli fisso un incontro con le risorse umane affinché gli propongano un intervento ad hoc.",,,Situazionali,true,B,C,A,2026-05-15 21:10:33.313064,false,
1778852926456-3,"Quando decidi di preparare una riunione con il tuo team, di solito ritieni indispensabile",A Avere un ordine del giorno ed un moderatore per evitare che alcune persone sottraggano tempo ai colleghi.,"B Guidare la discussione, facendo in modo che non ci siano pareri troppo discordanti. Evitare che i conflitti interferiscano sulla riunione.",C Inviare un invito coinvolgente e che identifichi bene il problema da affrontare.,,,Situazionali,true,A,C,B,2026-05-15 21:10:33.313064,false,
1778852926456-4,"Nel team c'è un collaboratore molto attento, preciso e analitico. Quando viene lanciato un nuovo progetto tuttavia, tende a rallentare i lavori del gruppo, si mostra scettico, individua sempre e solo i rischi e gli aspetti negativi di una situazione e fatico a coinvolgerlo con energia nel progetto.","A Lo accetto per quello che è: farò in modo da ora in avanti che sia meno coinvolto in queste fasi del progetto, sfruttandolo di più in altre attività dove precisione e analisi sono competenze vincenti.","B Incontro questo collaboratore e portando esempi concreti, provo a fornirgli un feedback su questo suo particolare comportamento e lo esorto a trovare nuove strade e un approccio più positivo.","C Organizzo un role playing facendomi aiutare da un formatore esperto: simuliamo una riunione di avvio di un progetto e consegniamo a ciascun componente del gruppo un 'personaggio' da interpretare (es. lo scettico, l'innovatore, l'entusiasta, l'economista...) facendo in modo che a questo collaboratore venga assegnato un ruolo positivo, nel quale deve riuscire a individuare anche aspetti positivi o che creino entusiasmo e partecipazione. Potremmo continuare a utilizzare questo metodo anche in situazioni reali. Non sarà facile, ma con la pratica, si potrebbe rivelare molto utile.",,,Situazionali,true,C,B,A,2026-05-15 21:10:33.313064,false,
1778852926457-5,"Una mia collega, di un altro ufficio, si è dimessa all'improvviso e hanno chiesto a me di dirigere ad interim anche l'altro gruppo. Tuttavia non ci sono stati passaggi di consegne e i nuovi collaboratori sono molto diffidenti nei miei confronti, dato il mio doppio impegno","Programmo un brief con il mio gruppo, spiegando la situazione e facendo appello a tutta la loro pazienza e disponibilità, proprio perché nei prossimi tempi sarò costretto a mantenere questo doppio incarico. Evito di delegare in questa fase perché non conosco bene il personale dell'altro ufficio.","Programmo un brief con l'altro gruppo, spiegando la situazione e facendo appello a tutta la loro pazienza e disponibilità, proprio perché nei prossimi tempi sarò costretto a mantenere questo doppio incarico. In entrambi gli uffici provo ad individuare un/una referente per garantirmi un maggior flusso di informazioni e all'occorrenza, maggiori possibilità di delega","Individuo nel mio gruppo la persona con maggiori capacità e competenze e le delego le principali attività. Scaricandomi un po' di alcuni compiti, potrò meglio dedicarmi anche all'altro ufficio.",,,Situazionali,true,B,C,A,2026-05-15 21:10:33.313064,false,
1778852926457-6,"Una persona molto performante, di recente appare particolarmente distratta, sta infatti attraversando una brutta separazione in famiglia e tu da poco ne sei venuto/a al corrente, cosa fai?",Cerchi di evitare di assegnarle incarichi per i quali occorre concentrazione e precisione. Ti mostri disponibile al dialogo ma aspetti che sia lei eventualmente ad affrontare il problema.,Chiedi di incontrare qualcuno delle Risorse Umane per un consiglio,Fissi un appuntamento e vai dritto al punto: è naturale che le questioni personale possano minacciare la nostra stabilità ma non possono intervenire in alcun modo sul lavoro. Al massimo consigli un periodo di ferie.,,,Situazionali,true,A,B,C,2026-05-15 21:10:33.313064,false,
1778852926457-7,I componenti del tuo gruppo di lavoro sono in affanno e non riescono a trovare una soluzione ad un problema specifico. Generalmente hanno prodotto performance positive anche perché sei riuscito a creare all'interno del gruppo un clima di collaborazione in cui vengono valorizzati i contributi di tutti e le relazioni tra loro sono buone.,A Lasci che il gruppo risolva da solo,B Intervieni rapidamente per correggere e indirizzare il gruppo verso una soluzione,C Incoraggi il gruppo a lavorare sul problema e offri il tuo supporto,,,Situazionali,true,C,B,A,2026-05-15 21:10:33.313064,false,
1778853162716-30,Quale opzione di avvio avanzata consente di lanciare Windows 10 con i driver di base?,Modalità Provvisoria.,Avvio Semplificato.,Avvio di Base.,,A,Uso_delle_tecnologie,false,,,,2026-05-15 21:10:33.313064,false,
1778853432196-1,"Ai sensi dell'art. 15 del d.lgs. 36/2023, le stazioni appaltanti e gli enti concedenti nominano il RUP:","Tra i dipendenti della stazione appaltante o dell'ente concedente, assunti anche a tempo determinato.",Solo tra professionisti esterni alla stazione appaltante.,"Solo tra i dipendenti della stazione appaltante o dell'ente concedente, assunti a tempo indeterminato.",,A,Diritto_Amministrativo,false,,,,2026-05-15 21:10:33.313064,false,
1778853432196-10,"Un autobus è partito alle ore 11 e 53 minuti, con un ritardo di 45 minuti. Quale doveva essere l'ora di partenza?",Le 12 e 38 minuti.,Le 11 e 08 minuti.,Le 11 e 18 minuti.,,B,Logica,false,,,,2026-05-15 21:10:33.313064,false,
1778853432196-11,Quale dei seguenti termini può sostituire la parola inganno senza modificare il significato della frase ove essa è inserita?,Arbitrio.,Suggestione.,Imbroglio.,,C,Logica,false,,,,2026-05-15 21:10:33.313064,false,
1778853432196-12,Negare la frase “Ogni elefante barrisce” significa affermare che:,nessun elefante barrisce,c’è almeno un elefante che non barrisce,ogni elefante non barrisce,,B,Logica,false,,,,2026-05-15 21:10:33.313064,false,
1778853432196-13,"Continuare la sequenza: REALIZZABILE, ESEGUIBILE:","CONSIDEREVOLE, DIFFUSO.","SUBITANEO, INEFFABILE.","POSSIBILE, FATTIBILE.",,C,Logica,false,,,,2026-05-15 21:10:33.313064,false,
1778853432196-14,Quale dei seguenti Paesi è logico eliminare dal gruppo proposto? NIGERIA - GIAPPONE - ETIOPIA - LIBIA - SENEGAL.,Senegal.,Etiopia.,Giappone.,,C,Logica,false,,,,2026-05-15 21:10:33.313064,false,
1778853432196-15,Complete the sentence by using one of the options given: My dad thanked me ______ finding his phone.,For.,Of.,On.,,A,Inglese,false,,,,2026-05-15 21:10:33.313064,false,
1778853432196-16,"Complete the sentence by using one of the options given: According to the school rules, all the students ______ wear a uniform.",Must.,Can.,Have to.,,A,Inglese,false,,,,2026-05-15 21:10:33.313064,false,
1778853432196-2,Quale è il nome dell'assistente virtuale in ambiente Windows 10 e 11?,Siri.,Cortana.,Alexa.,,B,Uso_delle_tecnologie,false,,,,2026-05-15 21:10:33.313064,false,
1778853432196-3,Quale delle seguenti funzioni di Excel è di tipo condizionale?,CONTA.,SOMMA.SE.,CONDIZIONE.CONTA.,,B,Uso_delle_tecnologie,false,,,,2026-05-15 21:10:33.313064,false,
1778853432196-7,"Se A=2, B=1, C=4, quale delle seguenti affermazioni è sicuramente vera?",B<A.,A>C.,B>C.,,A,Logica,false,,,,2026-05-15 21:10:33.313064,false,
1778853432196-8,Completate la frase in modo che le due proposizioni siano logicamente equivalenti. Chi fuma non si ama;  Tutti coloro che fumano ..... .,Si amano.,Non si amano.,Potrebbero non amarsi.,,B,Logica,false,,,,2026-05-15 21:10:33.313064,false,
1778853432196-9,"Quale dei termini proposti, inserito tra le parentesi, assume un significato associabile sia al termine che precede che a quello che segue: Proprietà ( ) Affetto.",Bene.,Uso.,Smanceria.,,A,Logica,false,,,,2026-05-15 21:10:33.313064,false,
1778853432197-17,Gli artt. 4 e 5 della l. n. 241/1990 disciplinano il processo di individuazione del responsabile del procedimento. La norma prevede:,"L’obbligo per la p.a. di determinare preventivamente, per ciascun tipo di procedimento, l’unità organizzativa responsabile dell’istruttoria, di ogni altro adempimento procedimentale, nonché dell’adozione del provvedimento finale. Tale determinazione va resa pubblica secondo quanto previsto dai singoli ordinamenti.","L’obbligo per la p.a. di determinare preventivamente, per ciascuna delle quattro fasi del procedimento, un responsabile, nonché l’obbligo in capo al dirigente di ciascuna unità organizzativa di nominare un responsabile per l’adozione del provvedimento finale. Tale determinazione non necessita di pubblicazione.","L’obbligo per la p.a. di determinare preventivamente, per ciascun tipo di procedimento, l’unità organizzativa responsabile dell’istruttoria, di ogni altro adempimento procedimentale, nonché dell’adozione del provvedimento finale. Tale determinazione non necessita di pubblicazione.",,A,Diritto_Amministrativo,false,,,,2026-05-15 21:10:33.313064,false,
1778853432197-18,"Secondo quanto previsto dall'art. 63 del decreto legislativo 165/2001 e ss.mm.ii, a chi sono devolute, in generale, tutte le controversie relative ai rapporti di lavoro alle dipendenze delle pubbliche amministrazioni di cui all'articolo 1, comma 2, del medesimo decreto?",Alla Corte dei Conti.,"Al giudice ordinario, in funzione di giudice del lavoro.",Al giudice amministrativo.,,B,Diritto_Amministrativo,false,,,,2026-05-15 21:10:33.313064,false,
1778853432197-19,Le pubbliche amministrazioni non possono conferire ai dipendenti incarichi:,se sono compresi nei compiti e doveri di ufficio,non compresi nei compiti e doveri di ufficio in nessun caso,"non compresi nei compiti e doveri di ufficio, che non siano espressamente previsti o disciplinati da legge o altre fonti normative, o che non siano espressamente autorizzati",,C,Diritto_Amministrativo,false,,,,2026-05-15 21:10:33.313064,false,
1778853432197-20,"In una rete di computer, è possibile stampare sulle stampanti connesse ad altri PC della rete?","Si, ma esclusivamente se la stampante locale è impegnata ad effettuare un'altra stampa","No, si possono usare solo le stampanti direttamente connesse al PC","Sì, se queste sono condivise",,C,Uso_delle_tecnologie,false,,,,2026-05-15 21:10:33.313064,false,
1778853432197-21,____ umbrella is this?,Whom,Who's,Whose,,C,Inglese,false,,,,2026-05-15 21:10:33.313064,false,
1778853432197-22,"Entro il 30 giugno di ciascun anno le amministrazioni di appartenenza sono tenute a comunicar per ciascuno dei propri dipendenti e distintamente per ogni incarico conferito o autorizzato, i compensi, relativi all'anno precedente",alla Regione di appartenenza,al Dipartimento della funzione pubblica,al Ministero della Transizione ecologica,,B,Diritto_Amministrativo,false,,,,2026-05-15 21:10:33.313064,false,
1778853432197-24,Rosaria è sorella di Arturo; Arturo è il figlio di Lucia; Lucia è la mamma di Antonio e di Rosaria; Diego è figlio di Arturo. Da tali premesse è possibile dedurre che:,Antonio è lo zio di Diego,Rosaria è sorella di Diego,Diego e Antonio sono fratelli,,A,Logica,false,,,,2026-05-15 21:10:33.313064,false,
1778853562753-1,Hai necessità di presentare un nuovo progetto ad un comitato di cittadini (o un'Associazione) particolarmente critica verso le soluzioni adottate dal tuo ufficio a prescindere. Quale potrebbe essere la modalità migliore per far comprendere la bontà delle vostre scelte come amministrazione?,Durante un incontro con il Comitato dei cittadini dimostri che il progetto nasce da loro istanze e che la proposta dell'amministrazione tiene conto esattamente delle loro esigenze. Ai limiti si può ricominciare da capo,Devi intanto reperire documentazione sulle ragioni che hanno spinto l'amministrazione ad intraprendere il nuovo progetto. Poi convochi un incontro con il Comitato dei cittadini e parti proprio da quelle che erano le loro osservazioni per mostrare la soluzione prospettata dall'azienda. Ti mostri aperto ad ascoltare il loro giudizio per modificare eventualmente in alcuni punti il progetto originario,Nell'incontro con il Comitato dei cittadini mostri i vantaggi che possono derivare dal progetto specie per loro. Il progetto del resto ha tenuto conto delle loro istanze come avrai modo di dimostrare loro,,,Situazionali,true,B,C,A,2026-05-15 21:10:33.313064,false,
1778853562753-2,"Da tempo, cerchi di contribuire al business aziendale proponendo idee e proposte al tuo capo, ma alcune volte ti ha detto “pare una buona idea”, ci penserò e ti farò sapere. Altre volte ti ha bocciato senza nemmeno leggere la tua proposta. Da che, hai pensato che ci siano problemi e quindi devi trovare una soluzione","Parlerò con il mio capo prima possibile, per capire quali problemi ci siano da parte sua sul mio conto e sulla mia professionalità","Ho deciso di non perdere più tempo nel formulare proposte e idee, tanto sono partite perse in partenza. Forse, siamo due personalità forti e decise, e quindi non ci potrà essere una soluzione","Continuerò a lavorare come ho fatto fino ad ora, prima o poi qualche mia idea verrà capita ed accettata",,,Situazionali,true,A,C,B,2026-05-15 21:10:33.313064,false,
1778853562753-3,"Questa mattina un tuo collaboratore, responsabile del settore organizzativo, è venuto nel tuo ufficio, e ti ha portato un documento su come si potrebbe migliorare una procedura di lavoro, che sostiene ci dovrebbe fare risparmiare sui costi","Mi complimento, ma per il momento cerchiamo di lavorare bene con le procedure messe a nostra disposizione, in futuro magari potrei mettere all’attenzione la proposta all’ufficio della direzione","Mi complimento per l’impegno del collaboratore nel suggerire come risparmiare sui costi, ma su questo esiste un ufficio specifico presso la direzione e anche una nostra proposta potrebbe essere vissuta come un invasione di campo","Mi complimento con il collaboratore per questa iniziativa, e propongo di sottoporla all’ufficio organizzazione della direzioni affinché possano decide sulla fattibilità",,,Situazionali,true,C,A,B,2026-05-15 21:10:33.313064,false,
1778853562754-4,Le aspettative per un riconoscimento al lavoro svolto ed agli obiettivi raggiunti spesso rimangono inevase. Tutto ciò genera lamentele nei tuoi collaboratori. Quali alternative proporre ed a chi per recuperare fiducia e motivazione al lavoro?,Parli con ciascuno di loro e sottolineando che il budget per incentivi monetari non ti consente l'erogazione di premi distribuisci attività di formazione che comunque non fa mai male,"Avrai avuto modo di conoscere le aspettative non monetarie di ciascuno. Su queste farai leva. Nei confronti di persone affidabili e di esperienze pensi di assegnare incarichi istituzionali e di prestigio, per i giovani corsi di formazione, per altri una maggior flessibilità lavorativa.",Cerchi di parlare con ciascuno di loro e gli dici che tu cerchi sempre di accontentarli ma purtroppo lo scarso budget e le logiche di politiche del personale non ti consentono di raggiungere il risultato che ti proponi. Bisogna andare avanti ed avere fiducia che prima o poi saranno ricompensati.,,,Situazionali,true,B,A,C,2026-05-15 21:10:33.313064,false,
1778853562754-5,Il team che coordini sta collaborando con un'altra squadra per portare a termine un lavoro. La responsabile dell'altra squadra critica molto spesso le tue scelte ed è evidente la ricerca dello scontro. Come ti comporti?,"Cerchi di non alimentare ulteriormente la polemica, ti sforzi di instaurare un dialogo con l'altra responsabile affrontandola anche privatamente",Cerchi di non prestare attenzione alle critiche e di concentrarti sul lavoro,Denunci alla direzione l'atteggiamento poco collaborativo dell'altra responsabile,,,Situazionali,true,A,B,C,2026-05-15 21:10:33.313064,false,
1778853562754-6,Nelle attività del tuo ufficio devi introdurre delle modifiche perché le tue attività si fanno più complesse per essere portate avanti da una sola persona ed è necessario rivedere le modalità di approccio a problemi sempre più complessi. Quali ipotesi sono da prendere in considerazione?,"Introduci una modalità di lavoro più partecipativa dati i problemi più complessi da affrontare. Riunioni di progetto settimanali, pianificazione delle attività, delega maggiore al personale più affidabile e competente.",Tra le attività cerchi di attribuire ad altri tuoi collaboratori quelle che ti chiedono più tempo e sforzo. Cerchi di tenere per te quelle che puoi sbrigare in grande quantità salvaguardando la tua funzione di rappresentanza.,Individui due collaboratori ad alta produttività e con competenze adeguate. A loro attribuisci le attività di maggior complessità con la mia stretta supervisione.,,,Situazionali,true,A,C,B,2026-05-15 21:10:33.313064,false,
1778853562754-7,Esiste nel tuo team un nucleo di 2-3 persone decisamente poco sensibili ai temi della diversity ed anzi con atteggiamenti speso ironici verso i colleghi da loro percepiti come diversi. Cosa puoi fare tu come capo per far comprendere il valore della diversity?,Richiamo i colleghi spiritosi e li minaccio di provvedimenti se li sento intervenire in maniera poco educata verso i loro colleghi.,Anzitutto parlo con ciascuno di loro per capire da dove deriva questo atteggiamento e fargli capire che è fuori luogo. In parallelo li iscrivo a un corso sul diversity management,Li iscrivo senz'altro ad un corso sul diversity management.,,,Situazionali,true,B,C,A,2026-05-15 21:10:33.313064,false,
1778853562754-8,"Da qualche giorno hai notato che una tua collega non ti saluta e, se ti incontra nei corridoi o negli spazi comuni, non alza neanche lo sguardo. Non hai idea del perché si stia comportando così. Come ti comporti?",Saluti tu la collega e richiami la sua attenzione quando fa finta di non vederti,Cerchi un confronto informale con la collega per capire il motivo del suo comportamento e se per caso hai fatto qualcosa che l'ha infastidita,"La ignori anche tu evitando di rivolgerti a lei, anche se si tratta di questioni di lavoro",,,Situazionali,true,B,A,C,2026-05-15 21:10:33.313064,false,
1778853566667-1,"Con riferimento alle fasi delle procedure di affidamento, a norma di quanto dispone il co. 1, art. 17 del d.lgs. n. 36/2023, con quale atto la stazione appaltante o l'ente concedente individua gli elementi essenziali del contratto?",Capitolato speciale d'appalto.,Atto di aggiudicazione definitiva.,Decisione a contrarre.,,C,Diritto_Amministrativo,false,,,,2026-05-15 21:10:33.313064,false,
1778853566667-10,Quale dei seguenti termini integra correttamente la serie: TALAMO - MODICA - CALORE - ..?..,Ruggito.,Regalo.,Rubare.,,B,Logica,false,,,,2026-05-15 21:10:33.313064,false,
1778853566667-11,Individua tra i seguenti un contrario di confusione:,trambusto,pandemonio,ordine,,C,Logica,false,,,,2026-05-15 21:10:33.313064,false,
1778853566667-2,Quale dei seguenti sistemi operativi per personal comuter è open source?,Catalina.,Ubuntu.,OSXSierra.,,B,Uso_delle_tecnologie,false,,,,2026-05-15 21:10:33.313064,false,
1778853566667-3,Quale delle seguenti applicazioni di office automation è opportuno utilizzare per redigere una lettera?,OpenOffice Writer.,Microsoft Power Point.,Numbers.,,A,Uso_delle_tecnologie,false,,,,2026-05-15 21:10:33.313064,false,
1778853566667-7,"Se 16 vetture su 50 devono essere sottoposte ad una revisione, quante vetture su 2300 dovrebbero essere sottoposte ad una revisione, mantenendo la stessa proporzione?",776.,756.,736.,,C,Logica,false,,,,2026-05-15 21:10:33.313064,false,
1778853566667-9,"Una frase è stata divisa in cinque parti, che successivamente sono state mescolate e che di seguito sono proposte in ordine casuale: [ 1) che le sue parole / 2) Il ragionier Gatti / 3) e non solo del capoufficio. / 4 ) non si accorgeva / 5) erano contro l'interesse di tutti ]. Ricomporre correttamente la frase.",4); 3); 1); 5); 2).,2); 4); 1); 5); 3).,5); 3); 1); 2); 4).,,B,Logica,false,,,,2026-05-15 21:10:33.313064,false,
1778853566668-13,Dito sta a ..?.. come ..?.. sta a Bracciale.,Anello - Polso.,Dita - Braccio.,Guanto - Collana.,,A,Logica,false,,,,2026-05-15 21:10:33.313064,false,
1778853566668-14,"Maria ha 17 anni, Francesco ha 6 anni in più di Maria ed Elisa ha 7 anni in meno di Francesco. 6 anni fa quale era l'età di Elisa e Francesco?",Francesco 11 anni e Elisa 9 anni.,Francesco 17 anni e Elisa 10 anni.,Francesco 15 anni e Elisa 8 anni.,,C,Logica,false,,,,2026-05-15 21:10:33.313064,false,
1778853566668-15,Complete the sentence by using one of the options given: Be sure to turn off the TV before you _______.,Is leaving.,Are leaving.,Leave.,,C,Inglese,false,,,,2026-05-15 21:10:33.313064,false,
1778853566668-16,Complete the sentence by using one of the options given: My friends and I were ______ so we went to the cinema.,Bore.,Boring.,Bored.,,C,Inglese,false,,,,2026-05-15 21:10:33.313064,false,
1778853566668-17,La sanzione del licenziamento disciplinare con preavviso è prevista dall'art. 55-quater del D.Lgs. 165/2001 per i casi di:,Reiterazione nell'ambiente di lavoro di gravi condotte aggressive o moleste o minacciose o ingiuriose o comunque lesive dell'onore e della dignità personale altrui.,"Falsa attestazione della presenza in servizio, mediante l'alterazione dei sistemi di rilevamento della presenza o con altre modalità fraudolente, ovvero giustificazione dell'assenza dal servizio mediante una certificazione medica falsa o che attesta falsamente uno stato di malattia.","Reiterata violazione di obblighi concernenti la prestazione lavorativa, che abbia determinato l'applicazione, in sede disciplinare, della sospensione dal servizio per un periodo complessivo superiore a un anno nell'arco di un biennio;.",,C,Diritto_Amministrativo,false,,,,2026-05-15 21:10:33.313064,false,
1778853566668-18,Le modalità di esercizio del diritto di accesso sono disciplinate dall’art. 25 della legge n. 241/1990 e dal relativo regolamento. Se l’istanza è accolta:,Il diritto di accesso si esercita solo mediante esame di copia presso l’amministrazione che detiene i documenti amministrativi; l’esame dei documenti è gratuito.,"Il diritto di accesso si esercita mediante esame e estrazione di copia dei documenti amministrativi, nei modi e con i limiti indicati dalla legge; l’esame dei documenti è sempre a titolo oneroso.","Il diritto di accesso si esercita mediante esame e estrazione di copia dei documenti amministrativi, nei modi e con i limiti indicati dalla legge; l’esame dei documenti è gratuito.",,C,Diritto_Amministrativo,false,,,,2026-05-15 21:10:33.313064,false,
1778853566668-19,"Le disposizioni sull'incompatibilità, cumulo di impieghi e incarichi di cui all'art. 53, co. da 7 a 13 del TU del pubblico impiego si applicano anche ai dipendenti con rapporto di lavoro a tempo parziale?","Si, se la prestazione lavorativa è superiore al 40% di quella a tempo pieno.","Si, se la prestazione lavorativa è superiore al 50% di quella a tempo pieno.","Si, se la prestazione lavorativa è superiore al 30% di quella a tempo pieno.",,B,Diritto_Amministrativo,false,,,,2026-05-15 21:10:33.313064,false,
1778853581309-1,"Un giorno si sono presentati due colleghi nel tuo ufficio, evidenziando il loro disappunto e il loro complesso di emarginazione per essere scarsamente coinvolti sulle strategie dell’Unità Organizzativa","Tali informazioni è bene riservarle per i ruoli di responsabilità, perché queste si presentano così articolate e delicate, che è difficile diffonderle su tutti i ruoli","Ascolto le ragioni dei collaboratori, e accolgo con favore le loro rimostranze, in quanto le strategie devono essere comunque messe a comune con tutti coloro che partecipano alla loro realizzazione",Faccio presente che questa tipologia di informazioni vengono date in base ai ruoli e ai compiti che ciascuno svolge nell’Unità Organizzativa,,,Situazionali,true,B,C,A,2026-05-15 21:10:33.313064,false,
1778853581309-2,"I messaggi e gli obiettivi che trasmetti ai tuoi colleghi , non ti sembrano concretizzarsi a pieno nelle relative azioni messe in atto","Abbiamo dei compiti inderogabili e pressanti, è proprio necessario, riunire tutti i colleghi e con decisione, senza perdere tanto tempo, comunicare che questi devono essere realizzati, prima di assumere altre decisioni sul loro conto","Approfondirò la problematica e parlerò solo con chi ha dimostrato una maggiore difficoltà nel realizzare gli obiettivi, del resto sono aspetti individuali e non riguardano la squadra","Voglio sentirli tutti insieme, per conoscere gli eventuali problemi che incontrano nel realizzare gli obiettivi. Questo richiederà un po’ di tempo, ma forse è necessario",,,Situazionali,true,C,B,A,2026-05-15 21:10:33.313064,false,
1778853581309-3,Una vostra collaboratrice spesso viene contattata direttamente dal vostro superiore gerarchico mettendola in forte imbarazzo. Quali parole possono farla sentire più serena e fiduciosa nei vostri confronti?,Dottoressa non si preoccupi se il mio superiore la contatta. Lei mi dica sempre quello che le dice e prima di fare qualsiasi cosa chieda il mio parere.,Usi parole che attenuino l'ansia della tua collaboratrice. Gli fai però capire che le sarai grato se la mettessi al corrente dei colloqui con il vostro superiore.,Assumi un atteggiamento franco e fiducioso verso la tua collaboratrice. La tranquillizzi circa il tuo atteggiamento verso di lei e lasci che sia lei stessa quando e se vuole a parlarti e ad allinearti. Parli poi della questione con il tuo superiore per trovare un modo che rassicuri la collega.,,,Situazionali,true,C,B,A,2026-05-15 21:10:33.313064,false,
1778853581309-4,Nella precedente organizzazione del tuo ufficio alcune attività venivano svolte contemporaneamente da due persone. Tuttavia adesso lo scenario è mutato ed il carico di lavoro risulta adeguato per una sola persona. Su cosa e come intervenire?,"Meglio tenersi la persona più affidabile, l'altra, con cui avrai un colloquio chiarificatore, sarà destinata ad altri incarichi altrove.",Farai una valutazione oggettiva dei profili delle due persone in relazione alle attività che gestiscono. Ti orienterai su quella le cui competenze meglio si confanno a queste ultime. L'altra risorsa di cui valuterai le potenzialità di utilizzo diverso in altre funzioni aziendali sarà da te presentata adeguatamente al capo del personale per una sua valorizzazione,Cerchi di assegnare le attività della persona con maggior anzianità alla persona più giovane. Con entusiasmo e buona volontà sarà in grado di assorbire i nuovi carichi finora gestiti dall'altra.,,,Situazionali,true,B,C,A,2026-05-15 21:10:33.313064,false,
1778853581309-5,È arrivata nel tuo gruppo una signora di orientamento sessuale diverso e te lo ha comunicato nel suo colloquio di assunzione. Come potrebbe avvenire al meglio la sua inclusione nel tuo team?,"Nel modo assolutamente consueto con cui hai di recente introdotto nuovi collaboratori: presentandola al tuo ufficio, illustrando i compiti cui sarà assegnata e evidenziando gli studi fatti. Avrai cura di seguirne a distanza l'inserimento nel team e verificherai che da parte di tutti vi sia piena accoglienza e collaborazione pronto ad intervenire a livello individuale con coloro che dovessero fare ironie o battute",Va introdotta presentandola a tutti in modo semplice senza forzature. Se poi lei verrà a lamentarsi di qualche cosa prenderai provvedimenti con chi farà dell'ironia.,Meglio tacere e far finta di niente. I colleghi lo scopriranno per loro conto.,,,Situazionali,true,A,B,C,2026-05-15 21:10:33.313064,false,
1778853581309-6,"Sei il coordinatore di un gruppo di lavoro. Uno dei tuoi collaboratori, nonostante riesca sempre a portare a termine i suoi impegni lavorativi, è una fonte continua di malessere, poiché non perde occasione di prendere in giro i colleghi e commenta sarcasticamente tutto quello che viene detto. Come ti comporti?","Segnali il comportamento del collaboratore al direttore generale, affiché lui prenda provvedimenti","Convochi il collaboratore, elogi le sue doti lavorative e i risultati ottenuti, ma gli fai presente che il suo valore lavorativo diminuisce a causa del suo comportamento che a volte ferisce le persone a cui sono rivolti i suoi commenti",Convochi il collaboratore e lo preghi di cambiare atteggiamento poiché risulta offensivo e fastidioso,,,Situazionali,true,B,C,A,2026-05-15 21:10:33.313064,false,
1778963702251-1,La riunioni periodiche ti servono tra l'altro anche per consentire a tutti di potersi esprimere. Purtroppo molti tacciono anche se in privato si fanno sentire con osservazioni e critiche verso questo o quello. Cosa pensi di fare per ovviare a questa situazione spiacevole?,Durante una riunione periodica del tuo ufficio manifesti il tuo disappunto per la chiacchere di corridoio e che i tuoi collaboratori devono avere il coraggio di dirti le cose in faccia.,A questo punto convochi ad uno ad uno i tuoi collaboratori e gli chiedi di esporti come valutano l'ultima riunione. Li inviti a scriverti i loro pareri in sintesi e brevemente. Gli anticipi che nel corso della prossima riunione ognuno dovrà esprimersi e magari cominciando da quanto ti hanno esposto. Per darti informazioni che consentano di rendere migliore e più produttiva l'attività c'è bisogno della collaborazione di tutti,Convochi personalmente i tuoi collaboratori prima della prossima riunione. Gli fai capire che il loro silenzio durante gli incontri collegiali non ti aiuta e non li aiuta. La prossima volta quindi si preparino a dire qualcosa sul tema della riunione preparandosi e dandoti elementi per valutare quanto l'ufficio sta facendo e come migliorarne le produttività.,,,Situazionali,true,B,C,A,2026-05-16 20:35:02.466882,false,
1778963702251-2,Un collega si sfoga con te poiché svolge attività a supporto di diversi reparti e sente di non avere un ruolo definito. Nell'ultimo periodo inoltre è stato oggetto di critiche da parte di altri colleghi per le sue modalità lavorative. Cosa gli suggerisci?,Gli suggerisci di dare le dimissioni,Gli suggerisci di farsi assegnare dal dirigente un ruolo definito in un settore in cui si senta competente così da poter svolgere serenamente il suo lavoro,Gli suggerisci di non badare alle critiche e aver cura soltanto di svolgere bene il suo lavoro,,,Situazionali,true,B,C,A,2026-05-16 20:35:02.466882,false,
1778963702251-3,Nel tuo team ci sono diversi collaboratori ambiziosi e competitivi che si vogliono mettere in mostra ma possono creare problemi al lavoro e all'unità del tuo team,Parlerò singolarmente con i colleghi cercando di contenere le ambizioni di alcuni e motivare quelli che appaiono più statici,Per il momento lascio le cose come stanno tanto ogni collega ha le proprie caratteristiche professionali e di questo ne sono tutti consci,È importante che ci siano colleghi ambiziosi e determinati del resto nelle squadre c'è chi segna e chi serve l'assist però voglio sollevare questa problematica e cercare di recuperare tutti per farli sentire importanti ognuno nel suo ruolo,,,Situazionali,true,C,A,B,2026-05-16 20:35:02.466882,false,
1778963702251-4,Stai svolgendo un tirocinio in una multinazionale. Il tuo contratto è in scadenza e non ti hanno ancora comunicato se il rapporto di lavoro proseguirà o meno. Come ti comporti?,Chiedi al tuo diretto responsabile se può chiedere alle risorse umane quale sarà il tuo futuro in azienda,Non c'è niente che tu possa fare attendi che ti facciano sapere qualcosa,Chiedi di avere un colloquio con il responsabile delle risorse umane per sapere se il rapporto lavorativo proseguirà o meno in modo che tu possa organizzarti,,,Situazionali,true,C,A,B,2026-05-16 20:35:02.466882,false,
1778963702251-5,Ti è stata fatta la proposta per un nuovo incarico ma non ritieni di essere portato a quel tipo di ruolo. Come replichi al Responsabile del Personale perché mantenga di te un'opinione favorevole e magari ti tenga in considerazione per proposte future?,Dopo aver ringraziato il capo del personale parli della carenza di competenze rispetto a quelle previste dal nuovo incarico. Sarebbe un rischio lasciare il tuo attuale ruolo dove hai dimostrato di poter conseguire obbiettivi e gestire il personale.,Guardi Dottore la ringrazio ma davvero non sono in grado di assumere quell'incarico. È lontanissimo dalle mie caratteristiche,Anzitutto ringrazi per aver pensato a te. Esponi in maniera franca e diretta che alcune caratteristiche mal si confanno al profilo del nuovo ruolo. Dichiari di essere soddisfatto del tuo incarico ma di essere pronto a cambiarlo qualora un nuovo ruolo fosse maggiormente conforme al tuo profilo personale ed alle competenze detenute. Ti lasci da ultimo la possibilità di accettare comunque la sfida.,,,Situazionali,true,C,A,B,2026-05-16 20:35:02.466882,false,
1778963702251-6,Ogni tanto si verificano tensioni tra due colleghi del tuo ufficio riguardo al modo di operare. Alla fine però riescono a trovare la soluzione più corretta ed efficace presentandotela insieme. Vi è quindi un'alternanza di comportamenti da gestire. Come?,li convoco uno ad uno e dico l'un l'altro che non va bene mostrare agli altri un disaccordo quando poi alla fine si mettono d'accordo.,Li convochi insieme per commentare ed apprezzare un lavoro da loro presentato. Con l'occasione gli chiedi come percepisci che vi sia tensione tra loro. Ascolti le loro risposte e cerchi di condividere con loro stessi un modo meno irruento di comportamento specie in presenza di altri.,Li convochi gli dici chiaramente che sei soddisfatto del lavoro svolto ma che il loro comportamento a volte genera sconcerto negli altri. Devi stare quindi attento e se qualcosa non va che ne parlino con te prima di sfociare una litigata.,,,Situazionali,true,B,C,A,2026-05-16 20:35:02.466882,false,
1778963702251-7,Una mamma di rientro dalla maternità…,Probabilmente ha bisogno di flessibilità ed un buon work life balance,È una persona fragile che necessita di aiuto psicologico,Probabilmente ha bisogno di attività meno complesse per favorirne il rientro a lavoro,,,Situazionali,true,A,C,B,2026-05-16 20:35:02.466882,false,
1778963702251-8,Da qualche giorno hai notato che una tua collega non ti saluta e se ti incontra nei corridoi o negli spazi comuni non alza neanche lo sguardo. Non hai idea del perché si stia comportando così. Come ti comporti?,Cerchi un confronto informale con la collega per capire il motivo del suo comportamento e se per caso hai fatto qualcosa che l'ha infastidita,Saluti tu la collega e richiami la sua attenzione quando fa finta di non vederti,La ignori anche tu evitando di rivolgerti a lei anche se si tratta di questioni di lavoro,,,Situazionali,true,A,B,C,2026-05-16 20:35:02.466882,false,
1778963767081-1,La proposta sulla quale hai lavorato con il tuo team non è passata al vaglio del superiore gerarchico. Come comunichi la tua notizia ai tuoi collaboratori?,Ragazzi ha deciso lui. C'è poco da fare.,Li convochi e gli illustri le ragioni che ti sono state addotte per il rifiuto della proposta. Contestualizzi tuttavia il rifiuto ricevuto che fa salva la qualità apprezzata della proposta e il valore del contributo di tutti coloro che vi hanno lavorato,Convochi i tuoi collaboratori cercando di indorare la pillola e adducendo motivi del tipo I tempi non sono ancora maturi.,,,Situazionali,true,B,C,A,2026-05-16 20:36:07.523661,false,
1778963767081-2,Finora ti sei appoggiato per il disbrigo di certe attività specialistiche ad una collaboratrice con diversi anni di anzianità di servizio sempre affidabile e competente. I nuovi flussi di lavoro che vi sono stati assegnati non consentono più alla collega il loro assorbimento. Non ti sarà assegnata una nuova risorsa. Quali interventi sono prioritariamente da effettuare?,Parli con la tua collaboratrice dell'impatto dei nuovi flussi di lavoro e condividi con lei la necessità di affiancarla ad una nuova risorsa che individuerete insieme tra i tuoi attuali collaboratori.,L'intervento consiste nel convocare la collega e in nome dell'interesse dell'ufficio chiedergli di fare uno sforzo per assorbire le nuove attività. Con la buona volontà si ottiene tutto!,Hai già individuato una nuova risorsa da affiancare alla tua collaboratrice quindi la informi che d'ora in avanti dovrà istruire questa persona nelle sue attività per poterle assorbire al meglio.,,,Situazionali,true,A,C,B,2026-05-16 20:36:07.523661,false,
1778963767081-3,Nella tua unità operativa c'è un collaboratore con disabilità; è sempre stato un po' isolato dai processi decisionali e ora con lo smartworking questo fenomeno è ancora più accentuato. Cosa fai?,Lo esorto ad essere più partecipe nel gruppo e cerco di diminuire i giorni in smart working così che possa avere maggiori contatti con i colleghi.,Cerco di capire se è nelle sue aspettative continuare a usufruire dello smart working e in quali modalità; in parallelo lo coinvolgo di più e creo dei momenti informali (es. prima di una riunione da remoto) per favorire lo scambio di idee tra colleghi.,Individuo incarichi e attività che può svolgere più in autonomia.,,,Situazionali,true,B,A,C,2026-05-16 20:36:07.523661,false,
1778963767082-4,Sei intervenuto durante una accesa lite davanti alla macchinetta del caffè tra un tuo collaboratore e quello di un'altra struttura. Come intervenire per calmare gli animi?,Proteggi il tuo collaboratore e minacci l'altro di parlarne al suo capo.,Chiedi ad entrambi di non dare spettacolo e porti via il tuo collaboratore. A parte lo rimprovererai. Chiamerai l'altro responsabile e lo pregherai di fare altrettanto.,Inviti entrambi alla calma. Cerchi di portare il discorso su di un altro argomento. Ti fermi a prendere un caffè anche tu. Poi in separata sede segnali al tuo collaboratore di evitare discussioni. Alla prima occasione utile parlerai poi con il capo dell'altro collega per riferirgli l'episodio pregandolo di richiamarlo ma di smorzare l'evento che deve rimanere episodico,,,Situazionali,true,C,B,A,2026-05-16 20:36:07.523661,false,
1778963767082-5,Dirigi diversi uffici e hai notato una forte competizione inutile e distruttiva tra le persone. Non vuoi favorire nessun gruppo ma devi intervenire. Già come?,Indici una riunione tra i tuoi responsabili di ufficio dici loro che il risultato del tuo dipartimento dipende dall'armonia e collaborazione che ci deve essere tra loro. Chi non si comporterà adeguatamente sarà valutato negativamente in sede di valutazione performance.,Convochi una riunione tra i tuoi capiufficio. Li inviti ad essere trasparenti l'un l'altro in quanto questo aspetto è fondamentale per il buon andamento ed il risultato dell'intero dipartimento. Sarà tua cura che la sana competizione non degeneri in un ostacolo al risultato collettivo.,Indici una riunione tra i responsabili degli uffici che dirigi. Dimostri loro che i risultati che ci si aspettano da loro sono assolutamente complementari e che il buon andamento di un'attività viene totalmente vanificato se quella precedente e successiva non vengono adeguatamente perseguite. Non c'è gara e tra di loro ti aspetti trasparenza e condivisione.,,,Situazionali,true,C,B,A,2026-05-16 20:36:07.523661,false,
1778963767082-6,Ti è stata dai tuoi collaboratori segnalata una difficoltà nel conseguire un certo obiettivo. Si tratta dato che è mutato il contesto di modificarlo. Quale potrebbe essere il modo più efficace per superare l'ostacolo e chi se ne dovrebbe far carico?,La responsabilità di una analisi sull'effettivo cambiamento di contesto è tua. Si tratta di fare una relazione sugli scenari e sulla necessità di modifica degli obiettivi assegnati in precedenza. Prendi un appuntamento con il responsabile dell'ufficio che assegna gli obiettivi e sulla base di questi scenari condividi in che misura modificare l'obiettivo precedente attestandoti su di un valore sfidante ma accessibile.,Si tratta di andare a parlare con il responsabile dell'ufficio che assegna gli obiettivi. È una faccenda che non ritieni di affrontare di persona ma mandi il tuo collaboratore più affidabile e rappresentativo.,Dopo aver parlato con i tuoi e cercato di capire a quale livello potrebbe essere auspicabile modificare l'obiettivo prendi appuntamento con il responsabile dell'ufficio che assegna gli obiettivi e ti batti per arrivare a quel livello.,,,Situazionali,true,A,C,B,2026-05-16 20:36:07.523661,false,
1778963767082-7,Nel tuo team si ricerca la qualità del servizio verso il cliente finale mentre appare più trascurato il servizio alle unità organizzative all'interno dell'azienda,Vedrò di farlo presente ai colleghi purtroppo in questo periodo abbiamo tanto lavoro e non c'è il tempo necessario per affrontare questa problematica,Propongo un incontro con loro per trasmettere l'importanza di curare il servizio interno perché è importante per fornire un servizio migliore al cliente finale,L'importante per il nostro business è curare il servizio al cliente finale e tutto sommato mi interessa che i miei colleghi siano focalizzati su questo,,,Situazionali,true,B,A,C,2026-05-16 20:36:07.523661,false,
1778963783489-1,In quale barra dell'ambiente Windows è collocato l'orologio di sistema?,Barra dei menù.,Barra di stato.,Barra delle applicazioni.,,C,Uso_delle_tecnologie,false,,,,2026-05-16 20:36:23.668415,false,
1778963783489-10,Individua tra i seguenti un sinonimo del termine colmare:,sgomberare,riempire,svuotare,,B,Logica,false,,,,2026-05-16 20:36:23.668415,false,
1778963783489-11,In ambito comunitario in una procedura aperta di gara:,chiunque può presentare un'offerta completa,possono partecipare soltanto coloro che sono stati preselezionati potranno presentare un'offerta.,non può mai essere utilizzata,,A,Diritto_Amministrativo,false,,,,2026-05-16 20:36:23.668415,false,
1778963783489-12,Il raggruppamento di almeno tre soggetti che con decisione assunta dai rispettivi organi deliberativi abbiano stabilito di operare in modo congiunto nel settore dei contratti pubblici per un periodo di tempo non inferiore a 5 anni istituendo a tal fine una comune struttura di impresa costituisce un consorzio:,Temporaneo (art. 65 d.lgs. n. 36/2023).,Stabile (art. 65 d.lgs. n. 36/2023).,Di idee (art. 65 d.lgs. n. 36/2023).,,B,Diritto_Amministrativo,false,,,,2026-05-16 20:36:23.668415,false,
1778963783489-13,A noma del disposto di cui all'art. 106 d.lgs. n. 36/2023 - Garanzie per la partecipazione alla procedura – quanti giorni di efficacia deve avere la garanzia provvisoria dalla data di presentazione dell'offerta?,Almeno 180 giorni.,Almeno 60 giorni.,A tempo indeterminato.,,A,Diritto_Amministrativo,false,,,,2026-05-16 20:36:23.668415,false,
1778963783489-14,Su quale organo grava il compito di chiedere il rilascio di dichiarazioni e la rettifica di dichiarazioni o istanze erronee o incomplete (art. 6 l. n. 241/1990)?,Sempre all'organo di vertice dell'amministrazione.,Al RPA (Responsabile del Procedimento Amministrativo).,Al dirigente dell'UO cui il procedimento fa capo salvo che la competenza non sia attribuita ad altro organo dall'organo politico dell'amministrazione.,,B,Diritto_Amministrativo,false,,,,2026-05-16 20:36:23.668415,false,
1778963783489-2,A cosa serve il Thesaurus in Microsoft Word?,A ricercare sinonimi e contrari.,A fare la correzione ortografica.,A creare indici e sommario.,,A,Uso_delle_tecnologie,false,,,,2026-05-16 20:36:23.668415,false,
1778963783489-3,Se il valore di A è 24 diviso 4 quello di B è 48 diviso 8 e quello di C è 18 diviso 3 a quanto equivale A meno B più C?,6.,0.,8.,,B,Logica,false,,,,2026-05-16 20:36:23.668415,false,
1778963783489-4,Se il tennis è uno sport e Elvira non gioca a tennis si può logicamente concludere che:,Elvira non ama il gioco del tennis.,Elvira non va mai a vedere una partita di tennis.,Nessuna delle altre risposte contiene conclusioni che possono essere logicamente dedotte dalle due affermazioni proposte.,,C,Logica,false,,,,2026-05-16 20:36:23.668415,false,
1778963783489-5,Se nessun giaguaro è un erbivoro e alcuni giaguari sono felini si può logicamente concludere che:,Tutti i felini sono giaguari.,Non tutti i giaguari sono erbivori.,Alcuni felini non sono giaguari.,,C,Logica,false,,,,2026-05-16 20:36:23.668415,false,
1778963783489-6,Se su 50 auto presenti in un parcheggio 25 sono di colore blu 12 sono bianche e 13 rosse la percentuale di auto rosse è del:,26%.,52%.,13%.,,A,Logica,false,,,,2026-05-16 20:36:23.668415,false,
1778963783489-7,Su tre facce di di un cubo sono visibili le lettere UTA. Quale parola può essere pertanto scritta sulle sei facce?,SALITA.,CEDUTE.,QUATTA.,,A,Logica,false,,,,2026-05-16 20:36:23.668415,false,
1778963783489-8,Se PERSONA < FOLLA allora....,UCCELLO > STORMO.,STELLA > COSTELLAZIONE.,ANATRA < STORMO.,,C,Logica,false,,,,2026-05-16 20:36:23.668415,false,
1778963783489-9,Calcolando 1/4 della somma di 1/4 di 8 e di 1/6 di 12 si ottiene:,1,3.,0,6.,A,Logica,false,,,,2026-05-16 20:36:23.668415,false,
1778963783490-15,Delega avocazione e sostituzione sono istituti che determinano lo spostamento dell'esercizio della competenza. L'avocazione:,È l'atto mediante il quale un organo gerarchicamente superiore decide di esercitare un potere attribuito alla competenza di un organo inferiore per motivi di interesse pubblico e indipendentemente dall'inadempimento dell'organo istituzionalmente competente.,È un atto amministrativo di tipo organizzatorio per effetto del quale un organo o un ente conferisce unilateralmente ad un altro organo o a un altro ente il potere di provvedere in ordine a una determinata materia rientrante nella propria competenza.,Comporta l'esercizio di un potere da parte di un organo diverso da quello cui il potere stesso è attribuito e presuppone sempre un'inerzia del sostituito.,,A,Diritto_Amministrativo,false,,,,2026-05-16 20:36:23.668415,false,
1778963783490-16,Unilateralità tipicità e nominatività imperatività/autoritarietà inoppugnabilità efficacia e esecutività sono i caratteri propri del provvedimento amministrativo. Quale dei citati caratteri segnala che il provvedimento non ha bisogno del concorso della volontà dei destinatari per esistere?,Tipicità.,Esecutività.,Unilateralità.,,C,Diritto_Amministrativo,false,,,,2026-05-16 20:36:23.668415,false,
1778963783490-17,Entro il 30 giugno di ciascun anno le amministrazioni di appartenenza sono tenute a comunicar per ciascuno dei propri dipendenti e distintamente per ogni incarico conferito o autorizzato i compensi relativi all'anno precedente,al Ministero della Transizione ecologica,alla Regione di appartenenza,al Dipartimento della funzione pubblica,,C,Diritto_Amministrativo,false,,,,2026-05-16 20:36:23.668415,false,
1778963783490-18,In una rete di computer è possibile stampare sulle stampanti connesse ad altri PC della rete?,No si possono usare solo le stampanti direttamente connesse al PC,Si ma esclusivamente se la stampante locale è impegnata ad effettuare un'altra stampa,Sì se queste sono condivise,,C,Uso_delle_tecnologie,false,,,,2026-05-16 20:36:23.668415,false,
1778963783490-20,Complete the sentence by using one of the options given: John and David haven't bought the airplane tickets ________.,Ever.,Never.,Yet.,,C,Inglese,false,,,,2026-05-16 20:36:23.668415,false,
1778963783490-21,Complete the sentence by using one of the options given: Sarah would like to meet people ______ have the same interests as her.,Which.,When.,Who.,,C,Inglese,false,,,,2026-05-16 20:36:23.668415,false,
1778963791144-1,A norma del disposto di cui all'art. 14 del d.lgs. n. 36/2023 ai fini dell'applicazione del Codice a far data del 1° gennaio 2024 per gli appalti pubblici di lavori la soglia di rilevanza europea è:,Euro 5.538.000.,Euro 6.148.000.,Euro 3.148.000.,,A,Diritto_Amministrativo,false,,,,2026-05-16 20:36:31.333749,false,
1778963791144-2,A norma del disposto di cui al co. 5 art. 35 della Direttiva n. 2014/24/UE sono considerate irregolari le offerte:,Che sono state ricevute in ritardo.,Il cui prezzo supera l'importo posto dall'amministrazione aggiudicatrice a base di gara stabilito e documentato prima dell'avvio della procedura di appalto.,Presentate da offerenti che non possiedono la qualificazione necessaria.,,B,Diritto_Amministrativo,false,,,,2026-05-16 20:36:31.333749,false,
1778963791144-3,A norma di quanto dispone il co. 1 art. 17 del d.lgs. n. 36/2023 in quale momento le stazioni appaltanti e gli enti concedenti individuano gli elementi essenziali del contratto?,Dopo l'avvio delle procedure di affidamento.,Immediatamente prima della stipula del contratto.,Prima dell'avvio delle procedure di affidamento.,,C,Diritto_Amministrativo,false,,,,2026-05-16 20:36:31.333749,false,
1778963791145-10,Un consiglio illuminato è....,Sapiente edotto.,Benevolo spassionato.,Oscuro confuso.,,A,Logica,false,,,,2026-05-16 20:36:31.333749,false,
1778963791145-11,Individua tra i seguenti un contrario di oculato:,incauto,avveduto,accorto,,A,Logica,false,,,,2026-05-16 20:36:31.333749,false,
1778963791145-12,Supponendo che: la distanza stradale tra Bergamo e Brescia è 54 km tra Brescia e Como 90 km tra Como e Milano 53 km. Quanti km vengono percorsi da Bergamo a Milano?,Km 143.,Km 144.,Km 197.,,C,Logica,false,,,,2026-05-16 20:36:31.333749,false,
1778963791145-13,Negare la frase Almeno uno degli hotel di Sorrento ha la piscina significa affermare che:,a Sorrento non vi sono hotel,a Sorrento nessun hotel ha la piscina,a Sorrento tutti gli hotel hanno la piscina,,B,Logica,false,,,,2026-05-16 20:36:31.333749,false,
1778963791145-14,Godono dell'aspettativa per mandato (art. 68 D.Lgs. n. 165/2001) i dipendenti delle pubbliche amministrazioni eletti al Parlamento europeo?,No godono dell'aspettativa per mandato solo i dipendenti eletti al Parlamento nazionale.,Si godono dell'aspettativa per mandato solo i dipendenti eletti al Parlamento europeo.,Si.,,C,Diritto_Amministrativo,false,,,,2026-05-16 20:36:31.333749,false,
1778963791145-15,I dipendenti pubblici possono svolgere incarichi retribuiti ?,non possono mai svolgere incarichi retribuiti,Si sempre basta comunicarlo,non possono svolgere incarichi retribuiti che non siano stati conferiti o previamente autorizzati dall'amministrazione di appartenenza,,C,Diritto_Amministrativo,false,,,,2026-05-16 20:36:31.333749,false,
1778963791145-16,Secondo le disposizioni dell'art. 52 del decreto legislativo n. 165/2001 in quali casi il prestatore di lavoro può essere adibito a mansioni proprie della qualifica immediatamente superiore?,Per obiettive esigenze di servizio nel solo caso di vacanza di posto in organico per non più di tre mesi prorogabili fino a sei qualora siano state avviate le procedure per la copertura dei posti vacanti.,In nessun caso.,Per obiettive esigenze di servizio nei soli casi di vacanza di posto in organico per non più di sei mesi prorogabili fino a dodici qualora siano state avviate le procedure per la copertura dei posti vacanti e di sostituzione di altro dipendente assente con diritto alla conservazione del posto con esclusione dell'assenza per ferie per la durata dell'assenza.,,C,Diritto_Amministrativo,false,,,,2026-05-16 20:36:31.333749,false,
1778963791145-19,Complete the sentence by using one of the options given: It's high time I ________ a new skirt.,Buy.,Buying.,Bought.,,C,Inglese,false,,,,2026-05-16 20:36:31.333749,false,
1778963791145-20,Il Regolamento delegato n. 2023/2495 della Commissione del 15 novembre 2023 modifica la direttiva 2014/24/UE del Parlamento europeo e del Consiglio per quanto riguarda,le soglie degli appalti pubblici di forniture servizi e lavori e,gli aspetti sociali negli appalti pubblici di cui è una guida,il funzionamento dell'UE,,A,Diritto_Amministrativo,false,,,,2026-05-16 20:36:31.333749,false,
1778963791145-4,Il mouse è un dispositivo di:,Selezione di dati,Puntamento e selezione,Visualizzazione di dati,,B,Uso_delle_tecnologie,false,,,,2026-05-16 20:36:31.333749,false,
1778963791145-5,Quale tra le seguenti tecnologie di connessione internet è più veloce garantendo una connessione fibra dal cabinet a casa?,FTTC.,FTTH.,FWA.,,B,Uso_delle_tecnologie,false,,,,2026-05-16 20:36:31.333749,false,
1778963791145-6,Quale animale tra quelli indicati nelle risposte inserirebbe nella seguente serie? Spinone - Terranova - Cocker - Boxer.,Alano.,Angora.,Cavia.,,A,Logica,false,,,,2026-05-16 20:36:31.333749,false,
1778963791145-7,Se dividiamo tre dozzine di uova fra due amici quante uova riceveranno ciascuno?,36.,24.,18.,,C,Logica,false,,,,2026-05-16 20:36:31.333749,false,
1778963791145-8,Volante sta a ..?.. come Manubrio sta a ..?...,Aereo - Auto.,Auto - Bicicletta.,Aquilone - Motoscafo.,,B,Logica,false,,,,2026-05-16 20:36:31.333749,false,
1778963791145-9,"Se ""cataplasma"" sta a ""persona noiosa"" allora ""invasato"" sta a ""persona:",Svogliata,,Ingenua,Ossessionata.,D,Logica,false,D,,,2026-05-16 20:36:31.333749,false,
1778965316878-1,A norma del disposto di cui all'art. 33 della Direttiva n. 2014/24/UE la durata di un accordo quadro salvo in casi eccezionali debitamente motivati in particolare dall'oggetto dell'accordo quadro non più superare:,I quattro anni.,I due anni.,Gli otto anni.,,A,Diritto_Amministrativo,false,,,,2026-05-16 21:01:57.201234,false,
1778965316878-10,..?.. sta a Noce come Rosso sta a ..?...,Tinta - Pittura.,Marrone - Ciliegia.,Frutta - Colore.,,B,Logica,false,,,,2026-05-16 21:01:57.201234,false,
1778965316878-11,Se A x B = 24 C x D = 32 B x D = 48 e B x C = 24 quanto fa A x B x C x D?,824.,744.,768.,,C,Logica,false,,,,2026-05-16 21:01:57.201234,false,
1778965316878-12,Se 7 sta a GASTROENTEROLOGO allora 6 sta a ..?..,INCONTAMINATEZZA.,ANTISOMMERGIBILE.,PORTAFAZZOLETTI,,B,Logica,false,,,,2026-05-16 21:01:57.201234,false,
1778965316878-13,Negare la frase Ogni donna ama i tulipani rossi significa affermare che:,c'è almeno una donna che non ama i tulipani rossi,se un essere umano non ama i tulipani rossi allora non è una donna,ogni donna non ama i tulipani rossi,,A,Logica,false,,,,2026-05-16 21:01:57.201234,false,
1778965316878-14,Tra gli atti propulsivi del procedimento la contestazione:,È un atto con il quale si invitano gli interessati a presentare le proprie deduzioni o giustificazioni in merito a fatti o comportamenti che costituiscono violazione di obblighi normativi.,È un atto con il quale si intima ad un soggetto di svolgere una determinata attività o di astenersi da un determinato comportamento previsto dalla legge.,È un atto con cui la pubblica amministrazione non si limita a richiedere l'apertura di un procedimento ma esprime un giudizio anche sul contenuto da dare all'atto finale.,,A,Diritto_Amministrativo,false,,,,2026-05-16 21:01:57.201234,false,
1778965316878-15,I requisiti di legittimità del provvedimento amministrativo sono richiesti dalla legge perché un atto sia valido. Sono requisiti di legittimità:,Notificazioni - Trasmissione e pubblicazione del provvedimento.,Comunicazioni - Verificarsi della condizione sospensiva e del termine.,Presupposti di fatto e di diritto - Esistenza e sufficienza della motivazione.,,C,Diritto_Amministrativo,false,,,,2026-05-16 21:01:57.201234,false,
1778965316878-16,A norma dell'art. 53 del D.Lgs 165/2001 le pubbliche amministrazioni non possono conferire incarichi retribuiti a dipendenti di altre amministrazioni pubbliche senza la previa autorizzazione dell'amministrazione di appartenenza dei dipendenti stessi. In caso di inosservanza del divieto il conferimento dei predetti incarichi:,Costituisce sempre causa di responsabilità patrimoniale per danno erariale per il funzionario responsabile del procedimento ed il relativo provvedimento può essere annullato.,Fatte salve le più gravi sanzioni costituisce in ogni caso infrazione disciplinare per il funzionario responsabile del procedimento ed il relativo provvedimento è nullo di diritto.,Costituisce in ogni caso infrazione disciplinare per il funzionario responsabile del procedimento ma il relativo provvedimento resta valido ed efficace.,,B,Diritto_Amministrativo,false,,,,2026-05-16 21:01:57.201234,false,
1778965316878-19,My children like ____ school very much.,they're,their,there,,B,Inglese,false,,,,2026-05-16 21:01:57.201234,false,
1778965316878-2,A norma di quanto dispone il co. 1 art. 17 del d.lgs. n. 36/2023 la decisione di contrarre:,Deve indicare solo gli elementi essenziali del contratto.,Deve indicare tra l'altro i criteri di selezione degli operatori economici.,Non deve indicare i criteri di selezione delle offerte.,,B,Diritto_Amministrativo,false,,,,2026-05-16 21:01:57.201234,false,
1778965316878-20,Complete the sentence by using one of the options given: Sam tries to go to the gym at least three times ________.,Of a week.,A week.,The week.,,B,Inglese,false,,,,2026-05-16 21:01:57.201234,false,
1778965316878-3,L'Allegato I.1 del d.lgs. n. 36/2023 distingue tra strumenti di acquisto e strumenti di negoziazione. 1) Gli accordi quadro stipulati da centrali di committenza nel caso in cui gli appalti specifici vengono aggiudicati con riapertura del confronto competitivo. 2) Il sistema dinamico di acquisizione realizzato da centrali di committenza:,Il primo è strumento di acquisto il secondo di negoziazione.,Sono entrambi strumenti di negoziazione.,Sono entrambi strumenti di acquisto.,,B,Diritto_Amministrativo,false,,,,2026-05-16 21:01:57.201234,false,
1778965316878-4,Quale è la sigla del connettore per rete ethernet?,RJ45.,R2.,RJ11.,,A,Uso_delle_tecnologie,false,,,,2026-05-16 21:01:57.201234,false,
1778965316878-5,Nell'ambito della configurazione di un personal computer in una rete LAN quale dei seguenti è un indirizzo IP v4 valido?,192.198.265.3.,"192,168,1,123.",10.10.5.2.,Tutti e tre,C,Uso_delle_tecnologie,false,,,,2026-05-16 21:01:57.201234,false,
1778965316878-6,Se 9 petali formano un fiore 99 petali quanti fiori formano?,Nove.,Undici.,Dieci.,,B,Logica,false,,,,2026-05-16 21:01:57.201234,false,
1778965316878-7,Quale dei seguenti gruppi sillabici inserito in sequenza consente la formazione di parole di senso compiuto? Fa(..)le Ga(..)lla La(..)ro Ma(..)co.,"(ci), (be), (ca), (ca).","(ci), (be), (ce), (ca).","(ci), (be), (ce), (ce).",,B,Logica,false,,,,2026-05-16 21:01:57.201234,false,
1778965316878-8,Individua tra i seguenti un sinonimo del termine attiguo:,contiguo,lontano,distante,,A,Logica,false,,,,2026-05-16 21:01:57.201234,false,
1778965316878-9,Quale termine integra la serie che segue: BARCA - GONDOLA - PIROGA - ..?..,CANOA.,AUTOGRU'.,SPIDER.,,A,Logica,false,,,,2026-05-16 21:01:57.201234,false,
1778965483165-1,Quando pensi sia opportuno favorire un confronto anche acceso nel gruppo che gestisci?,Solo quando ho necessità di far uscire allo scoperto le persone che si lamentano sempre,Quando i non detto interferiscono sulla performance del gruppo,Non ritengo sia mai utile alimentare un confronto diretto e dai torni accesi.,,,Situazionali,true,B,A,C,2026-05-16 21:04:43.50981,false,
1778965483165-2,Lavori nel team di comunicazione e supporto clienti di una casa editrice specializzata in divulgazione scientifica. Ricevi una telefonata da un professore che ha adottato un vostro testo per il suo corso e sta riscontrando vari problemi con il software collegato al volume. Nei giorni precedenti si è già rivolto all'assistenza ma non gli è ancora stato risolto il problema. Il professore è adirato e urla al telefono. Cosa fai?,Ti scusi con il professore e cerchi di calmarlo fai alcune prove in diretta telefonica con lui per provare a risolvere il problema. Lo rassicuri dicendogli che farai intervenire il team di informatici,Chiedi scusa al professore gli chiedi di inviare una e-mail in cui spiega il problema. Il messaggio sarà fatto pervenire a chi di competenza e sarà ricontattato,Dici al professore che il problema non dipende da te e di abbassare i toni o interromperai la telefonata,,,Situazionali,true,A,B,C,2026-05-16 21:04:43.50981,false,
1778965483165-3,Gestisci un bistrot in un piccolo borgo. Questa settimana è in corso un festival letterario e sei al completo tutti i giorni sia a pranzo sia a cena. Un cliente abituale ti telefona e ti chiede un tavolo per due per un'occasione importante. Cosa fai?,Assicuri al cliente che avrà un tavolo e disdici la prenotazione di altri due clienti,Chiedi scusa al cliente ma purtroppo non puoi accontentare la sua richiesta,Mostri dispiacere al cliente ma purtroppo tutti i tavoli sono già prenotati. Gli proponi di cenare al bancone o di preparagli i piatti che desidera da asporto,,,Situazionali,true,C,B,A,2026-05-16 21:04:43.50981,false,
1778965483165-4,Sto gestendo tra i miei collaboratori due persone piuttosto rissose e puntigliose nel difendere le proprie idee spesso in opposizione l'uno all'altra: come intervenire per prevenire situazioni di conflitto troppo acceso e non gestibile?,Poiché la questione riguarda entrambi li convoco insieme e cerco di capire qual è l'origine del loro dissenso e la natura. Li invito a riflettere sull'importanza di avere un clima di rispetto e di collaborazione. Li sollecito a fare delle proposte l'uno verso l'altro ed un patto per mantenere dei rapporti almeno accettabili e proficui,Li convoco uno ad uno e li minaccio di provvedimenti disciplinari se non cessano con le loro litigate.,Convoco i due e gli faccio capire che i loro dissidi turbano l'ambiente. Li invito a fare un passo verso le ragioni dell'altro. Verifico se è il caso di dividerli in stanze diverse.,,,Situazionali,true,A,C,B,2026-05-16 21:04:43.50981,false,
1778965483165-5,Nel tuo team c'è una collaboratrice di oltre 60 anni a sua volta responsabile di un gruppo di persone. Nonostante l'età ha una personalità esplosiva e ancora una grande motivazione verso il suo lavoro tanto che sembra non voler cedere il passo e rischia di non far crescere i propri collaboratori.,Le restituisco questo feedback e per quanto difficile provo con lei ad individuare delle strategie per non disperdere le sue conoscenze e competenze e al contempo far crescere le proprie risorse.,Faccio predisporre un feedback 360° in modo che riceva un riscontro sul suo comportamento anche dai suoi collaboratori e così possa prendere consapevolezza del problema.,Se possibile ne chiedo il trasferimento perché una personalità così forte e così attaccata al lavoro difficilmente potrà rendersi conto dei suoi limiti e cambiare comportamento.,,,Situazionali,true,A,B,C,2026-05-16 21:04:43.50981,false,
1778965483165-6,Questa mattina un tuo collaboratore responsabile del settore clienti è venuto nel tuo ufficio e ti ha portato un documento ben dettagliato su un importante iter di lavoro che sostiene ci dovrebbe fare risparmiare sui tempi di lavoro senza diminuire la qualità del servizio,Accolgo volentieri questa iniziativa e lo ringrazio però vorrei approfondire con calma il progetto prima di dare una risposta,Ringrazio il collaboratore per aver avuto questa idea ma gli faccio presente che c'è un ufficio della direzione deputato a queste innovazioni,Accolgo volentieri questa iniziativa e da quel poco che ho letto e da quanto mi ha spiegato penso di poter mettere in pratica questo progetto,,,Situazionali,true,A,C,B,2026-05-16 21:04:43.50981,false,
1778965483166-7,Sei il responsabile delle risorse umane e vieni messo al corrente che un tuo collega ha fatto delle avance ad una tirocinante il tuo ruolo impone un intervento deciso ma il tuo capo ti chiede di attendere qualche settimana e sembra che voglia dare una seconda chance al collega. Che fai?,Cerco di capire i motivi del mio capo e al limite negozio per un tempo più contenuto prima di agire con un provvedimento formale.,Trattandosi solo di avance convoco il mio collega e lo esorto a chiedere scusa alla tirocinante e di evitare comportamenti simili in futuro.,Ignoro la richiesta del mio capo ed intervengo immediatamente denunciando l'accaduto.,,,Situazionali,true,A,B,C,2026-05-16 21:04:43.50981,false,
1778965490226-1,Quale elemento del provvedimento amministrativo indica il momento dal quale deve avere inizio l'efficacia dell'atto o quello dal quale l'efficacia deve cessare?,Termine.,Condizione.,Onere.,,A,Diritto_Amministrativo,false,,,,2026-05-16 21:04:50.459542,false,
1778965490226-10,Filippo ha 4 anni la sorella 17 anni e il fratello 23 anni. Quando Filippo sarà maggiorenne quanti anni avranno i fratelli?,Il fratello 21 anni e la sorella 31 anni.,Il fratello 37 anni e la sorella 31 anni.,Il fratello 37 anni e la sorella 18 anni.,,B,Logica,false,,,,2026-05-16 21:04:50.459542,false,
1778965490226-11,Una nave è partita da Cagliari alle ore 21 e 05 minuti con un ritardo di 13 minuti. Quale doveva essere l'ora di partenza?,Le 20 e 55 minuti.,Le 20 e 58 minuti.,Le 20 e 52 minuti.,,C,Logica,false,,,,2026-05-16 21:04:50.459542,false,
1778965490226-12,Se tra 46 clienti di un supermercato solo 13 hanno acquistato del vino la percentuale di clienti che non ha acquistato vino è di circa:,"71,74%.",70%.,"67,37%",Non si può calcolare,A,Logica,false,D,,,2026-05-16 21:04:50.459542,false,
1778965490226-13,Se il ping-pong è uno sport e Massimo non va a giocare mai a ping-pong si può logicamente concludere che....,Nessuna delle altre risposte contiene conclusioni che possono essere logicamente dedotte dalle due affermazioni proposte.,Massimo non è uno sportivo.,Massimo non sa giocare a ping-pong.,,A,Logica,false,,,,2026-05-16 21:04:50.459542,false,
1778965490226-14,Supponendo che: la distanza stradale tra Perugia e Terni sia 82 km tra Terni e Rieti 38 km tra Rieti e Spoleto 60 km. Quanti km vengono percorsi da Terni a Spoleto?,Km 120.,Km 98.,Km 90.,,B,Logica,false,,,,2026-05-16 21:04:50.459542,false,
1778965490226-2,Su quale organo grava il compito di valutare ai fini istruttori le condizioni di ammissibilità e i requisiti di legittimazione che siano rilevanti per l'emanazione del provvedimento amministrativo (art. 6 l. n. 241/1990)?,Sul dirigente dell'UO cui il procedimento fa capo salvo che la competenza non sia attribuita ad altro organo dall'organo politico dell'amministrazione.,Sul RPA (Responsabile del Procedimento Amministrativo).,Sempre all'organo di vertice dell'amministrazione.,,B,Diritto_Amministrativo,false,,,,2026-05-16 21:04:50.459542,false,
1778965490226-3,In quale scheda della barra multifunzione di Microsoft Word è possibile mostrare il righello?,Inserisci.,Visualizza.,Disegno.,,B,Uso_delle_tecnologie,false,,,,2026-05-16 21:04:50.459542,false,
1778965490226-4,Quale componente viene eseguito all'avvio del PC prima ancora del sistema operativo?,BIOS.,Defrag.,Scandisk.,,A,Uso_delle_tecnologie,false,,,,2026-05-16 21:04:50.459542,false,
1778965490226-5,Complete the sentence by using one of the options given: Patrick really likes running. On Saturday he gets up _________ at 6 am and goes for a run.,Lately.,Early.,Late.,,B,Inglese,false,,,,2026-05-16 21:04:50.459542,false,
1778965490226-6,Complete the sentence by using one of the options given: The Carnival in Rio takes place ____ February and it is the biggest carnival in the whole world.,On.,In.,About.,,B,Inglese,false,,,,2026-05-16 21:04:50.459542,false,
1778965490226-7,Avere il magone sta a piangere come non abbassare lo sguardo sta a....,Essere orgogliosi.,Ricordare.,Rimproverare.,,A,Logica,false,,,,2026-05-16 21:04:50.459542,false,
1778965490226-8,Indicare l'elemento estraneo alla serie: stomaco - pupilla - fegato - milza.,Fegato.,Milza.,Pupilla.,,C,Logica,false,,,,2026-05-16 21:04:50.459542,false,
1778965490226-9,Quale dei seguenti termini integra correttamente la serie: MENARE - REDUCE - CENERE - ..?..,Relato.,Ridere.,Ramato.,,B,Logica,false,,,,2026-05-16 21:04:50.459542,false,
1778965490227-15,L'art. 3 del Codice di comportamento dei dipendenti pubblici contiene i principi generali cui devono attenersi i dipendenti. Si indichi quale tra i seguenti è un corretto principio.,La gestione di risorse pubbliche ai fini dello svolgimento delle attività amministrative deve seguire una logica di contenimento dei costi anche a discapito della qualità dei risultati.,Il dipendente non è tenuto a dimostrare disponibilità e collaborazione nei rapporti con le altre pubbliche amministrazioni.,Il dipendente esercita i propri compiti orientando l'azione amministrativa alla massima economicità efficienza ed efficacia.,,C,Diritto_Amministrativo,false,,,,2026-05-16 21:04:50.459542,false,
1778965490227-16,Quali dei seguenti componenti di Windows protegge il pc da accessi non autorizzati?,Scandisk.,Scheda di rete.,Firewall.,,C,Uso_delle_tecnologie,false,,,,2026-05-16 21:04:50.459542,false,
1778965490227-17,Complete the sentence by using one of the options given: My grandparents' house is ______ than ours they even have a giant swimming pool in their garden.,Bigger.,Biggest.,Big.,,A,Inglese,false,,,,2026-05-16 21:04:50.459542,false,
1778965490227-18,In quale scheda della barra multifunzione di Microsoft Word è possibile aggiungere un grafico?,Dati.,Disegno.,Inserisci.,,C,Uso_delle_tecnologie,false,,,,2026-05-16 21:04:50.459542,false,
1778965490227-19,Complete the sentence by using one of the options given: Jeremy doesn't really like where he lives because ________ nothing much to do in his town.,There's not.,There's.,It's not.,,B,Inglese,false,,,,2026-05-16 21:04:50.459542,false,
1778965490227-20,Qualora il dipendente di una pubblica amministrazione debba allontanarsi dall'indirizzo comunicato durante le fasce di reperibilità per effettuare visite mediche è tenuto a darne preventiva comunicazione all'amministrazione?,Si lo prevede espressamente l'art. 55-septies del D.Lgs. n. 165/2001.,No un dipendente non può allontanarsi dall'indirizzo comunicato.,Solo se l'assenza si protrae per più di tre ore.,,A,Diritto_Amministrativo,false,,,,2026-05-16 21:04:50.459542,false,
1778965490227-21,Una frase è stata divisa in cinque parti che successivamente sono state mescolate e che di seguito sono proposte in ordine casuale: [ 1) restare indifferente / 2) ingiustizie ai danni / 3) del tuo prossimo. / 4) Non puoi / 5) di fronte a simili ]. Ricomporre correttamente la frase.,4); 1); 5); 2); 3).,1); 5); 4); 3); 2).,2); 3); 5); 4); 1).,,A,Logica,false,,,,2026-05-16 21:04:50.459542,false,
1778965490227-22,Quale dei termini proposti inserito tra le parentesi assume un significato associabile sia al termine che precede che a quello che segue: Rimprovero ( ) Scritto.,Rabbuffo.,Paternale.,Appunto.,,C,Logica,false,,,,2026-05-16 21:04:50.459542,false,
1778965625335-1,Il vostro superiore gerarchico soddisfatto del vostro lavoro su di un progetto che gli sta particolarmente a cuore vi chiama per manifestare la sua soddisfazione. In realtà voi siete consapevoli che siete ancora indietro e che mancano diversi step prima di considerare il lavoro finito. Cosa potete replicare in una situazione come questa?,Manifesti di essere contento che il tuo progetto sia stato valutato positivamente tuttavia gli dici che manca ancora molto prima che sia realizzato del tutto. Ma farai di tutto per completarlo.,Dottore La ringrazio dell'apprezzamento. Andrà tutto bene.,Devi essere trasparente e diretto con il tuo superiore per evitare equivoci o future incomprensioni. Gli esponi i ritardi colmabili con un piano rigoroso e gli manifesti la tua soddisfazione per l'apprezzamento ricevuto. Abbrevi i tempi per la sua realizzazione.,,,Situazionali,true,C,A,B,2026-05-16 21:07:05.60012,false,
1778965625335-2,Il momento della valutazione se non ben gestito è sempre un'occasione per far emergere situazioni che covano sotto la cenere. Stavolta devo comunicare ad una collega che la sua valutazione non è stata in linea con le aspettative. Le ho dato diversi segnali di insoddisfazione durante l'anno ma lei non ha migliorato né ascoltato i miei suggerimenti. Sicuramente protesterà vivacemente. Che fare?,Nel corso del colloquio ripercorro i momenti nei quali ho manifestato insoddisfazione per il lavoro svolto. Le ricordo gli impegni assunti. Dimostro che non posso che abbassare il giudizio conseguito lo scorso anno. Pianifico con lei obiettivi per l'anno prossimo più alla sua portata.,La anticipo subito dicendo di non fare tante storie perché il giudizio rispecchia quanto da lei fatto durante l'anno nonostante i miei avvisi di cambiare rotta.,Anzitutto raccolgo documentazione e traccia dei nostri colloqui in corso d'anno e della documentazione relativa al suo lavoro nonché gli impegni da lei assunti in precedenza. La invito ad espormi le ragioni del mancato conseguimento degli obiettivi. Le espongo che anche se quest'anno il giudizio non può oggettivamente essere lusinghiero ci sono le basi per recuperare e migliorare nell'anno prossimo. A tal fine concordiamo un piano e momenti di verifica.,,,Situazionali,true,C,A,B,2026-05-16 21:07:05.60012,false,
1778965625335-3,Ritieni che nel lavoro maggiori sono le responsabilità maggiore è la soddisfazione?,Credo che avere maggiori responsabilità nel lavoro possa darmi anche più soddisfazione.,La relazionalità fra responsabilità e soddisfazione è legata e diversa da individuo a individuo. È quindi soggettiva.,Può essere anche vero ma responsabilità maggiori procurano anche tensioni sul lavoro e si possono riflettere negativamente sulla produttività e sulla qualità del servizio,,,Situazionali,true,A,B,C,2026-05-16 21:07:05.60012,false,
1778965625335-4,Stai assistendo durante una riunione con i vertici ad un vivace dibattito tra due tuoi colleghi la cosa si protrae più del dovuto ed il più alto dirigente sembra assistervi divertito. Tu cosa pensi di fare?,Dipende dal tempo durante il quale si protrae la discussione. Se dovesse eccedere prendi la parola per porre un argomento diverso da quello del dibattito in corso. Chiedi la cortesia a tutti di approfondire l'argomento del dibattito ad un'altra occasione.,Intervengo pregando i due di smetterla di litigare.,Se il dibattito si prolunga più del dovuto prendi la parola riconoscendo la bontà di alcune osservazioni di entrambi i contendenti e la necessità quindi di approfondire la volta successiva.,,,Situazionali,true,C,A,B,2026-05-16 21:07:05.60012,false,
1778965625335-6,Nel tuo ufficio c'è tensione. La recente ristrutturazione organizzativa ha tagliato due risorse su 10 una per pensione non sostituita e l'altra destinata ad altri incarichi anch'essa senza essere rimpiazzata. Come intendi intervenire per riportare la situazione in un'atmosfera produttiva.,Convochi i tuoi collaboratori dopo aver fatto un piano di riallocazione delle attività in maniera armonica e coerente con le competenze di ciascuno. Condividi con loro l'obiettivo di mantenere la produttività su livelli alti come sempre e dici loro che questa è una opportunità per valorizzare il proprio lavoro.,Nella riunione di presentazione attribuisci i compiti che hai pensato di assegnare in modo equilibrato ed equo. Un po' per tutti senza fare troppe distinzioni. Li informi che l'Alta Direzione si aspetta che tutto nell'ufficio continui ad andare come sempre.,Indici una riunione del tuo ufficio dichiari che non c'è niente da fare e che bisogna che tutti si rimbocchino le maniche.,,,Situazionali,true,A,B,C,2026-05-16 21:07:05.60012,false,
1778965625336-7,Aria nuova nel tuo ufficio. È arrivato un giovane dipendente con master in tecnologia negli USA ed esperienze in startup. Come trovare il modo di inserirlo e valorizzarlo?,Va introdotto nel team con rispetto per le competenze e professionalità presenti. Vanno evidenziate quelle attività su cui può realmente dare un contributo. Va affiancato ad un collega recettivo alle novità ed al cambiamento.,Lo presento al gruppo dicendo che d'ora in avanti sarà il mio braccio destro in ufficio.,Curo l'introduzione all'interno del gruppo mettendo in luce alcune caratteristiche che saranno utili a tutti. Chiedo il suo impegno a rispettare i colleghi che da tempo sono impegnati in attività altrettanto importanti.,,,Situazionali,true,A,C,B,2026-05-16 21:07:05.60012,false,
1778965625336-8,Il tuo capo sarà assente per due settimane. Ti ha chiesto di passare dal suo ufficio per sistemare le questioni in sospeso? Come ti organizzi al tuo arrivo in ufficio?,Recuperi dalla Segretaria del tuo capo la sua agenda. Quella sarà la tua guida per le prossime settimane. Cerchi di mantenere le attività che hai gestito finora visto che poi alla fine competono a te.,Entri un'ora prima e verifichi tra le pratiche in sospeso quelle più importanti ed urgenti che ti attrezzerai a fare il prima possibile. Chiami il tuo collaboratore più affidabile cui delegare le attività che finora seguivi avendo cura di mantenere quelle che prevedono il tuo intervento diretto. Consulti poi la segretaria del tuo capo per capire come affrontare le attività da lui già previste e programmate.,Per prima cosa cerchi di sbrigare i compiti che avevi già programmato di fare poi con calma (dato che il capo sarà assente per 15 giorni) esamini le questioni che avevi lasciato in sospeso.,,,Situazionali,true,B,A,C,2026-05-16 21:07:05.60012,false,
1778965625336-9,Il tuo ufficio non sta rispettando gli obiettivi assegnati. Le risorse non ti saranno aumentate e le scadenze si avvicinano. Come procedere?,Cerchi di distribuire i compiti alle risorse umane che ti hanno finora garantito il rispetto dei risultati ed hanno alta produttività. Con il loro aiuto gli obiettivi saranno conseguiti.,Fai un'analisi delle attività più in ritardo e ne individui le cause parlandone con le persone cui sono assegnate. Laddove si può intervenire internamente ad esempio assegnandone alcune ad altre persone nell'ufficio procedi. Laddove invece il problema sia esterno (ad esempio di altre funzioni) intervieni direttamente con il responsabile per condividere un percorso di pieno rispetto dei tempi.,Cerchi di parlare con le persone dell'ufficio richiamandole ad una maggiore produttività. Se ti rendi conto che alla fine non ce la fanno parli con il capo del personale per convincerlo ad assegnarti almeno una risorsa.,,,Situazionali,true,B,A,C,2026-05-16 21:07:05.60012,false,
1779020921743-1,Un collega rientra da una lunga malattia che adesso è cronicizzata. È sempre stato un valido collaboratore ma adesso la sua problematica ti costringe a fare delle scelte a favore della risorsa che lo ha sostituito e che sostiene ritmi di lavoro oggi incompatibili con la situazione del precedente collaboratore. Che fai?,Dai il bentornato al collega. Gli mostri la mole di lavoro che nelle sue condizioni non è in grado sostenere. Gli assegni nuovi compiti cercando per quanto possibile di tranquillizzarlo sulla loro rilevanza ed importanza.,Ti feliciti con il collega che è rientrato e cerchi di concordare con lui una valutazione delle attività finora gestite e richiedi un suo parere sul modo in cui è stato sostituito. Concordi un adeguamento del carico di lavoro da lui oggettivamente sostenibile.,In maniera riservata affronti il colloquio con il collega rientrato e gli dici di comprenderti se fai una scelta che sembra penalizzarlo nel lavoro.,,,Situazionali,true,B,A,C,2026-05-17 12:28:42.029286,false,
1779020921743-2,Le tue attività sono molto standardizzate. Il rispetto delle procedure e dei tempi prevale su altre logiche. Come verificare che tempi e compliance siano rispettate adeguatamente?,In una logica di programmazione prevederò su ciascuna procedura dei punti di controllo a cura di coloro che sono assegnati alla procedura medesima. I tempi tuttavia dovranno continuare ad essere assolutamente rispettati.,Invito tutti a rispettare oltre ai tempi anche la compliance. Verificherò personalmente il livello di compliance e se del caso interverrò su coloro che risultino sotto livello,In una logica di programmazione prevederò su ciascuna procedura dei punti di controllo da parte di collaboratori diversi da quelli assegnati alla procedura medesima. Il loro obiettivo sarà verificare la compliance in alcune fasi del processo i cui tempi continueranno ad essere rispettati.,,,Situazionali,true,C,A,B,2026-05-17 12:28:42.029286,false,
1779020921743-3,Nel tuo ufficio composto da avvocati manca una visione d'insieme e si fa molta fatica a farla passare. Tuttavia è indispensabile che tutti i componenti non solo la apprendano ma manifestino nei comportamenti organizzativi un gioco di squadra che faciliti a tutti un reale cambio di passo. Da dove cominciare?,Crei dei gruppi di lavoro tra avvocati e altri collaboratori su alcuni temi di interesse comune e che fanno parte degli obiettivi dell'Ufficio. Sarà tua cura nelle prime fasi verificare livello di integrazione e collaborazione.,Indici una riunione del tuo ufficio dove spieghi a tutti le logiche che a molti sembrano sfuggire. Dici loro che saranno valutati sul modo di apprendere una visione organica dell'attività d'ufficio.,Ritieni che sia necessario un corso di teamwork a cui far partecipare tutti i componenti del tuo ufficio. Nel frattempo sarà tua cura incrementare il numero di riunioni collegiali dove i diversi professionisti parleranno del loro lavoro delle loro difficoltà e cercheranno di condividere degli interventi comuni di integrazione in funzione degli obiettivi assegnati.,,,Situazionali,true,A,C,B,2026-05-17 12:28:42.029286,false,
1779020921743-4,Quando un tuo collaboratore fa un errore sul lavoro oppure tiene un comportamento verso i colleghi interni ed esterni alla tua unità organizzativa o verso dei clienti come cerchi di risolvere la situazione?,Parlerò con il collega ci sono dei regolamenti e dei protocolli di lavoro quindi è sufficiente attenersi a questi,Il verificarsi di un errore non è occasione per colpevolizzare chi l'ha commesso quanto per ricercare insieme soluzioni e miglioramenti.,Tutti possono sbagliare nel lavoro se poi si dovesse verificare di nuovo interverrò allora.,,,Situazionali,true,B,A,C,2026-05-17 12:28:42.029286,false,
1779020921743-5,Avete introdotto una riunione ad inizio settimana con i vostri collaboratori per fare il punto delle attività e soprattutto recepire indicazioni proposte idee. Ma purtroppo spesso restano in silenzio o dicono cose banali. Come potete in qualche modo sbloccarli e favorire la loro capacità di proposta?,Alla prima riunione stabilisci che ti scrivano per esporre il loro pensiero su quanto comunicato anche se in genere tacciono. Sulla base di quanto ti verrà esposto l'incontro successivo lo dedichi a commentare quanto ti scrivono mostrando apprezzamento accoglienza o osservazioni motivate su proposte non accolte. Poi fai un giro di tavolo e raccomandi per la volta successiva di darti spunti sugli argomenti affrontati.,Nella prima riunione fai un giro di tavolo costringendo tutti a esprimersi. Ti soffermi su ciascuna osservazione valorizzandola e dimostrando ascolto e attenzione. Anche se verranno formulate proposte astruse o non accoglibili avrai cura di non respingerle e semmai dirai che ci devi pensare e che sarà data risposta la volta successiva. Dici loro che da ora in avanti sarà così nessuno dovrà tacere nei prossimi incontri.,Esponi ai tuoi collaboratori che ti aspetti che espongano il loro punto di vista durante le riunioni. Altrimenti ne terrai conto nelle loro schede di valutazione.,,,Situazionali,true,B,A,C,2026-05-17 12:28:42.029286,false,
1779020921743-6,Il tuo progetto è stato realizzato con notevole ritardo. Il vertice lo ha apprezzato stigmatizzando tuttavia il disallineamento dei tempi programmati. Te ne ha fornito un altro. Come intendi prevenire possibili criticità future in tal senso?,Sarai tu stesso a seguire il rispetto del nuovo progetto calendario alla mano,Individui due persone di tua totale fiducia e condividi con loro in piano con scadenze e momenti di verifica,Definisci un piano di azione comprensivo di date e scadenze. Inserisci punti di controllo. Assegni le attività alle persone in funzione delle competenze detenute. Indici una riunione parlando in maniera chiara al personale del piano e di ciò che ci si attende da loro.,,,Situazionali,true,C,B,A,2026-05-17 12:28:42.029286,false,
1779020921744-7,Le diverse funzioni del tuo dipartimento non collaborano e non colloquiano tra loro. Questo pregiudica i risultati del tuo ufficio. Intendi farti promotore di un'azione incisiva in tal senso? Quale?,Porti tutti a cena per cementare le relazioni e fare squadra.,Ritieni che sia necessario un corso di teamwork a cui far partecipare tutti i componenti del tuo dipartimento. Su tale base convocherai poi degli incontri per verificare che il messaggio sia stato recepito.,Approfondisci quali aspetti risultano più critici riguardo la mancata collaborazione e ne fai una breve relazione. Convochi i responsabili dei diversi uffici e partendo dai problemi creati al conseguimento dell'obiettivo del Dipartimento gli esponi i punti salienti della tua relazione chiedendo il loro parere e contributo. Verificate possibili azioni anche formative e pianificate incontri periodici per valutare andamento e superamento delle criticità,,,Situazionali,true,C,B,A,2026-05-17 12:28:42.029286,false,
1779020930059-1,Nel pubblico impiego per incarichi retribuiti sono indicati tutti gli incarichi anche occasionali non compresi nei compiti e doveri di ufficio per i quali è previsto sotto qualsiasi forma un compenso. Sono esclusi tra gli altri i compensi derivanti (art. 53 d.lgs. n. 165/2001):,Dallo svolgimento di attività commerciali.,Dall'accettazione di cariche in società con fini di lucro.,Da attività di formazione diretta ai dipendenti della pubblica amministrazione nonché di docenza e di ricerca scientifica.,,C,Diritto_Amministrativo,false,,,,2026-05-17 12:28:50.327859,false,
1779020930059-10,Igrometro sta a umidità come idrometro sta a....,Temperatura.,Tempo.,Acqua.,,C,Logica,false,,,,2026-05-17 12:28:50.327859,false,
1779020930059-11,Non posso affermare di non aver vinto. Pertanto....,Non ho mai vinto.,Ho vinto.,Vincerò solo se avrò fortuna.,,B,Logica,false,,,,2026-05-17 12:28:50.327859,false,
1779020930059-12,Se nessun critico d'arte è appassionato di cinema e tutti i direttori di museo sono critici d'arte si può logicamente concludere che....,Alcuni appassionati di cinema sono direttori di museo.,Nessun direttore di museo è appassionato di cinema.,Tutti i critici d'arte sono appassionati di musei.,,B,Logica,false,,,,2026-05-17 12:28:50.327859,false,
1779020930059-13,..?.. sta a Imbarcazione come Pilota sta a ..?...,Navigatore - Autobus.,Mare - Macchina.,Nocchiero - Aereo.,,C,Logica,false,,,,2026-05-17 12:28:50.327859,false,
1779020930059-14,Mario ottiene una parte di profitti tripla di quella avuta rispettivamente dai suoi quattro soci. I quattro soci si dividono in parti uguali i profitti. Quale frazione dell'intero riceve Mario?,5/9.,2/3.,3/7.,,C,Logica,false,,,,2026-05-17 12:28:50.327859,false,
1779020930059-2,L'espressione situazioni giuridiche soggettive designa nel loro insieme le posizioni dei soggetti all'interno di un rapporto giuridico che possono essere di vantaggio (situazioni attive) e di svantaggio (situazioni passive). Appartengono alle situazioni giuridiche di vantaggio:,Diritti soggettivi - Potestà.,Dovere - Onere.,Diritti soggettivi - Onere.,,A,Diritto_Amministrativo,false,,,,2026-05-17 12:28:50.327859,false,
1779020930059-3,In Microsoft Excel quale simbolo consente di concatenare due celle contenenti testo?,Il simbolo di e commerciale (&),Il simbolo di dollaro ($).,Il simbolo di trattino (-).,,A,Uso_delle_tecnologie,false,,,,2026-05-17 12:28:50.327859,false,
1779020930059-4,Quale tasto del mouse bisogna utilizzare in ambiente windows per visualizzare le azioni che si possono compiere su un oggetto (es. icona)?,Tasto sinistro.,Tasto destro.,Doppio click con il tasto sinistro.,,B,Uso_delle_tecnologie,false,,,,2026-05-17 12:28:50.327859,false,
1779020930059-5,Complete the sentence by using one of the options given: The word shampoo comes ______the Hindi word champo which means to massage.,From.,To.,By.,,A,Inglese,false,,,,2026-05-17 12:28:50.327859,false,
1779020930059-6,Complete the sentence by using one of the options given: My brother always ________ black shoes.,Wear.,Wearing.,Wears.,,C,Inglese,false,,,,2026-05-17 12:28:50.327859,false,
1779020930059-7,Quale termine integra la serie che segue: BETTOLINA - MOTOVEDETTA - PESCHERECCIO - ..?..,SCIALUPPA.,BIGA.,ALIANTE.,,A,Logica,false,,,,2026-05-17 12:28:50.327859,false,
1779020930059-8,Leggere attentamente le proposizioni proposte: se Il caffè è sul tavolo = 17.000; se Matteo non studia la lezione = 24.000 quanto vale la frase seguente?,Conciare per le feste = 19.000.,Conciare per le feste = 17.000.,Conciare per le feste = 18.000.,,C,Logica,false,,,,2026-05-17 12:28:50.327859,false,
1779020930059-9,La popolazione di una città era di 60.000 abitanti all'ultimo censimento. Da allora è aumentata di 2/3. Quanti sono attualmente gli abitanti?,120.000.,100.000.,90.000.,,B,Logica,false,,,,2026-05-17 12:28:50.327859,false,
1779021148965-1,Al tuo ufficio è stato attribuito un obiettivo nuovo e particolarmente sfidante. Ti rendi conto di non riuscire ad averne una quadro tecnico perché non è la tua materia. Nel tuo ufficio ci sono tecnici ma il conseguimento del risultato dipende da diversi fattori di cui i tecnici non conoscono i diversi aspetti. Qual è il modo migliore per impostare un lavoro di tal genere?,Metti in piedi un gruppo di lavoro che dovrà rispondere a te composto sia da alcuni tecnici che da tuoi collaboratori esperti in tecniche di project management. Impostate un piano di azioni analizzando le risorse disponibili e momenti di controllo. Ciò consentirà ai tecnici di familiarizzare con le procedure di project management.,Chiedi ai tecnici di fare una relazione tecnica sul nuovo obiettivo. La valuterai e poi affiderai il compito di conseguire l'obiettivo a persone di cui ti fidi e che hai già visto impegnate in precedenza in attività di project management.,Chiedere ai tecnici di illustrate a te ed a tutti gli altri l'aspetto tecnico del nuovo obiettivo e poi muoversi di conseguenza,,,Situazionali,true,A,C,B,2026-05-17 12:32:29.589998,false,
1779021148965-2,All'interno della tua unità organizzativa in che modo valorizzi l'apporto di ciascun collaboratore al lavoro di squadra?,Quando viene ottenuto un importante risultato cerco di esaltare il successo e gratificare le risorse che hanno partecipato ognuno nel suo ruolo.,Di fronte a queste situazioni rimango sempre incerto perché esaltando i successi di alcuni collaboratori ho paura di suscitare il risentimento degli altri.,Comunico il risultato raggiunto senza insistere più di tanto per non creare disarmonie interne.,,,Situazionali,true,A,C,B,2026-05-17 12:32:29.589998,false,
1779021148965-3,Il Direttore che si occupa dei rapporti con il cittadino ti ha accusato di aver introdotto un sistema troppo astruso e complicato per i suoi collaboratori. In realtà hai studiato a fondo la proposta e ti sembra anche di averla ben comunicata. Come superare l'ostacolo?,Vai nel suo ufficio e con il tuo portatile gli dimostri che sta sbagliando: il sistema non è né astruso né complicato.,Incontri il Direttore con una squadra dei tuoi collaboratori tra i quali chi ha progettato la comunicazione e la formazione. Gli fai una demo dove dimostri la semplicità e linearità del nuovo sistema. Al limite dovesse venire fuori qualche obiezione ne terrai conto per tenerlo buono.,Chiedi un appuntamento con il Direttore e lo inviti a convocare anche un suo collaboratore che dovrà applicare il nuovo sistema. Rivedi la formazione a suo tempo impostata cercando di aumentare le prove pratiche. Dopo aver ascoltato le obiezioni cerchi di tenerne conto e proponi una riunione collegiale con tutto l'ufficio Rapporti con il cittadino.,,,Situazionali,true,C,B,A,2026-05-17 12:32:29.589998,false,
1779021148966-4,Il tuo nuovo collaboratore è molto dinamico intelligente e vivace. Ben sintonizzato con te tuttavia tende ad accentrare su di sé molti compiti ed attività che sarebbero di altri. Questo genera malumori. Come pensi di intervenire?,D'imperio gli tolgo alcune attività che si era preso e le redistribuisco ad altri.,Invito il mio collaboratore a segnalarmi preventivamente le attività che secondo lui meritano di essere seguite direttamente. Poi valuteremo insieme se e come potrà portarle avanti lui stesso assieme alle modalità di coinvolgimento del soggetto che finora le seguiva.,Convoco il mio collaboratore e gli manifesto la mia soddisfazione per quello che sta facendo. Lo invito tuttavia a riassegnare alcune attività alle persone pregandolo di farlo in maniera corretta segnalando alla risorsa che voleva rendersi conto delle attività dell'ufficio. Qualora ritenesse di occuparsene te ne dovrebbe dare preventiva informazione sempre coinvolgendo anche la persona coinvolta,,,Situazionali,true,B,C,A,2026-05-17 12:32:29.589998,false,
1779021148966-5,Sei stato nominato capo progetto. Sarai a capo di un gruppo di manager alcuni dei quali avrebbero voluto essere al tuo posto. Come iniziare con il piede giusto?,Parli alla prima occasione in cui siete tutti insieme dichiari di essere soddisfatto chiedi la loro disponibilità e collaborazione.,Identifichi quelli tra i tuoi collaboratori che miravano al tuo posto li convochi uno ad uno e gli chiedi cosa puoi fare per ottenere la loro convinta collaborazione. Avrai già pensato per loro a maggiori margini di autonomia cerchi di stabilire con loro un patto di reciproca intesa.,Convochi coloro che sai avevano aspirazioni verso il tuo ruolo. Gli chiedi collaborazione oppure ti dichiari disponibile a trovare anche altre strade. L'importante è partire senza avere troppi problemi in un clima di concordia.,,,Situazionali,true,B,C,A,2026-05-17 12:32:29.589998,false,
1779021148966-6,Nelle riunioni con altre funzioni spesso si sviluppano dinamiche di gruppo durante le quali ogni gruppo difende a spada tratta quel che ha prodotto e respinge ogni critica. Così le riunioni diventano improduttive. Come migliorare il clima di collaborazione?,Ti presenti alla riunione con una proposta per rendere più efficaci e meno improduttivi gli incontri. Rigoroso odg relazioni introduttive note a tutti verbale finale firmato da tutti esposizione congiunta al vertice con un portavoce che sarà ciascuno a girare.,Convochi una riunione informale portando elementi per dimostrare l'improduttività delle riunioni precedenti. Proponi non solo di condividere preventivamente tra voi l'odg ma anche di prevedere una scaletta di interventi e di punti da chiarire. La presentazione del lavoro finale avrai cura che venga effettuata collegialmente con un portavoce da cambiare di volta in volta così da ricompattare l'unità di intenti e di responsabilità,Durante uno di questi incontri dichiari di aspettarti da tutti maggiore ascolto alle proposte altrui ed una maggiore collaborazione.,,,Situazionali,true,B,A,C,2026-05-17 12:32:29.589998,false,
1779021148966-7,Ti è stato assegnato come obiettivo tra gli altri anche quello di recuperare efficienza specie in vista del prossimo pensionamento di un dipendente che non si ha intenzione di sostituire. Tu tuttavia hai la sensazione che anche dando il massimo una risorsa sia indispensabile per assicurare gli obiettivi assegnati. Come ti muovi?,Vado senz'altro dal capo del personale e gli dico che se non mi viene assegnata una risorse aggiuntiva io non sono in grado di rispettare gli standard assegnati.,Parli con il pensionando e gli chiedi di affiancare un'altra persona del tuo ufficio per un adeguato passaggio di consegne. Ti dai un tempo per verificare l'andamento e poi chiedi alla persona se ce la fa a sostenere le propria attività e quella del collega che lascerà l'ufficio. In caso tu verificassi che la risorsa non è in grado parlerai con il capo del personale per avere una integrazione di una risorsa nel tuo ufficio pena il non conseguimento del budget.,Valuti oltre le attività finora gestite dal pensionando anche il complesso di tutte le altre soffermandoti sui carichi di lavoro individuale. Simuli una riallocazione delle sue attività su altri in relazione alle competenze detenute e produci una relazione da portare al capo del personale per dimostrare come l'inserimento di una risorsa sia indispensabile per mantenere lo stesso livello di obiettivi in precedenza assegnato,,,Situazionali,true,C,B,A,2026-05-17 12:32:29.589998,false,
1779021155600-1,Per esercitare quale tipo di accesso il richiedente deve dimostrare di essere titolare di un interesse diretto concreto e attuale corrispondente ad una situazione giuridicamente tutelata e collegata al documento al quale è chiesto l'accesso?,Accesso civico.,Accesso documentale.,Accesso generalizzato.,,B,Diritto_Amministrativo,false,,,,2026-05-17 12:32:35.843927,false,
1779021155600-10,Se EBBENE=EE e ETIOPI=EI allora GHENGA è uguale a....,GE.,AG.,GA.,,C,Logica,false,,,,2026-05-17 12:32:35.843927,false,
1779021155600-11,Se 6 sta a PROPAGANDISTICO allora 5 sta a ..?..,DEMOSCOPICAMENTE.,CONTROSPALLINA.,PORTASPAZZOLINO,,B,Logica,false,,,,2026-05-17 12:32:35.843927,false,
1779021155600-12,Di due ruote di uno stesso ingranaggio la più grande compie 8 giri al minuto la più piccola compie 2 giri per ogni giro della prima. Quanti giri compie ogni ruota in 1 ora e mezza?,La grande 680 giri la piccola 1.360 giri.,La grande 720 giri la piccola 1.440 giri.,La grande 760 giri la piccola 1.520 giri.,,B,Logica,false,,,,2026-05-17 12:32:35.843927,false,
1779021155600-13,(...) sta a INSETTO come CANGURO sta a (...).,CAPINERA - MAMMIFERO.,DORIFORA - MAMMIFERO.,DORIFORA - ANFIBIO.,,B,Logica,false,,,,2026-05-17 12:32:35.843927,false,
1779021155600-14,Se faccio 3 passi a destra ed uno in avanti di quanti passi avrò bisogno in totale per avanzare di 3 passi?,10.,9.,12.,,C,Logica,false,,,,2026-05-17 12:32:35.843927,false,
1779021155600-2,Quale sanzione disciplinare prevede l'art. 55-quater del d.lgs. n. 165/2001 in caso di reiterazione nell'ambiente di lavoro di gravi condotte aggressive o moleste o minacciose o ingiuriose o comunque lesive dell'onore e della dignità personale altrui?,Rimprovero scritto.,Licenziamento.,Censura.,,B,Diritto_Amministrativo,false,,,,2026-05-17 12:32:35.843927,false,
1779021155600-3,In Microsoft Excel quale dei seguenti rappresenta un riferimento assoluto.,A7.,$B$3.,%B%5.,,B,Uso_delle_tecnologie,false,,,,2026-05-17 12:32:35.843927,false,
1779021155600-4,In Microsoft Excel come viene indicata una cella?,Da un identificativo composto dalla concatenazione della lettera che rappresenta la colonna e il numero di riga.,Da un identificativo composto dalla lettera che rappresenta la riga e il numero di colonna.,Da un identificativo composto dalla concatenazione del numero di riga e la lettera che rappresenta la colonna.,,A,Uso_delle_tecnologie,false,,,,2026-05-17 12:32:35.843927,false,
1779021155600-5,Complete the sentence by using one of the options given: Leonardo da Vinci was the artist who painted one the ______ famous paintings in the world: the Mona Lisa.,More.,Much.,Most.,,C,Inglese,false,,,,2026-05-17 12:32:35.843927,false,
1779021155600-6,Complete the sentence by using one of the options given: I looked again for the little girl but She _______ vanished.,Was.,Being.,Had.,,C,Inglese,false,,,,2026-05-17 12:32:35.843927,false,
1779021155600-7,Se ADDI=1449 e BABA=2121 quanto vale ACCECHI ?,1335389.,5383385.,3135389.,,C,Logica,false,,,,2026-05-17 12:32:35.843927,false,
1779021155600-8,Su tre facce di un cubo sono visibili le lettere USA. Quale parola può essere pertanto scritta sulle sei facce?,VEDUTA.,QUESTA.,VALUTE.,,B,Logica,false,,,,2026-05-17 12:32:35.843927,false,
1779021155600-9,Il capo reparto di una fabbrica guadagna 2.400 euro al mese. Calcolare lo stipendio mensile di un operaio specializzato e di un operaio generico sapendo che il primo guadagna 2/3 dello stipendio del capo reparto e il secondo 2/4.,Lo stipendio dell'operaio generico è di 1.100 euro quello dell'operaio specializzato è di 1.400 euro.,Lo stipendio dell'operaio generico è di 1.000 euro quello dell'operaio specializzato è di 1.200 euro.,Lo stipendio dell'operaio generico è di 1.200 euro quello dell'operaio specializzato è di 1.600 euro.,,B,Logica,false,,,,2026-05-17 12:32:35.843927,false,
1779021712500-1,Durante l'analisi dei dati di un progetto scopri che alcune informazioni cruciali sono mancanti. Come ti muovi per risolvere questo problema?,Identifico quali dati sono mancanti e chiedo ai membri del team di recuperare le informazioni. Suggerisco anche di aggiungere un passaggio di verifica durante l'analisi dei dati.,Registro le informazioni mancanti e chiedo al team responsabile della raccolta dati di colmare il gap ribadendo l'importanza di quei dati per il progetto.,Contatto le persone responsabili della raccolta dati per ottenere le informazioni mancanti. Definisco nuove procedure di verifica per assicurarmi che non si verifichino più errori di questo tipo.,,,Situazionali,true,C,A,B,2026-05-17 12:41:53.298766,false,
1779021712500-2,Devi creare una strategia per migliorare l'integrazione tra diversi servizi pubblici. Come immagini le sinergie a lungo termine?,Propongo di creare una task force che possa esplorare le possibilità di integrazione e suggerire modifiche incrementali per migliorare il coordinamento tra i servizi.,Sottolineo la necessità di migliorare la comunicazione tra i servizi proponendo di trovare modalità più efficaci per collaborare. Rimando a ulteriori discussioni l'elaborazione di un piano strutturato per rendere l'integrazione più efficiente.,Definisco un progetto di integrazione che includa piattaforme digitali condivise e team di lavoro interdipartimentali per garantire una comunicazione fluida. Prevedo anche riunioni periodiche per verificare e migliorare l'efficacia della sinergia.,,,Situazionali,true,C,A,B,2026-05-17 12:41:53.298766,false,
1779021712500-3,Stai lavorando su un progetto con molteplici stakeholders che hanno aspettative diverse. Come gestisci il loro coinvolgimento per garantire il risultato?,Organizzo incontri per aggiornare tutti gli stakeholders e garantire che le loro aspettative siano allineate con gli obiettivi del progetto.,Organizzo un incontro per fare in modo che gli stakeholders siano informati a fine progetto certa/o di quello che sarà il risultato,Fornisco aggiornamenti periodici agli stakeholders principali e cerco di gestire le loro aspettative individualmente.,,,Situazionali,true,A,C,B,2026-05-17 12:41:53.298766,false,
1779021712500-4,Durante una fase critica del progetto un imprevisto richiede di cambiare i piani. Come decidi il nuovo approccio?,Convoco una riunione per analizzare l'imprevisto insieme al team e definire un nuovo piano che minimizzi i ritardi cercando di garantire il successo del progetto.,Prendo una decisione rapida senza consultare il team confidando che il nuovo piano funzioni e che il problema si risolva.,Decido il nuovo approccio in autonomia per evitare il dilungarsi dei tempi e scelgo l'opzione più sicura per ridurre il rischio di ulteriori problemi.,,,Situazionali,true,A,C,B,2026-05-17 12:41:53.298766,false,
1779021712500-5,Ti accorgi che il team sta affrontando difficoltà a causa di una mancanza di chiarezza nei ruoli. Come strutturi il lavoro per migliorare la situazione?,Organizzo un incontro con il team per chiarire le responsabilità di ciascuno e rivedo l'assegnazione delle attività in modo da rispecchiare al meglio le competenze di ognuno.,Parlo con i membri del team per capire quali aspetti del loro ruolo non sono chiari e propongo alcuni cambiamenti lasciando però molta flessibilità nel ruolo di ciascuno.,Lascio che il team risolva autonomamente i problemi legati alla chiarezza dei ruoli confidando che con il tempo e con le loro competenze ogni membro trovi il proprio posto.,,,Situazionali,true,A,B,C,2026-05-17 12:41:53.298766,false,
1779021712500-6,Ti trovi davanti a una decisione importante da prendere in condizioni di forte incertezza. Come reagisci?,Prendo una decisione immediata ritengo che in situazioni di forte incertezza non si possa attendere.,Prendo una decisione per non compromettere la situazione attuale lasciando la possibilità di rivederla in seguito.,Raccolgo tutte le informazioni disponibili coinvolgo il team per un confronto e prendo una decisione ponderata cercando di gestire l'incertezza come un'opportunità.,,,Situazionali,true,C,B,A,2026-05-17 12:41:53.298766,false,
1779021712500-7,Alcuni membri del team hanno difficoltà a rispettare le scadenze. Come intervieni?,Chiedo ai membri del team di impegnarsi di più per rispettare le scadenze e suggerisco loro alcune tecniche di gestione del tempo.,Accetto che i membri del team continuino a lavorare secondo le loro tempistiche tuttavia nell'eventualità in cui non dovessero raggiungere gli obiettivi prestabiliti e auspicati li chiamerò a risponderne direttamente.,Organizzo una riunione per capire le cause del problema e ridisegno la pianificazione delle attività per rendere le scadenze più realistiche. Offro supporto individuale per migliorare la gestione del tempo.,,,Situazionali,true,C,A,B,2026-05-17 12:41:53.298766,false,
1779021712500-8,Hai ricevuto feedback negativi sulla comunicazione interna al tuo team. Come miglioreresti la gestione delle relazioni per prevenire ulteriori problematiche?,Risponderei ai feedback solo se emergono problemi evidenti senza implementare cambiamenti strutturali in quanto potrebbero essere situazioni transitorie e passeggere.,Avvierei un'indagine interna per comprendere meglio i problemi e proporrei soluzioni incrementali come riunioni regolari e canali di comunicazione formali.,Organizzerei una serie di workshop sulla comunicazione efficace e implementerei un sistema di feedback continuo per monitorare i progressi. Proporrei anche incontri settimanali per rafforzare la trasparenza.,,,Situazionali,true,C,B,A,2026-05-17 12:41:53.298766,false,
1779021729283-1,Qualsiasi forma di trattamento automatizzato di dati personali consistente nell'utilizzo di tali dati personali per valutare determinati aspetti personali relativi a una persona fisica in particolare per analizzare o prevedere aspetti riguardanti l'ubicazione o gli spostamenti di detta persona fisica è denominata (art. 4 GDPR):,Pseudonimizzazione.,Utilizzazione.,Profilazione.,,C,Diritto_Amministrativo,false,,,,2026-05-17 12:42:09.513049,false,
1779021729283-10,Complete the sentence by using one of the options given: In my class there were 18 ________ last year.,student's,students,student,,B,Inglese,false,,,,2026-05-17 12:42:09.513049,false,
1779021729283-11,Se GIADE vale ID e BORACE vale OAE allora PERISSODATTILI vale....,EISDTTI.,EISDTIL.,EISDTII.,,C,Logica,false,,,,2026-05-17 12:42:09.513049,false,
1779021729283-12,Se a ciascuna lettera dell'alfabeto italiano (A B C ... V Z) corrisponde un numero (secondo la sequenza 1 2 3 ... 20 21) quale delle seguenti operazioni determina il risultato minore?,(N X C) - (H : D) =.,(Q X D) - (L : B) =.,(M X E) - (E : E) =.,,C,Logica,false,,,,2026-05-17 12:42:09.513049,false,
1779021729283-13,Il legno di Acero è più duro di quello di Betulla che è più duro di quello del Ciliegio; l'Ebano è più duro di quello della Betulla e quindi:,Il legno di Acero quello di Betulla e quello di Ebano hanno sicuramente una durezza diversa.,Non è possibile stabilire se sia più duro il legno di Ebano o quello di Acero.,Il legno di Acero e sicuramente il più duro tra i legni menzionati.,,B,Logica,false,,,,2026-05-17 12:42:09.513049,false,
1779021729283-14,Se Pantelleria sta a Trapani allora Elba sta a ..?..,Cagliari.,Livorno.,Ragusa.,,B,Logica,false,,,,2026-05-17 12:42:09.513049,false,
1779021729283-15,Completare la seguente serie: ECO - CONO - NORMA - MACINA - ....,MUCCHIO.,NANISMO.,MACCHIA.,,B,Logica,false,,,,2026-05-17 12:42:09.513049,false,
1779021729283-16,Completare la proporzione. Se Femore sta a Gamba allora ..?.. sta a ..?...,Piede - Rotula.,Calcagno - Piede.,Piede - Calcagno.,,C,Logica,false,,,,2026-05-17 12:42:09.513049,false,
1779021729283-2,In applicazione di quale principio previsto all'art. 5 GDPR i dati personali devono essere trattati in maniera da garantire un'adeguata sicurezza dei dati personali compresa la protezione mediante misure tecniche e organizzative adeguate da trattamenti non autorizzati o illeciti e dalla perdita dalla distruzione o dal danno accidentali?,Integrità e riservatezza.,Limitazione della conservazione.,Limitazione della finalità.,,A,Diritto_Amministrativo,false,,,,2026-05-17 12:42:09.513049,false,
1779021729283-3,Ai sensi dell'art. 14-bis co. 5 della legge n. 241/1990 scaduti i termini entro i quali le amministrazioni coinvolte nella conferenza di servizi rendono le proprie determinazioni l'amministrazione procedente:,Entro trenta giorni adotta la determinazione motivata di conclusione positiva della conferenza qualora abbia acquisito esclusivamente atti di assenso non condizionato.,Entro cinque giorni adotta la determinazione motivata di conclusione positiva della conferenza qualora abbia acquisito esclusivamente atti di assenso non condizionato.,Entro quarantacinque giorni adotta la determinazione motivata di conclusione positiva della conferenza qualora abbia acquisito esclusivamente atti di assenso non condizionato.,,B,Diritto_Amministrativo,false,,,,2026-05-17 12:42:09.513049,false,
1779021729283-4,L'art. 12 della legge n. 241/1990 fa obbligo alle amministrazioni procedenti di predeterminare e pubblicare nelle forme previste dai rispettivi ordinamenti i criteri e le modalità cui esse devono attenersi per alcuni provvedimenti amministrativi. Relativamente a quali dei seguenti provvedimenti amministrativi tale obbligo trova applicazione?,Concessione di sovvenzioni contributi sussidi ed ausili finanziari ed attribuzione di vantaggi economici di qualunque genere a persone ed enti pubblici e privati.,Atti normativi amministrativi generali di pianificazione e di programmazione.,Provvedimenti tributari ed attribuzione di vantaggi economici di qualunque genere a persone ed enti pubblici e privati.,,A,Diritto_Amministrativo,false,,,,2026-05-17 12:42:09.513049,false,
1779021729283-5,Nella procedura ristretta ai sensi dell'art. 72 del decreto legislativo n. 36/2003 il termine minimo per la ricezione della domanda di paretecipazione è di:,30 giorni dalla data di trasmissione del bando di gara,37 giorni dalla data di trasmissione del bando di gara,40 giorni dalla data di trasmissione del bando di gara,,A,Diritto_Amministrativo,false,,,,2026-05-17 12:42:09.513049,false,
1779021729283-6,Il termine dilatorio di cui al co. 3 art. 18 d.lgs. n. 36/2023 trova applicazione nel caso di un appalto basato su un accordo quadro?,Si a seguito dell'entrata in vigore del citato d.lgs. il termine dilatorio trova sempre applicazione.,Si il termine dilatorio non trova applicazione solo in caso di appalti specifici basati su un sistema dinamico di acquisizione.,No per espressa previsione di cui al citato comma.,,C,Diritto_Amministrativo,false,,,,2026-05-17 12:42:09.513049,false,
1779021729283-7,Dispone l'art. 17 del D.Lgs. n. 33/2013 che fermo restando quanto previsto dall'art. 9-bis le P.A. devono pubblicare nell'ambito di quanto previsto dall'art. 16 co. 1 i dati relativi al personale con rapporto di lavoro non a tempo indeterminato ivi compreso il personale assegnato agli uffici di diretta collaborazione con gli organi di indirizzo politico. Tali dati devono essere pubblicati:,Annualmente.,Semestralmente.,Trimestralmente.,,A,Diritto_Amministrativo,false,,,,2026-05-17 12:42:09.513049,false,
1779021729283-8,Quali delle seguenti estensioni del file in ambiente Windows identifica un modello di documento di word?,docm.,dotx.,docx.,,B,Uso_delle_tecnologie,false,,,,2026-05-17 12:42:09.513049,false,
1779021729283-9,Complete the sentence by using one of the options given: Laura's dad has never approved ______ her having pink hair.,Off.,That.,Of.,,C,Inglese,false,,,,2026-05-17 12:42:09.513049,false,
1779021729284-17,In quale dei seguenti gruppi di termini può essere inserito dileggiare?,Canzonare deridere berteggiare.,Attenuare moderare smussare comporre conciliare.,Apprezzare elogiare encomiare lodare.,,A,Logica,false,,,,2026-05-17 12:42:09.513049,false,
1779021729284-18,Carota sta a ..?.. come ..?.. sta a Rosso.,Albicocca - Mela.,Ortaggio - Colore.,Arancione - Ciliegia.,,C,Logica,false,,,,2026-05-17 12:42:09.513049,false,
1779021729284-19,Se Lago di Varano sta a Puglia allora Lago di Como (Lario) sta a ..?..,Liguria.,Lombardia.,Toscana.,,B,Logica,false,,,,2026-05-17 12:42:09.513049,false,
1779021944722-10,1) Tutti i laureati sono borsisti. 2) Lucrezia è una laureata. 3) Alcuni laureati sono dotati. Se le precedenti affermazioni sono sicuramente vere quale tra quelle proposte è certamente vera?,Lucrezia è sicuramente dotata.,Lucrezia è una borsista.,Tutti i laureati sono dotati.,,B,Logica,false,,,,2026-05-17 12:45:45.471383,false,
1779021944722-11,A è tennista B pugile C sciatore D velista. Ognuno affronta un altro in uno sport in cui nessuno dei due eccelle. Se A affronta C nella vela mentre B affronta A nello sci in quale sport possono sfidarsi C e D?,Pugilato o sci.,Tennis o pugilato.,Vela o tennis.,,B,Logica,false,,,,2026-05-17 12:45:45.471383,false,
1779021944722-13,Se DOCILE=LE e ELEGIE=IE allora FODERA è uguale a....,EA.,RA.,AR.,,A,Logica,false,,,,2026-05-17 12:45:45.471383,false,
1779021944722-4,Completare la seguente proporzione: Y (suicidio) : X (se stessi) = Y (...?...) : X (...?...).,Y (matricidio) : X (figlia).,Y (matricidio) : X (moglie-coniuge).,Y (matricidio) : X (madre).,,C,Logica,false,,,,2026-05-17 12:45:45.471383,false,
1779022110347-1,Quale tra questi linguaggi può essere utilizzato per interrogare una base dati relazionale?,PHP,SQL,JAVA,,B,Uso_delle_tecnologie,false,,,,2026-05-17 12:48:30.534792,false,
1779022110347-10,Quale delle seguenti è una licenza comune per gli open data?,IODL 2.0,CC- BY-NC,CC-BY-ND,,A,Uso_delle_tecnologie,false,,,,2026-05-17 12:48:30.534792,false,
1779022110347-11,Secondo le Linee Guida recanti regole tecniche per l'apertura dei dati e il riutilizzo dell'informazione del settore pubblico i dati con esclusione di quelli territoriali resi disponibili per il riutilizzo:,DEVONO essere documentati attraverso metadati conformi al profilo DCAT-AP_IT definito con la guida operativa per i cataloghi dati,NON DEVONO essere documentati attraverso metadati conformi al profilo DCAT-AP_IT definito con la guida operativa per i cataloghi dati,NON DEVONO essere necessariamente documentati attraverso metadati conformi al profilo DCATAP_IT definito con la guida operativa per i cataloghi dati,,A,Uso_delle_tecnologie,false,,,,2026-05-17 12:48:30.534792,false,
1779022110347-12,Qual è la funzione del protocollo SMTP?,Ricevere email,Trasferire file,Inviare email,,C,Uso_delle_tecnologie,false,,,,2026-05-17 12:48:30.534792,false,
1779022110347-13,Cosa significa il termine latency?,La quantità di dati persi,La velocità massima di trasferimento,Il ritardo nella trasmissione dei dati,,C,Uso_delle_tecnologie,false,,,,2026-05-17 12:48:30.534792,false,
1779022110347-14,Complete the sentence by using one of the options given: John was the _________ person to arrive at the party.,Forty,Fourth,Four,,B,Inglese,false,,,,2026-05-17 12:48:30.534792,false,
1779022110347-16,Complete the sentence by using one of the options given: My sister might come to the party tonight. It will depend ______ how she feels .,On,From,By,,A,Inglese,false,,,,2026-05-17 12:48:30.534792,false,
1779022110347-19,..?.. sta a Parlare come Occhio sta a ..?...,Bocca - Vedere.,Gustare - Occhiali.,Dolce - Lente.,,A,Logica,false,,,,2026-05-17 12:48:30.534792,false,
1779022110347-2,Nell'ambito della progettazione dei database cosa si intende con modello E-R?,Modello Enterprise-Relationship che permette di descrivere le comunicazioni di interesse di una impresa e le loro relazioni,Modello Eventi-Relazioni che permette di descrivere i dati legati a eventi del mondo reale e le loro relazioni,Modello Entità-Relazione che permette di descrivere i dati in termini di oggetti e delle loro relazioni,,C,Uso_delle_tecnologie,false,,,,2026-05-17 12:48:30.534792,false,
1779022110347-3,Quale dei seguenti in UML non è diagramma utilizzato per creare un modello per l'analisi del sistema?,Activity diagram,Dataflow diagram,State diagram,,B,Uso_delle_tecnologie,false,,,,2026-05-17 12:48:30.534792,false,
1779022110347-4,Cosa sono le API?,API sta per Advanced Programming Intelligence (Programmazione avanzata per sistemi intelligenti) insieme di tecniche e soluzioni per la realizzazione di software di Artificial Intelligence,API sta per Application Programming Interface (Interfaccia di programmazione delle applicazioni) sono set di definizioni e protocolli con i quali vengono realizzati e integrati software applicativi,API sta per Assistent Product Integration (Supporto alla integrazione di prodotti) insieme di tecnologie e strumenti per integrare diversi prodotti software,,B,Uso_delle_tecnologie,false,,,,2026-05-17 12:48:30.534792,false,
1779022110347-5,A quale categoria appartiene un requisito relativo al termine indifferibile per il rilascio della versione definitiva di un prodotto?,Requisiti non funzionali,Requisiti funzionali,Requisiti di progetto,,A,Uso_delle_tecnologie,false,,,,2026-05-17 12:48:30.534792,false,
1779022110347-6,I dati pubblici che rientrano nell'ambito di applicazione delle presenti Linee Guida recanti regole tecniche per l'apertura dei dati e il riutilizzo dell'informazione del settore pubblico devono essere messi a disposizione:,per il riutilizzo a fini commerciali e non commerciali,solo per il riutilizzo a fini commerciali,solo per il riutilizzo a fini non commerciali,,A,Uso_delle_tecnologie,false,,,,2026-05-17 12:48:30.534792,false,
1779022110347-7,Secondo le Linee Guida recanti regole tecniche per l'apertura dei dati e il riutilizzo dell'informazione del settore pubblico quale delle seguenti è un'attività volta a verificare se il valore di un dato proviene dall'insieme dato (finito o infinito) di valori accettabili?,Accettazione,Predisposizione,Validazione,,C,Uso_delle_tecnologie,false,,,,2026-05-17 12:48:30.534792,false,
1779022110347-8,Nell'ambito degli Open Data cosa è SPARQL?,Un framework AI che usa in maniera specifica reti neurali,Un formato di dati principalmente utilizzato per Open Data,Un linguaggio di interrogazione per dati rappresentati tramite RDF,,C,Uso_delle_tecnologie,false,,,,2026-05-17 12:48:30.534792,false,
1779022110347-9,Quale dei seguenti è un linguaggio di markup per dati semantici?,JSON,OWL,XML,,B,Uso_delle_tecnologie,false,,,,2026-05-17 12:48:30.534792,false,
1779022110348-21,Se METRO + CUBITO sta a LUNGHEZZA allora è logico che:,ONCIA + GRAMMO stia a PESO.,GRADO + VELOCITÀ stia a LAVORO.,TEMPO stia a ANNO + ORA.,,A,Logica,false,,,,2026-05-17 12:48:30.534792,false,
1779022110349-25,Notte sta a Nero allora ...?.. sta a ..?..,Grigio - Fumo.,Foglia - Verde.,Bianco - Neve.,,C,Logica,false,,,,2026-05-17 12:48:30.534792,false,
1779022222877-1,L'azienda ha richiesto una maggiore attenzione alla sostenibilità nelle operazioni quotidiane. Come promuovi questo cambiamento?,Spiego al team l'importanza della sostenibilità e suggerisco alcune semplici misure per ridurre l'impatto senza coinvolgere attivamente il gruppo.,Organizzo una campagna interna di sensibilizzazione e propongo iniziative pratiche per ridurre l'impatto ambientale coinvolgendo il team nel proporre idee e soluzioni.,Comunico la nuova direttiva senza imporre delle misure rispettando la sensibilità di tutti e lasciando autonomia nella ricerca dei vari modi per essere sostenibili.,,,Situazionali,true,B,A,C,2026-05-17 12:50:23.052646,false,
1779022222877-2,Durante un progetto ti rendi conto che i membri del team hanno bisogno di ulteriore formazione per raggiungere l'obiettivo. Come ti muovi?,Organizzo per i membri del team corsi online nel loro tempo libero così da non interrompere il flusso di lavoro.,Organizzo sessioni di formazione mirate e fornisco materiale di supporto. Ridistribuisco alcune attività per consentire ai membri del team di dedicare il tempo necessario alla formazione.,Fornisco gli strumenti per la formazione e continuo secondo il piano certa/o che il mio team si aggiorni con il materiale fornito.,,,Situazionali,true,B,A,C,2026-05-17 12:50:23.052646,false,
1779022222877-3,Un importante stakeholder ha chiesto di anticipare la consegna del progetto di due settimane. Come riorganizzi il lavoro?,Analizzo quali attività possono essere accelerate e comunico agli stakeholder che faremo il possibile per anticipare la consegna senza però garantire il rispetto della nuova scadenza.,Accetto la nuova scadenza senza un piano preciso su come raggiungerla tuttavia cerco di mediare con lo stakeholder per ridefinire le scadenze.,Rivedo l'intero piano di progetto e dopo una discussione con il team ridistribuisco le attività e le risorse per rispettare la nuova scadenza. Chiedo anche supporto aggiuntivo se necessario.,,,Situazionali,true,C,A,B,2026-05-17 12:50:23.052646,false,
1779022222877-4,Durante una negoziazione ti rendi conto che una delle parti sta avanzando richieste irragionevoli. Come faresti per mantenere un dialogo costruttivo e raggiungere comunque un accordo?,Ignorerei temporaneamente le richieste irragionevoli e mi concentrerei su quelle ragionevoli per iniziare la negoziazione sperando che in corso d'opera la controparte riveda da sola le sue aspettative.,Accetterei parzialmente le richieste cercando di chiudere velocemente la trattativa per non incappare in ritardi.,Affronterei le richieste irragionevoli in modo diplomatico spiegando perché non sono sostenibili e proponendo alternative che possano soddisfare entrambe le parti.,,,Situazionali,true,C,A,B,2026-05-17 12:50:23.052646,false,
1779022222877-5,Hai la possibilità di partecipare a un gruppo di lavoro trasversale per sviluppare nuove competenze. Come ti comporti?,Valuto di partecipare solo se non prende troppo tempo al mio lavoro attuale.,Mi informo sul tipo di lavoro e sui partecipanti prima di decidere se prenderne parte o meno valutando i benefici potenziali.,Accetto vedendo l'opportunità come un'occasione di crescita professionale e di sviluppo di nuove competenze.,,,Situazionali,true,C,B,A,2026-05-17 12:50:23.052646,false,
1779022222877-6,Se durante un sondaggio i cittadini esprimessero insoddisfazione per un aspetto specifico del servizio come ti muoveresti per migliorare quell'area?,Apporterei qualche modifica nell'area criticata osservando via via le reazioni e i feedback dei cittadini.,Proporrei miglioramenti specifici nell'area segnalata dai cittadini e monitorerei se queste modifiche migliorano la loro soddisfazione.,Analizzerei i dati del sondaggio per identificare le cause dell'insoddisfazione e organizzerei workshop con i team coinvolti per sviluppare soluzioni specifiche.,,,Situazionali,true,C,B,A,2026-05-17 12:50:23.052646,false,
1779022222877-7,Un obiettivo dipende dal contributo di un dipartimento che sta mostrando riluttanza a collaborare. Come ti muovi per garantire il risultato?,Non mi preoccupo del dipartimento in questione cerco però di fargli rispettare le scadenze nel rispetto del lavoro di tutti.,Cerco di limitare al minimo la necessità di collaborazione e gestisco il resto del lavoro all'interno del mio team mantenendo il focus sull'obiettivo da raggiungere.,Organizzo una riunione per discutere delle difficoltà e trovare un terreno comune che permetta al dipartimento di collaborare chiarendo l'importanza del loro contributo per il successo complessivo.,,,Situazionali,true,C,A,B,2026-05-17 12:50:23.052646,false,
1779022222877-8,Devi approvare un piano di emergenza per una situazione imprevista che potrebbe danneggiare l'immagine dell'organizzazione. Come decidi?,Scelgo l'opzione più conservativa per ridurre il rischio evitando qualsiasi misura che potrebbe risultare troppo controversa.,Analizzo i possibili scenari di rischio consulto gli esperti e approvo il piano che riduce maggiormente l'impatto sulla reputazione dell'organizzazione.,Approvo il piano che richiede meno risorse lavorando per far sì che non si verifichino danni significativi all'immagine.,,,Situazionali,true,B,A,C,2026-05-17 12:50:23.052646,false,
1779022222877-9,Se un ente pubblico richiedesse di rivedere un progetto per adattarlo a nuove normative come negozieresti i cambiamenti necessari senza compromettere la qualità?,Applicherei i cambiamenti richiesti senza negoziare trattandosi di richieste normative facendo però presente che potrà verificarsi un calo della qualità del progetto.,Accetterei i cambiamenti richiesti per garantire la conformità normativa cercando di minimizzare l'impatto sulla qualità del progetto e proverei a negoziare anche scadenze più flessibili per facilitare l'adeguamento.,Lavorerei con l'ente pubblico per identificare i cambiamenti minimi per ottenere la conformità normativa e proporrei soluzioni che mantengano elevati gli standard di qualità.,,,Situazionali,true,C,B,A,2026-05-17 12:50:23.052646,false,
1779023235907-1,"Per verificare la firma di un messaggio firmato digitalmente utilizzando una chiave asimmetrica, il destinatario del messaggio, usa ...",La chiave pubblica del mittente,La propria chiave pubblica,La propria chiave privata,,A,Uso_delle_tecnologie,false,,,,2026-05-17 13:07:16.61203,false,
1779023235907-10,Cosa è la Posta Elettronica Certificata (PEC)?,"La Posta Elettronica Certificata (PEC) è un sistema di posta elettronica nel quale è fornita al mittente documentazione elettronica, con valenza legale, attestante l'invio e la consegna di documenti informatici",La Posta Elettronica Certificata (PEC) è un sistema di posta elettronica che garantisce l'invio del messaggio,La Posta Elettronica Certificata (PEC) è un sistema e-mail via web che usa il protocollo sicuro https con rilascio di certificati da parte del MIUR,,A,Uso_delle_tecnologie,false,,,,2026-05-17 13:07:16.61203,false,
1779023235907-11,Di che tipo è la rete telematica solitamente installata all'interno degli uffici?,LAN Local Area Network,MAN Metropolitan Area Network,VAN Virtual Area Network,,A,Uso_delle_tecnologie,false,,,,2026-05-17 13:07:16.61203,false,
1779023235907-12,Un foglio elettronico (spreadsheet) è:,"Un programma che permette di effettuare calcoli, elaborare dati e tracciare grafici","Un programma che permette di comporre, editare e formattare testi","Un programma che permette di strutturare, collegare e interrogare i dati secondo un modello logico",,A,Uso_delle_tecnologie,false,,,,2026-05-17 13:07:16.61203,false,
1779023235907-13,Cosa è una webcam?,É un sistema di telecamere digitali utilizzato nelle riprese a circuito chiuso,É la speciale telecamera utilizzata nella ripresa dei programmi televisivi in streaming,É una video-camera collegata ad Internet che rende disponibili in rete le immagini riprese ad intervalli regolari,,C,Uso_delle_tecnologie,false,,,,2026-05-17 13:07:16.61203,false,
1779023235907-14,Nel circuito PEC vengono rilasciate delle ricevute ai fini della certificazione del messaggio di posta elettronica certificata. Quali?,"Di accettazione, di presa in carico, di avvenuta consegna","Di accettazione, di presa in carico, di avvenuta consegna e di rilevazione dei virus informatici","Di accettazione, di presa in carico, di avvenuta consegna, di formato",,A,Uso_delle_tecnologie,false,,,,2026-05-17 13:07:16.61203,false,
1779023235907-15,Secondo la legislazione italiana cosa si intende con accreditamento?,"Il riconoscimento del possesso, da parte del certificatore che lo richieda, dei requisiti del livello più elevato, in termini di qualità e di sicurezza.","Il riconoscimento del possesso, da parte del certificatore che lo richieda, dei requisiti del livello minimo, in termini di qualità e di sicurezza.",Un particolare procedimento tra una pubblica amministrazione e la Banca d'Italia .,,A,Uso_delle_tecnologie,false,,,,2026-05-17 13:07:16.61203,false,
1779023235907-16,Da una casella di Posta Elettronica Certificata (PEC) è possibile inviare un messaggio a chiunque abbia una casella di posta elettronica?,"Sì, ma l'invio e la ricezione di un messaggio di PEC hanno valore legale solo nel caso in cui il destinatario sia dotato di una casella di Posta Elettronica Certificata","Sì, ma affinchè l'invio e la ricezione di un messaggio di PEC abbiano valore legale, è sufficiente che il mittente sia dotato di una casella di Posta Elettronica Certificata","No, è possibile inviare un messaggio solo a chi ha casella di Posta Elettronica Certificata",,A,Uso_delle_tecnologie,false,,,,2026-05-17 13:07:16.61203,false,
1779023235907-17,L'acronimo CD-ROM indica:,Compact Disc Read Only Memory,Compact Disc Root Open Memory,Computer Disc Readable Open Memory,,A,Uso_delle_tecnologie,false,,,,2026-05-17 13:07:16.61203,false,
1779023235907-18,"Nell'ambito della PEC, cos'è la marca temporale?","Un ulteriore validità temporale, del documento informatico, che consente di rendere opponibili a terzi il riferimento temporale associato al documento",Un'immagine da apporre sul documento informatico simile ad un francobollo con la data del documento,"Un ulteriore validità temporale, del documento informatico, che tuttavia non consente di rendere opponibili a terzi il riferimento temporale associato al documento",,A,Uso_delle_tecnologie,false,,,,2026-05-17 13:07:16.61203,false,
1779023235907-19,Come possono essere classificati in modo corretto i componenti fisici e logici degli elaboratori?,Hardware e software,Sistemi centrali e sistemi periferici,Sistemi di base e sistemi applicativi,,A,Uso_delle_tecnologie,false,,,,2026-05-17 13:07:16.61203,false,
1779023235907-2,Tramite l'operazione di backup è possibile:,Comprimere lo spazio libero dell'hard disk,Salvare il contenuto di un hard disk,Riordinare il contenuto dell'hard disk secondo determinati criteri,,B,Uso_delle_tecnologie,false,,,,2026-05-17 13:07:16.61203,false,
1779023235907-3,Cosa è una linea ADSL (Asymmetric Digital Subscriber Line)?,Il collegamento dei telefoni domestici per via satellitare,Una tecnica di connessione a larga banda che utilizza il doppino telefonico,La connessione ad internet su fibra ottica,,B,Uso_delle_tecnologie,false,,,,2026-05-17 13:07:16.61203,false,
1779023235907-4,É di norma possibile stampare su una stampante diversa da quella fisicamente connessa al proprio PC?,Solo quando la stampante connessa al proprio terminale è occupata,"No, mai","Sì, se il computer è in rete",,C,Uso_delle_tecnologie,false,,,,2026-05-17 13:07:16.61203,false,
1779023235907-5,La dimensione della memoria centrale in un computer si misura in:,Mbyte,Mhertz,Mbit,,A,Uso_delle_tecnologie,false,,,,2026-05-17 13:07:16.61203,false,
1779023235907-6,Esiste un meccanismo più sofisticato della firma elettronica: la firma elettronica avanzata che garantisce...,"L'associazione univoca a chi l'ha apposta, il controllo esclusivo del firmatario sui mezzi che l'hanno prodotta e l'integrità del documento","L'autenticità del documento, ma con un'affidabilità molto più elevata",Lo stesso valore legale attribuito alla firma autografa,,A,Uso_delle_tecnologie,false,,,,2026-05-17 13:07:16.61203,false,
1779023235907-7,Quali di queste affermazioni sulla posta elettronica certificata (PEC) è vera?,La PEC è il corrispondente della raccomandata postale con ricevuta di ritorno A/R,"La PEC è uno strumento che non certifica l'identità del mittente, anche se il mittente usa la propria firma digitale","La PEC è un sistema di posta elettronica che identifica con relativa certezza il mittente di un messaggio, ma che non ha alcun valore legale",,A,Uso_delle_tecnologie,false,,,,2026-05-17 13:07:16.61203,false,
1779023235907-8,Il backup dei dati serve ad eseguire:,Una formattazione dei dati,La cancellazione dei dati,Una copia dei dati,,C,Uso_delle_tecnologie,false,,,,2026-05-17 13:07:16.61203,false,
1779023235907-9,Nel normale utilizzo di un computer quale operazione tra le seguenti è consigliabile fare periodicamente per evitare ogni rischio di perdita di dati?,Effettuare una copia di backup dei dati su cui si lavora,Memorizzare i dati in una particolare area del disco fisso,Effettuare una formattazione del disco fisso,,A,Uso_delle_tecnologie,false,,,,2026-05-17 13:07:16.61203,false,
1779023235908-20,Che differenza c'è tra PEC e firma digitale?,La Pec assicura che un messaggio arrivi inalterato e garantisce l'identità del mittente;con la firma digitale il mittente appone il proprio autografo al contenuto della mail e ad eventuali allegati ad ulteriore garanzia della propria identità,"La Pec assicura che un messaggio arrivi inalterato, non garantisce però l'identità del mittente; con la firma digitale il mittente appone il proprio autografo non al contenuto della mail ma agli allegati come garanzia dell'invio del messaggio",La Pec assicura che un messaggio arrivi inalterato e garantisce l'identità del mittente; con la firma digitale il mittente appone il proprio autografo al documento cartaceo e ad eventuali allegati ad ulteriore garanzia della propria identità,,B,Uso_delle_tecnologie,false,,,,2026-05-17 13:07:16.61203,false,
1779023235908-21,Come definisce la Carta d'Identità Elettronica (CIE) la legislazione italiana:,Il documento d'identità munito di fotografia del titolare rilasciato su supporto informatico dalle amministrazioni comunali con la prevalente finalità di dimostrare l'identità anagrafica del titolare.,L'unico documento d'identità munito di fotografia del titolare rilasciato da amministrazioni comunali valido per l'espatrio in paesi non UE.,Il documento d'identità munito di fotografia del titolare rilasciato da amministrazioni comunali per erogare servizi.,,A,Uso_delle_tecnologie,false,,,,2026-05-17 13:07:16.61203,false,
1779023235908-22,Quale delle seguenti affermazioni relative alla firma digitale è corretta?,La firma digitale può essere usata da tutti i soggetti pubblici o privati abilitati da una Autorità di certificazione,La firma digitale può essere usata solo dai privati,La firma digitale può essere usata solo dalla Pubblica Amministrazione,,A,Uso_delle_tecnologie,false,,,,2026-05-17 13:07:16.61203,false,
1779023235908-23,Una applicazione per la gestione di basi dati (database) è:,"Un programma che permette di strutturare, collegare e interrogare i dati secondo un modello logico","Un programma che permette di comporre, editare e formattare testi","Un programma che permette di effettuare calcoli, elaborare dati e tracciare grafici",,A,Uso_delle_tecnologie,false,,,,2026-05-17 13:07:16.61203,false,
1779023235908-24,L'accesso alla RAM è solitamente:,Meno veloce dell'accesso al disco rigido,Più veloce dell'accesso al disco rigido,Veloce come l'accesso al disco rigido,,B,Uso_delle_tecnologie,false,,,,2026-05-17 13:07:16.61203,false,
1779023235908-25,Cosa è lo spamming?,Il blocco del funzionamento della casella di posta causato dall'invio indiscriminato di email,L'invio di mail non desiderato dal ricevente per scopi commerciali o anche semplicemente al fine di causare disturbo,Un'applicazione per aumentare la velocità del computer,,B,Uso_delle_tecnologie,false,,,,2026-05-17 13:07:16.61203,false,
1779023235908-26,Su una tastiera estesa per PC il tasto denominato Caps Lock ha la funzione di:,Bloccare la tastiera in modo che non possa essere utilizzata da estranei,Simulare la continua pressione del tasto Shift (Maiuscolo) per tutti i tasti della tastiera,Far sì che le lettere siano riprodotte in maiuscolo,,C,Uso_delle_tecnologie,false,,,,2026-05-17 13:07:16.61203,false,
1779023235908-27,Cosa succede quando si formatta un disco?,Il disco viene copiato nella memoria RAM,Il disco viene predisposto al ricevimento dei dati anche tramite la suddivisione in tracce e settori,Il contenuto del disco viene salvato in un supporto esterno,,B,Uso_delle_tecnologie,false,,,,2026-05-17 13:07:16.61203,false,
1779023235908-28,Da chi viene erogato il servizio di posta elettronica certificata (PEC)?,Il servizio PEC viene erogato da specifici gestori accreditati presso il AgID,Il servizio PEC viene erogato da specifici gestori accreditati presso il FormezPA,Il servizio PEC viene erogato da specifici gestori accreditati presso il W3C,,A,Uso_delle_tecnologie,false,,,,2026-05-17 13:07:16.61203,false,
1779023235908-29,Quale tra i seguenti è un software per la navigazione in Internet?,Excel,Excite,Safari,,C,Uso_delle_tecnologie,false,,,,2026-05-17 13:07:16.61203,false,
1779023235908-30,Con il termine mainframe si indica solitamente:,Un elaboratore di grandi dimensioni ed elevata capacità di calcolo,Un tipo di sistema operativo per elaboratori di grandi dimensioni,La pagina iniziale di un sito Internet,,A,Uso_delle_tecnologie,false,,,,2026-05-17 13:07:16.61203,false,
1779023235908-31,"Con il termine notebook, si intende:",Un computer portatile,Un'agenda elettronica,Un computer multimediale,,A,Uso_delle_tecnologie,false,,,,2026-05-17 13:07:16.61203,false,
1779023235908-32,Il plotter è una unità che permette di:,Disegnare su carta,Acquisire dati multimediali di vario tipo,Stampare documenti in formato immagine,,A,Uso_delle_tecnologie,false,,,,2026-05-17 13:07:16.61203,false,
1779023235908-33,La velocità di un microprocessore è misurata in:,Bit,Mhz,Mbit,,B,Uso_delle_tecnologie,false,,,,2026-05-17 13:07:16.61203,false,
1779023235908-34,La firma digitale ha valore legale?,"Sì, ha valore legale","No, non ha valore legale","Ha valore legale solo se esiste un documento cartaceo, in archivio,su cui vi è apposta la firma autografa che ne possa comprovare l'autenticità",,A,Uso_delle_tecnologie,false,,,,2026-05-17 13:07:16.61203,false,
1779023235908-35,Il termine telematica nasce dal connubio tra:,Telecomunicazioni ed informatica,Telecomunicazioni e didattica,Televideo ed informatica,,A,Uso_delle_tecnologie,false,,,,2026-05-17 13:07:16.61203,false,
1779023235908-36,Qual è una delle estensioni principali per i file dedicati alle immagini?,.jpg,.zip,.rar,,A,Uso_delle_tecnologie,false,,,,2026-05-17 13:07:16.61203,false,
1779023235908-37,La videoscrittura (word processing) è:,"Un programma che permette di comporre, editare e formattare testi","Un programma che permette di effettuare calcoli, elaborare dati e tracciare grafici","Un programma che permette di strutturare, collegare e interrogare i dati secondo un modello logico",,A,Uso_delle_tecnologie,false,,,,2026-05-17 13:07:16.61203,false,
1779023235908-38,La sigla CPU è l'acronimo di:,Central Protocol Undirect,Central Point Unit,Central Processing Unit,,C,Uso_delle_tecnologie,false,,,,2026-05-17 13:07:16.61203,false,
1779023235908-39,"In una rete di computer, viene nominato server di rete:",Il computer che sovrintende le operazioni della rete e sul quale sono residenti i programmi di gestione e amministrazione della rete stessa,Il computer che è dotato del microprocessore più potente e garantisce la connessione ad internet,L'insieme dei computer collegati fra loro attraverso una LAN,,A,Uso_delle_tecnologie,false,,,,2026-05-17 13:07:16.61203,false,
1779023235908-40,Fare il back-up di un disco rigido significa:,Controllare lo stato del disco fisso,Eseguire la scansione del disco,Riportare il contenuto del disco fisso su un altro supporto,,C,Uso_delle_tecnologie,false,,,,2026-05-17 13:07:16.61203,false,
1779023235908-41,Quali dei seguenti elementi non può essere considerato hardware?,La RAM,Il sistema operativo,La tastiera,,B,Uso_delle_tecnologie,false,,,,2026-05-17 13:07:16.61203,false,
1779023235908-42,"In un messaggio firmato digitalmente utilizzando una chiave asimmetrica, il mittente, per firmare il messaggio usa....",La propria chiave privata,La propria chiave pubblica,La propria chiave simmetrica,,A,Uso_delle_tecnologie,false,,,,2026-05-17 13:07:16.61203,false,
1779023235908-43,"L'utilizzo di un gruppo di continuità, permette di:",Evitare lo spegnimento del computer in caso di black-out dell'energia elettrica,Spegnere automaticamente il pc in caso di black-out dell'energia elettrica,Poter disporre di una connessione permanente ad Internet,,A,Uso_delle_tecnologie,false,,,,2026-05-17 13:07:16.61203,false,
1779023235908-45,Nell'intestazione di un messaggio e-mail compare: From: pippo@italiano.it To: topolino@topolinia.com Bcc: paperino@papero.net Quale delle seguenti affermazioni è corretta?,L'utente topolino è il destinatario,L'utente topolino è il mittente,L'utente pippo è il destinatario nascosto,,A,Uso_delle_tecnologie,false,,,,2026-05-17 13:07:16.61203,false,
1779023235908-46,Quando è entrato in vigore il codice sulla tutela dei dati personali?,1 gennaio 2004,1 gennaio 2005,1 gennaio 2003,,A,Uso_delle_tecnologie,false,,,,2026-05-17 13:07:16.61203,false,
1779023235908-47,Quali tipi di software sono definiti dal termine defrag?,I programmi per la gestione e il calcolo di tabelle di dati,I programmi che permettono la connessione ad un computer centrale facendo sì che il computer locale possa agire come un suo terminale,I programmi di sistema per la deframmentazione e il riordino dei file e degli spazi vuoti sui dischi del computer,,C,Uso_delle_tecnologie,false,,,,2026-05-17 13:07:16.61203,false,
1779023235908-48,"Normalmente su una penna USB, che tipo di files possiamo copiare?",Solo files di dati formattati,Qualsiasi tipo di files,Solo files di dati compressi,,B,Uso_delle_tecnologie,false,,,,2026-05-17 13:07:16.61203,false,
1779023235908-49,La posta elettronica certificata (PEC) ha valore legale?,"Si, ha lo stesso valore legale della tradizionale raccomandata con avviso di ricevimento","No, non ha valore legale","SI, ha lo stesso valore legale della tradizionale raccomandata senza avviso di ricevimento",,A,Uso_delle_tecnologie,false,,,,2026-05-17 13:07:16.61203,false,
1779023235908-50,Quali sono i vantaggi dell'utilizzo della PEC per gli Enti pubblici?,"L'ottimizzazione della comunicazione tra l'Ente e gli altri Enti, le imprese, i professionisti e i cittadini",Ottimizzazione e velocizzazione dei flussi operativi interni quando non è disponibile il servizio via posta tradizionale,L'attuazione della norma che impone la dematerializzazione dei processi,,A,Uso_delle_tecnologie,false,,,,2026-05-17 13:07:16.61203,false,
1779023235908-51,Una mailing list è:,"Un sistema, solitamente automatizzato, che invia messaggi email a tutti i membri registrati di una lista",Una rubrica alfabetica di indirizzi e-mail,Un software per la gestione della posta elettronica,,A,Uso_delle_tecnologie,false,,,,2026-05-17 13:07:16.61203,false,
1779023235908-52,In informatica cosa si intende con il termine driver?,Un programma di Guida in linea,Un programma che permette il colloquio tra un computer ed una particolare periferica,Una programma per l'avvio del sistema operativo,,B,Uso_delle_tecnologie,false,,,,2026-05-17 13:07:16.61203,false,
1779023235908-53,"In uno schermo, i pixel misurano:",La risoluzione,La luminosità,La gamma dei colori,,A,Uso_delle_tecnologie,false,,,,2026-05-17 13:07:16.61203,false,
1779023235908-54,Le modalità di utilizzo della posta elettronica certificata (PEC) sono diverse da quelle di una normale posta elettronica?,"No, sono uguali","Sì, se si utilizza un client di posta elettronica particolare","Sì, se si utilizza una web mail particolare",,A,Uso_delle_tecnologie,false,,,,2026-05-17 13:07:16.61203,false,
1779023235908-55,Quale delle seguenti affermazioni meglio descrive la Firma Digitale?,É un'informazione che viene aggiunta ad un documento informatico al fine di garantirne integrità e provenienza,É il codice personale rilasciato dal gestore di caselle PEC,É l'immagine scannerizzata della firma autografa,,A,Uso_delle_tecnologie,false,,,,2026-05-17 13:07:16.61203,false,
1779023235908-56,Dove è possibile trovare la normativa di riferimento della posta elettronica certificata (PEC)?,La normativa è interamente presente e scaricabile dall'apposita sezione del sito di AgID,La normativa è interamente presente e scaricabile dall'apposita sezione del sito del FormezPA,La normativa è interamente presente e scaricabile dall'apposita sezione del sito del W3C,,A,Uso_delle_tecnologie,false,,,,2026-05-17 13:07:16.61203,false,
1779023235908-57,Di cosa ho bisogno per attivare una casella di PEC?,Semplicemente di un computer e di una connessione internet,Solo di una connessione internet,Sono necessari specifici dispositivi hardware,,A,Uso_delle_tecnologie,false,,,,2026-05-17 13:07:16.61203,false,
1779023235908-58,"Quale, tra le seguenti terne di requisiti, deve essere garantita dalla firma digitale?","Riservatezza, integrità, autenticità.","Segretezza, autenticità, oggettività.","Ora dell'invio, luogo di partenza e di destinazione.",,A,Uso_delle_tecnologie,false,,,,2026-05-17 13:07:16.61203,false,
1779023235908-59,In un word processor cos'è la stampa unione?,Una procedura per abbinare ad un testo costante una serie di dati variabili,Una procedura per stampare un documento insieme a tutte le proprietà del relativo file,Una procedura per stampare in una sola volta più documenti diversi,,A,Uso_delle_tecnologie,false,,,,2026-05-17 13:07:16.61203,false,
1779023235908-60,"Se si procede alla firma di un documento informatico .txt, alla fine del processo di firma digitale avremo un file formato:",`.p7m` a cui si antepone l'estensione del file originario,`.7pm` a cui si antepone l'estensione del file originario,`.p7m` a cui si aggiunge l'estensione del file originario,,C,Uso_delle_tecnologie,false,,,,2026-05-17 13:07:16.61203,false,
1779023235908-61,"In un PC, si definisce driver:",Un software che consente di utilizzare una particolare periferica,Una programma per l'avvio del sistema operativo,Una periferica per la connessione in rete,,A,Uso_delle_tecnologie,false,,,,2026-05-17 13:07:16.61203,false,
1779023235908-62,Quale delle seguenti affermazioni sui virus è falsa?,Il virus viene contratto solo su computer capaci di connettersi ad Internet,Il virus si infiltra in altri file,Il virus è un software scritto appositamente per arrecare danni più o meno gravi al sistema,,A,Uso_delle_tecnologie,false,,,,2026-05-17 13:07:16.61203,false,
1779023235908-63,Che tipo di periferica è la tastiera?,Output,Input,Input/Output,,B,Uso_delle_tecnologie,false,,,,2026-05-17 13:07:16.61203,false,
1779023235908-64,Cosa è il firewall?,Un programma per accedere ad Internet piu' velocemente,Un sistema di sicurezza software che fornisce al computer una protezione contro i virus informatici e accessi non autorizzati al pc dove viene istallato,Un famoso antivirus,,B,Uso_delle_tecnologie,false,,,,2026-05-17 13:07:16.61203,false,
1779023235908-66,Che cosa accade se invio un messaggio di PEC ad una casella tradizionale (non PEC)?,"Il messaggio viene correttamente spedito ma,arrivato a destinazione,non viene inviata alcuna ricevuta di accettazione al mittente",Il messaggio viene correttamente spedito ed al mittente viene inviata la ricevuta di accettazione del messaggio,La posta certificata è stata creata per scambiare messaggi solo tra caselle PEC,,B,Uso_delle_tecnologie,false,,,,2026-05-17 13:07:16.61203,false,
1779023235908-67,Tra i seguenti indirizzi di posta elettronica uno solo potrebbe essere potenzialmente corretto poiché non contiene errori formali. Quale?,viverebene://benessere@tin.it,viverebene.benessere\benessere@server.it,viverebene.benessere@tin.it,,C,Uso_delle_tecnologie,false,,,,2026-05-17 13:07:16.61203,false,
1779023235908-68,Per copia di backup si intende:,Una copia di comodo,Una copia di utilità,Una copia di sicurezza,,C,Uso_delle_tecnologie,false,,,,2026-05-17 13:07:16.61203,false,
1779023235908-69,Cosa non viene certificato dal servizio di posta elettronica certificata (PEC)?,La PEC non dispone della certificazione del contenuto del messaggio,La PEC non dispone della certificazione della ricezione del messaggio,La PEC non dispone della certificazione dell'invio del messaggio,,A,Uso_delle_tecnologie,false,,,,2026-05-17 13:07:16.61203,false,
1779023235908-70,Il comando scandisk permette:,Di recuperare le unità di allocazione perse che occupano spazio sul disco,Di recuperare i files persi che occupano spazio sul disco,Di recuperare le directories perse che occupano spazio sul disco,,A,Uso_delle_tecnologie,false,,,,2026-05-17 13:07:16.61203,false,
1779023235908-71,Quali documenti si possono firmare con la firma digitale?,Qualsiasi documento elettronico,Solo i documenti che riguardano i rapporti tra privati,Solo i documenti che riquardano i rapporti tra P.A ed Enti Pubblici,,A,Uso_delle_tecnologie,false,,,,2026-05-17 13:07:16.61203,false,
1779023235908-72,"In informatica, la visualizzazione con una determinata risoluzione video dipende:",Dal tipo di monitor e dal tipo di scheda grafica,Esclusivamente dal tipo di microprocessore,Solo dal tipo di scheda grafica,,A,Uso_delle_tecnologie,false,,,,2026-05-17 13:07:16.61203,false,
1779023235908-73,Quali files è conveniente non copiare da Internet per evitare di scaricare files contenenti virus?,I files di immagini con estensione .pcx e .bmp,I files eseguibili con estensione .exe e .com,I files documento con estensione .txt e .doc,,B,Uso_delle_tecnologie,false,,,,2026-05-17 13:07:16.61203,false,
1779023235908-74,Quando il mittente non può negare di avere inviato un messaggio (che ha effettivamente inviato) vuol dire che il sistema utilizzato garantisce ...,Il Non-ripudio,L'Integrità,L'Autenticità,,A,Uso_delle_tecnologie,false,,,,2026-05-17 13:07:16.61203,false,
1779023235908-75,Una casella di posta elettronica è:,Uno spazio su disco del fornitore del servizio,Un programma di gestione della posta elettronica sul proprio computer,Un programma di gestione della posta elettronica sul computer del fornitore del servizio,,A,Uso_delle_tecnologie,false,,,,2026-05-17 13:07:16.61203,false,
1779023235908-76,Una lista di persone a cui viene inviato uno stesso messaggio si definisce:,Mainframe,Mailing List,Mail Address,,B,Uso_delle_tecnologie,false,,,,2026-05-17 13:07:16.61203,false,
1779023235908-77,Quale delle seguenti caratteristiche di un messaggio non può essere garantita dalla firma digitale?,Confidentiality,Authentication,Non-repudiation.,,A,Uso_delle_tecnologie,false,,,,2026-05-17 13:07:16.61203,false,
1779023235908-78,Quali sono le regole da tener presente nell'invio di documenti informatici via telematica?,"Riservatezza, integrità, autenticità, non ripudiabilità",Riservatezza e autenticità,Riservatezza ed integrità del documento,,A,Uso_delle_tecnologie,false,,,,2026-05-17 13:07:16.61203,false,
1779023235908-79,Cosa si intende per principio di ripudiabiltà (PEC)?,La possibilità per il mittente di negare di aver inviato il messaggio o per il destinatario di averlo ricevuto,La possibilità per il mittente di attestare l'avvenuta consegna del messaggio anche senza avviso di ricezione per il destinatario,La possibilità per il destinatario di contestare l'avvenuta consegna del messaggio,,A,Uso_delle_tecnologie,false,,,,2026-05-17 13:07:16.61203,false,
1779023235908-80,Che cosa è un meta-motore di ricerca?,Un motore di ricerca che si avvale di altri motori di ricerca,Un qualsiasi motore di ricerca web,Un motore di ricerca per determinati tipi di file,,A,Uso_delle_tecnologie,false,,,,2026-05-17 13:07:16.61203,false,
1779023235908-81,Cosa è una LAN (Local Area Network)?,"Un sistema per la condivisione di risorse quali stampanti, unità di memoria di massa, etc.","Una rete di computer situati in un'area limitata, tipicamente nello stesso edificio o azienda",Un sistema di gestione della posta elettronica nell'ambito dello stesso edificio o azienda,,B,Uso_delle_tecnologie,false,,,,2026-05-17 13:07:16.61203,false,
1779023235908-82,Gli allegati di un messaggio di posta elettronica possono essere:,Generalmente file di qualunque tipo,Esclusivamente file compressi ed eseguibili,Solo file di archiviazione dati,,A,Uso_delle_tecnologie,false,,,,2026-05-17 13:07:16.61203,false,
1779023235908-83,Qual è il ruolo dell'Autorità di Certificazione nell'ambito di un sistema di firma digitale?,L'Autorità di Certificazione deve garantire e rendere pubblica l'associazione fra la firma digitale ed il soggetto che la utilizza,L'Autorità di Certificazione deve garantire le credenziali del titolare e la sua privacy,L'Autorità di Certificazione deve certificare la corretta protocollazione e catalogazione del messaggio,,A,Uso_delle_tecnologie,false,,,,2026-05-17 13:07:16.61203,false,
1779023235908-84,"Su una tastiera estesa per PC, il tasto Bloc Num ha la funzione di:",Far sì che il tastierino numerico sulla destra della tastiera possa essere abilitato per introdurre dei numeri,Far sì che la tastiera introduca solo numeri,Bloccare il tastierino numerico in modo che non sia utilizzabile,,A,Uso_delle_tecnologie,false,,,,2026-05-17 13:07:16.61203,false,
1779023235908-85,Che cosa è un virus informatico?,Un programma preso dalla rete che compie un certo numero di operazioni più o meno dannose,Un programma che si preleva dalla rete e di cui non è possibile conoscere l'estensione del file,Un programma preso dalla rete che infetta il pc esclusivamente ricevendo o leggendo un messaggio di posta elettronica,,A,Uso_delle_tecnologie,false,,,,2026-05-17 13:07:16.61203,false,
1779023235908-86,La scheda madre è:,La scheda necessaria per il collegamento in rete di un computer,La scheda dove sono montati tutti i componenti del PC,Il microprocessore del computer CPU,,B,Uso_delle_tecnologie,false,,,,2026-05-17 13:07:16.61203,false,
1779023235908-87,Per stampare su carta un file con estensione .doc è necessario:,Salvare il file documento su disco,Avere installato un driver di stampa di tipo Postscript,Avere una stampante installata nella cartella delle stampanti,,C,Uso_delle_tecnologie,false,,,,2026-05-17 13:07:16.61203,false,
1779023235908-88,Un lettore CD-ROM comune può leggere anche i CD musicali?,Solo se si è installato un apposito driver,"No, mai","Sì, sempre",,C,Uso_delle_tecnologie,false,,,,2026-05-17 13:07:16.61203,false,
1779023235908-89,I personal computer ed i mainframe hanno in comune:,Le stesse architetture logiche,Le stesse potenze elaborative,Le stesse dimensioni,,A,Uso_delle_tecnologie,false,,,,2026-05-17 13:07:16.61203,false,
1779023235908-90,Un video con refresh rate di 85Hz rispetto ad un video con refresh rate di 70Hz:,Permette di rappresentare un maggior numero di colori,Permette di produrre files di grafica molto elaborati,Permette di visualizzare una immagine più nitida e con minori sfarfallii,,C,Uso_delle_tecnologie,false,,,,2026-05-17 13:07:16.61203,false,
1779023235908-91,Per digitare i numeri utilizzando il tastierino numerico come bisogna procedere?,Si digitano i numeri senza nessuna procedura,"Attivare, se non lo è già, il tasto CAPS LOCK","Attivare, se non lo è già, il tasto BLOC NUM",,C,Uso_delle_tecnologie,false,,,,2026-05-17 13:07:16.61203,false,
1779023235908-93,Cosa si intende per impostazioni di default?,Particolari impostazioni delle schede di rete,Le impostazioni di partenza di un pc o di un software,Le impostazioni per la segnalazione degli errori,,B,Uso_delle_tecnologie,false,,,,2026-05-17 13:07:16.61203,false,
1779023235908-94,Per rendere più veloce l'utilizzo di un disco rigido è utile:,Utilizzare un programma che deframmenti il disco,Installare un software antivirus,Impostare le policy del firewall,,A,Uso_delle_tecnologie,false,,,,2026-05-17 13:07:16.61203,false,
1779023235908-95,Cosa è un gruppo di continuità?,Una periferica per la connessione continua in rete,Un programma per l'elaborazione continua di file multimediali,Un sistema a batterie tampone per sopperire ad eventuali black-out della rete elettrica,,C,Uso_delle_tecnologie,false,,,,2026-05-17 13:07:16.61203,false,
1779023235908-96,A chi si rivolge la posta certificata?,"Aziende, Pubbliche Amministrazioni, Associazioni e privati",Solo alle Pubbliche Amministrazioni,Alle Pubbliche Amministrazioni e ad alcune categorie specifiche di aziende e privati,,A,Uso_delle_tecnologie,false,,,,2026-05-17 13:07:16.61203,false,
1779023235908-97,Con il termine file si intende:,Una raccolta di immagini grafiche contenute in un unico documento,Una pagina di un documento di testo,Un insieme di byte gestiti dal sistema come un blocco unico avente un nome univoco,,C,Uso_delle_tecnologie,false,,,,2026-05-17 13:07:16.61203,false,
1779023235908-98,A che cosa serve tipicamente il formato .rtf?,È un formato che serve per lo scambio di documenti di testo tra programmi diversi,È un formato dedicato alla stampa delle immagini,È un formato dedicato alla gestione dei file compressi,,A,Uso_delle_tecnologie,false,,,,2026-05-17 13:07:16.61203,false,
1779023235908-99,La Firma Digitale NON serve per garantire....,La privacy.,L'accettazione (non-repudiation).,L'autenticazione (authentication).,,A,Uso_delle_tecnologie,false,,,,2026-05-17 13:07:16.61203,false,
1779024543278-1,"Ai fini del D.Lgs. n. 82/2005, i documenti per i quali sia possibile risalire al loro contenuto attraverso altre scritture o documenti di cui sia obbligatoria la conservazione, anche se in possesso di terzi, sono denominati:",originali unici,originali,originali non unici,,C,Diritto_Amministrativo,false,,,,2026-05-17 13:29:03.60111,false,
1779024543278-2,"Ai sensi dell'art. 8-bis del Codice dell'Amministrazione Digitale, le PP.AA. mettono a disposizione degli utenti:",connettività a banda larga per l'accesso alla rete Internet nei limiti della banda disponibile e con le modalità determinate dal Dipartimento della Funzione Pubblica,connettività a banda larga per l'accesso alla rete Internet nei limiti della banda disponibile e con le modalità determinate dall'AgID,connettività ad ampio spettro per l'accesso alla rete Internet nei limiti della banda disponibile e con le modalità determinate dall'AgID,,B,Diritto_Amministrativo,false,,,,2026-05-17 13:29:03.60111,false,
1779024543278-3,"Ai fini del D.Lgs. n. 82/2005 e s.m.i., l'insieme dei dati in forma elettronica, allegati oppure connessi tramite associazione logica ad altri dati elettronici, utilizzati come metodo di autenticazione informatica è denominato:",firma elettronica,firma elettronica qualificata,firma elettronica specifica,,A,Diritto_Amministrativo,false,,,,2026-05-17 13:29:03.60111,false,
1779024543278-4,"Ex co. 4 dell'art. 3 del Codice dell'Amministrazione Digitale, le PP.AA. e i gestori o esercenti di pubblici servizi comunicano con il cittadino esclusivamente tramite il domicilio digitale dallo stesso dichiarato:","senza oneri di spedizione a suo carico, a decorrere dal 1° gennaio 2018","senza oneri di spedizione a suo carico, a decorrere dal 1° gennaio 2013, salvo i casi in cui è prevista dalla normativa vigente una diversa modalità di comunicazione o di pubblicazione in via telematica","senza oneri di spedizione a suo carico, a decorrere dal 1° gennaio 2013",,B,Diritto_Amministrativo,false,,,,2026-05-17 13:29:03.60111,false,
1779024543278-5,L'art. 11 del D.Lgs. n. 82/2005:,è stato introdotto dal D.Lgs. 26 agosto 2016 n. 179,è stato modificato dal D.Lgs. 26 agosto 2016 n.181,è stato abrogato dal D.Lgs 26 agosto 2016 n. 179,,C,Diritto_Amministrativo,false,,,,2026-05-17 13:29:03.60111,false,
1779024543279-10,"AI fini del Codice dell'Amministrazione Digitale, l'Indice nazionale dei domicili digitali (INI-PEC) costituisce:",l'elenco certificato delle email delle imprese e dei professionisti di cui all'articolo 9 del D.Lgs. n. 82/2005 e s.m.i.,l'elenco dei domicili digitali delle imprese e dei professionisti non ancora funzionanti,l'elenco dei domicili digitali delle imprese e dei professionisti di cui all'articolo 6-bis del D.Lgs. n. 82/2005 e s.m.i.,,C,Diritto_Amministrativo,false,,,,2026-05-17 13:29:03.60111,false,
1779024543279-11,"Ai sensi del comma 1 lett. ad) dell'art. 1 del Codice dell'Amministrazione Digitale, l'interoperabilità è:","la caratteristica di un sistema informativo, le cui interfacce sono pubbliche e aperte, di interagire in maniera automatica con altri sistemi informativi per lo scambio di informazioni e l'erogazione di servizi",la caratteristica di un sistema informativo di seguire le regole tecniche e di indirizzo adottate secondo il procedimento di cui al Regolamento del C.A.D.,la caratteristica naturale di un sistema informativo di interagire in maniera automatica con altri sistemi informativi per lo scambio di informazioni e l'erogazione di servizi,,A,Diritto_Amministrativo,false,,,,2026-05-17 13:29:03.60111,false,
1779024543279-12,"Le pubbliche amministrazioni utilizzano, nei rapporti interni, in quelli con altre amministrazioni e con i privati, le tecnologie dell'informazione e della comunicazione, garantendo:",l'integrazione dei processi di servizio fra le diverse amministrazioni nel rispetto delle regole tecniche di cui all'art. 75 del Codice dell'Amministrazione Digitale,l'interoperabilità dei sistemi e l'integrazione dei processi di servizio fra le diverse amministrazioni nel rispetto delle regole tecniche di cui all'art. 71 del Codice dell'Amministrazione Digitale,l'interoperabilità dei sistemi fra le diverse amministrazioni nel rispetto delle regole tecniche di cui all'art. 71 del Codice dell'Amministrazione Digitale,,B,Diritto_Amministrativo,false,,,,2026-05-17 13:29:03.60111,false,
1779024543279-13,All'Ufficio responsabile per la transizione al digitale sono attribuiti anche i compiti relativi a:,"programmazione dello sviluppo dei sistemi informativi di telecomunicazione e fonia, in modo da assicurare anche la coerenza con gli standard tecnici e organizzativi comuni","coordinamento operativo dello sviluppo dei sistemi informativi di telecomunicazione e fonia, in modo da assicurare anche la coerenza con gli standard tecnici e organizzativi comuni","coordinamento strategico dello sviluppo dei sistemi informativi di telecomunicazione e fonia, in modo da assicurare anche la coerenza con gli standard tecnici e organizzativi comuni",,C,Diritto_Amministrativo,false,,,,2026-05-17 13:29:03.60111,false,
1779024543279-14,"L'elenco dei domicili digitali dei soggetti di cui all'articolo 2, comma 2, lettere a) e b) del D.Lgs. n. 82/2005 e s.m.i. è:",l'elenco certificato delle email dei Responsabili della prevenzione della Corruzione e Trasparenza delle PP..AA. di cui all'articolo 9-bis del D.Lgs. n. 82/2005 e s.m.i.,l'elenco certificato delle email delle imprese e dei professionisti di cui all'articolo 9 del D.Lgs. n. 82/2005 e s.m.i.,"l'Indice degli indirizzi della pubblica amministrazione e dei gestori di pubblici servizi, di cui all'articolo 6-ter",,C,Diritto_Amministrativo,false,,,,2026-05-17 13:29:03.60111,false,
1779024543279-15,"Le pubbliche amministrazioni nell'organizzare autonomamente la propria attività, utilizzano le tecnologie dell'informazione e della comunicazione:","nel rispetto dei princìpi di equità e giustizia, nonché per l'effettivo riconoscimento dei diritti dei cittadini e delle imprese",nel rispetto dei princìpi di trasparenza e accesso nonché per l'effettivo riconoscimento dei diritti dei cittadini e delle imprese,"nel rispetto dei princìpi di uguaglianza e di non discriminazione, nonché per l'effettivo riconoscimento dei diritti dei cittadini e delle imprese",,C,Diritto_Amministrativo,false,,,,2026-05-17 13:29:03.60111,false,
1779024543279-16,"Ai fini del Codice dell'Amministrazione Digitale, per ottimizzare la prestazione lavorativa, nel rispetto delle condizioni di sicurezza nell'utilizzo, le PP.AA.:","favoriscono l'uso da parte dei lavoratori di dispositivi elettronici personali o, se di proprietà dei predetti soggetti, personalizzabili","vietano l'uso da parte dei lavoratori di dispositivi elettronici personali o, se di proprietà dei predetti soggetti, personalizzabili","possono favorire l'uso da parte dei lavoratori di dispositivi elettronici personali o, se di proprietà dei predetti soggetti, personalizzabili, se ricorrono le condizioni previste all'art. 75",,A,Diritto_Amministrativo,false,,,,2026-05-17 13:29:03.60111,false,
1779024543279-17,"Ai sensi dell'art. art. 6-quater co. 2 del D.Lgs. n. 82/2005 e s.m.i., per i professionisti iscritti in albi ed elenchi il domicilio digitale è:","l'indirizzo inserito nell'elenco di cui all'articolo 5-bis, fermo restando il diritto di eleggerne uno diverso ai sensi dell'articolo 8","l'indirizzo inserito nell'elenco di cui all'articolo 6-bis, fermo restando il diritto di eleggerne uno diverso ai sensi dell'articolo 3-bis, comma 1-bis",esclusivamente l'indirizzo inserito nell'elenco di cui all'articolo 6-bis,,B,Diritto_Amministrativo,false,,,,2026-05-17 13:29:03.60111,false,
1779024543279-18,"Le comunicazioni elettroniche trasmesse ad uno dei domicili digitali di cui all'articolo 3-bis del CAD producono, quanto al momento della spedizione e del ricevimento:",gli stessi effetti giuridici delle comunicazioni a mezzo raccomandata con ricevuta di ritorno ed equivalgono alla notificazione per mezzo della posta salvo che la legge disponga diversamente,limitati effetti giuridici in riferimento alla notifica,gli stessi effetti giuridici delle comunicazioni a mezzo raccomandata con ricevuta di ritorno,,A,Diritto_Amministrativo,false,,,,2026-05-17 13:29:03.60111,false,
1779024543279-19,"Ai sensi del comma 1 lett. ae) dell'art. 1 del Codice dell'Amministrazione Digitale, si definisce cooperazione applicativa:","la parte del Sistema Pubblico di Connettività finalizzata all'interazione tra i sistemi informativi dei soggetti partecipanti, per garantire esclusivamente l'integrazione dei metadati",il protocollo stipulato tra due o più amministrazioni pubbliche che decidono di scambiarsi informazioni esclusivamente attraverso documenti digitali,"la parte del Sistema Pubblico di Connettività finalizzata all'interazione tra i sistemi informativi dei soggetti partecipanti, per garantire l'integrazione dei metadati, delle informazioni, dei processi e procedimenti amministrativi",,C,Diritto_Amministrativo,false,,,,2026-05-17 13:29:03.60111,false,
1779024543279-20,"La Carta Nazionale dei Servizi, ai sensi del comma 1 lett. d) dell'art. 1 del Codice dell'Amministrazione Digitale, è:",il documento rilasciato su supporto informatico per consentire l'accesso per via telematica ai servizi erogati dalle pubbliche amministrazioni,il documento rilasciato su supporto cartaceo per consentire l'accesso per via telematica ai servizi erogati dalle pubbliche amministrazioni,il documento rilasciato su supporto informatico per consentire l'accesso per via telematica ai servizi erogati dagli enti del Sistema Sanitario Nazionale,,A,Diritto_Amministrativo,false,,,,2026-05-17 13:29:03.60111,false,
1779024543279-21,"Ai sensi del comma 1 lett. i-quinquies) dell'art. 1 del Codice dell'Amministrazione Digitale, si definisce duplicato informatico:","il documento informatico ottenuto mediante la memorizzazione, esclusivamente sullo stesso dispositivo, della medesima sequenza di valori binari del documento originario","il documento informatico ottenuto mediante la memorizzazione, sullo stesso dispositivo o su dispositivi diversi, della medesima sequenza di valori binari del documento già riprodotto","il documento informatico ottenuto mediante la memorizzazione, sullo stesso dispositivo o su dispositivi diversi, della medesima sequenza di valori binari del documento originario",,C,Diritto_Amministrativo,false,,,,2026-05-17 13:29:03.60111,false,
1779024543279-22,"Ai sensi del comma 1 lett. n-quater) dell'art. 1 del Codice dell'Amministrazione Digitale, si definisce servizio in rete o on-line:",i servizi delle amministrazioni pubbliche previsti all'interno delle carte dei Servizi,i servizi gestiti in forma associata da reti di comuni,qualsiasi servizio di una amministrazione pubblica fruibile a distanza per via elettronica,,C,Diritto_Amministrativo,false,,,,2026-05-17 13:29:03.60111,false,
1779024543279-23,"Ai sensi del comma 1 lett. u-quater) dell'art. 1 del Codice dell'Amministrazione Digitale, l'identità digitale è:",la rappresentazione informatica della corrispondenza tra un utente e i suoi attributi utilizzati per tutte le attività compiute online,"la rappresentazione informatica della corrispondenza tra un utente e i suoi attributi identificativi, verificata attraverso l'insieme dei dati raccolti e registrati in forma digitale",l'insieme di dati strettamente necessari per l'adempimento di obblighi previsti dalla legge per l'utilizzo di Internet,,B,Diritto_Amministrativo,false,,,,2026-05-17 13:29:03.60111,false,
1779024543279-24,"Ex co. 4-ter dell'art. 3-bis del Codice dell'Amministrazione Digitale, in assenza del domicilio digitale dichiarato dai cittadini, si soddisfano gli obblighi di conservazione e esibizione dei documenti previsti dalla legislazione vigente laddove:","la copia analogica inviata al cittadino contenga una dicitura che specifica che il documento informatico, da cui la copia è tratta, è stato predisposto ed è disponibile presso la PA in conformità alle regole tecniche di cui all'art. 55 del CAD","la copia analogica inviata al cittadino contenga una dicitura che specifica che il documento informatico, da cui la copia è tratta, è disponibile presso la PA in qualunque momento","la copia analogica inviata al cittadino contenga una dicitura che specifica che il documento informatico, da cui la copia è tratta, è stato predisposto ed è disponibile presso la PA in conformità alle regole tecniche di cui all'art. 71 del CAD",,C,Diritto_Amministrativo,false,,,,2026-05-17 13:29:03.60111,false,
1779024543279-25,"Quale è lo strumento informatico che le P.A. rilasciano ai cittadini per consentire loro di accedere, attraverso la rete, a quei servizi per i quali sia necessaria l'identificazione in rete del soggetto?",TS (tessera sanitaria),firma digitale,CNS (Carta nazionale dei servizi),,C,Diritto_Amministrativo,false,,,,2026-05-17 13:29:03.60111,false,
1779024543279-26,"Ai sensi del comma 1 lett. i-sexies) dell'art. 1 del Codice dell'Amministrazione Digitale, si definiscono dati territoriali:",i dati che attengono direttamente a una località o a un'area geografica specifica,i dati ottenuti da una qualsiasi visura catastale,"i dati che attengono, direttamente o indirettamente, a una località o a un'area geografica specifica",,C,Diritto_Amministrativo,false,,,,2026-05-17 13:29:03.60111,false,
1779024543279-27,"Ai sensi del comma 1 lett. n-ter) dell'art. 1 del Codice dell'Amministrazione Digitale, si definisce domicilio digitale:","un indirizzo elettronico eletto esclusivamente presso un servizio di posta elettronica certificata, valido ai fini delle comunicazioni elettroniche aventi valore legale","qualsiasi indirizzo elettronico valido e funzionate, indicato dal cittadino ai fini delle comunicazioni elettroniche aventi valore legale","un indirizzo elettronico eletto presso un servizio di posta elettronica certificata o un servizio elettronico di recapito certificato qualificato, valido ai fini delle comunicazioni elettroniche aventi valore legale",,C,Diritto_Amministrativo,false,,,,2026-05-17 13:29:03.60111,false,
1779024543279-28,"Ai sensi del comma 1 lett. l-ter) dell'art. 1 del Codice dell'Amministrazione Digitale, si definiscono dati di tipo aperto anche quei dati (disponibili secondo licenza):","che sono disponibili secondo i termini di una licenza o di una previsione normativa che ne permetta l'utilizzo da parte di chiunque, anche per finalità commerciali, in formato aggregato","che sono disponibili secondo i termini di una licenza o di una previsione normativa che ne permetta l'utilizzo da parte di chiunque, fatta eccezione per le finalità commerciali, in formato disaggregato","che sono disponibili secondo i termini di una licenza o di una previsione normativa che ne permetta l'utilizzo da parte di chiunque, anche per finalità commerciali, in formato disaggregato",,C,Diritto_Amministrativo,false,,,,2026-05-17 13:29:03.60111,false,
1779024543279-29,"Ai sensi del comma 1 lett. l-ter) dell'art. 1 del Codice dell'Amministrazione Digitale, si definiscono dati di tipo aperto anche quei dati (resi disponibili ai costi):","resi disponibili ai costi operativi sostenuti per la loro riproduzione salvo quanto previsto dall'art. 7 del d.lgs. 24 gennaio 2006, n. 36",resi disponibili ai costi marginali sostenuti per la loro riproduzione e divulgazione salvo quanto previsto dall'art. 7 della L. n. 190/2012,"resi disponibili ai costi marginali sostenuti per la loro riproduzione e divulgazione salvo quanto previsto dall'art. 7 del d. lgs. 24 gennaio 2006, n. 36",,C,Diritto_Amministrativo,false,,,,2026-05-17 13:29:03.60111,false,
1779024543279-30,"Ai fini del Codice dell'Amministrazione Digitale, il pubblico elenco denominato Indice nazionale degli indirizzi di posta elettronica certificata (INI-PEC) delle imprese e dei professionisti, è istituito:",presso l'AgID,presso il Ministero per lo Sviluppo Economico,presso il Ministero dell'Economia e delle Finanze,,B,Diritto_Amministrativo,false,,,,2026-05-17 13:29:03.60111,false,
1779024543279-31,"Ai fini del Codice dell'Amministrazione Digitale, per i servizi in rete, le pubbliche amministrazioni e i soggetti pubblici consentono agli utenti di esprimere la soddisfazione rispetto alla qualità:","anche in termini di fruibilità, accessibilità e tempestività del servizio reso all'utente stesso e pubblicano sui propri siti i dati risultanti, ivi incluse le statistiche di utilizzo","anche in termini di fruibilità, semplicità e trasparenza del servizio reso all'utente stesso e pubblicano sui propri siti i dati risultanti, ivi incluse le statistiche di utilizzo","anche in termini di accessibilità, parità di trattamento e trasparenza, del servizio reso all'utente stesso e pubblicano sui propri siti i dati risultanti, ivi incluse le statistiche di utilizzo",,A,Diritto_Amministrativo,false,,,,2026-05-17 13:29:03.60111,false,
1779024543279-32,"Ai sensi del comma 1 lett. i-quater) dell'art. 1 del Codice dell'Amministrazione Digitale, si definisce copia informatica di documento informatico:",il documento informatico avente contenuto identico a quello del documento da cui è tratto su supporto informatico con diversa sequenza di valori binari,il documento informatico avente contenuto analogo a quello del documento da cui è tratto su supporto informatico con diversa sequenza di valori binari,il documento informatico avente contenuto identico a quello del documento da cui è tratto,,A,Diritto_Amministrativo,false,,,,2026-05-17 13:29:03.60111,false,
1779024543279-33,Un'istanza da presentare all'esercente di un pubblico servizio può essere trasmessa per via telematica:,No,"Si, limitatamente alle istanze intese ad ottenere benefici economici","Si, le istanze e le dichiarazioni sono valide se effettuate secondo quanto previsto dall'art. 65 del D.Lgs. n. 82/2005 e s.m.i.",,C,Diritto_Amministrativo,false,,,,2026-05-17 13:29:03.60111,false,
1779024543279-34,L'AgID definisce linee guida per la specifica dei codici identificativi del pagamento e le modalità attraverso le quali il prestatore dei servizi di pagamento mette a disposizione dell'ente le informazioni relative al pagamento medesimo:,sentita la Banca d'Italia,sentita la Presidenza del Consiglio dei Ministri - Dipartimento della Funzione Pubblica,sentito il Ministero dell'Economia e delle Finanze - Dipartimento Ragioneria generale dello Stato,,A,Diritto_Amministrativo,false,,,,2026-05-17 13:29:03.60111,false,
1779024543279-35,"Ai sensi del comma 1 lett. v-bis) dell'art. 1 del Codice dell'Amministrazione Digitale, la posta elettronica certificata è:",il sistema di comunicazione in grado di attestare l'invio e l'avvenuta consegna di un messaggio di posta elettronica e di fornire ricevute opponibili ai terzi,il sistema di comunicazione in grado di attestare l'invio e l'avvenuta consegna di un messaggio di posta elettronica ma senza fornire ricevute opponibili ai terzi,il sistema di comunicazione in grado di attestare l'invio e l'avvenuta consegna di un messaggio di posta elettronica,,A,Diritto_Amministrativo,false,,,,2026-05-17 13:29:03.60111,false,
1779024543279-36,Le disposizioni del Codice dell'amministrazione digitale si applicano:,"anche all'esercizio delle attività e funzioni di ordine e sicurezza pubblica, difesa e sicurezza nazionale e consultazioni elettorali",solo alle amministrazioni dello Stato e agli enti pubblici economici,"nel rispetto della disciplina rilevante in materia di trattamento dei dati personali e, in particolare, delle disposizioni in materia di protezione dei dati personali di cui al D.Lgs. n. 196/2003",,C,Diritto_Amministrativo,false,,,,2026-05-17 13:29:03.60111,false,
1779024543279-37,"La carta d'identità elettronica, ai sensi del comma 1 lett. c) dell'art. 1 del Codice dell'Amministrazione Digitale, è:",il documento d'identità munito di elementi per l'identificazione fisica del titolare rilasciato su supporto informatico dal MEF con la prevalente finalità di dimostrare l'identità anagrafica del suo titolare,il documento d'identità munito di elementi per l'identificazione fisica del titolare rilasciato su supporto informatico dalle amministrazioni comunali con la prevalente finalità di dimostrare l'identità anagrafica del suo titolare,il documento d'identità munito di elementi per l'identificazione fisica del titolare rilasciato su supporto informatico dall'AGID con la prevalente finalità di dimostrare l'identità anagrafica del suo titolare,,B,Diritto_Amministrativo,false,,,,2026-05-17 13:29:03.60111,false,
1779024543279-38,"Ai sensi del comma 1 lett. p) dell'art. 1 del Codice dell'Amministrazione Digitale, si definisce documento informatico:",il documento elettronico che contiene esclusivamente la rappresentazione informatica di atti,"il documento che contiene la rappresentazione di atti, fatti o dati giuridicamente rilevanti","il documento elettronico che contiene la rappresentazione informatica di atti, fatti o dati giuridicamente rilevanti",,C,Diritto_Amministrativo,false,,,,2026-05-17 13:29:03.60111,false,
1779024543279-39,"Ai sensi dell'art. 14-bis del Codice dell'Amministrazione Digitale, il Piano triennale per l'informatica nella pubblica amministrazione contiene:",la quantificazione della spesa annuale che le PP.AA. Italiane possono impegnare per lo sviluppo e gestione dei sistemi informativi,la fissazione degli obiettivi e l'individuazione dei principali interventi di sviluppo e gestione dei sistemi informativi delle amministrazioni pubbliche,la fissazione degli obiettivi annuali di monitoraggio e valutazione dello stato dei sistemi informativi delle amministrazioni pubbliche,,B,Diritto_Amministrativo,false,,,,2026-05-17 13:29:03.60111,false,
1779024543279-40,"Il D.Lgs. n. 82/2005 e s.m.i. dispone che lo Stato promuove iniziative volte a favorire l'alfabetizzazione informatica dei cittadini, anche al fine di favorire l'utilizzo dei servizi telematici delle P.A., con particolare riguardo:",ai giovani in età scolare,ai soggetti con disabilità,ai minori e alle categorie a rischio di esclusione,,B,Diritto_Amministrativo,false,,,,2026-05-17 13:29:03.60111,false,
1779024543279-41,"Ai sensi del comma 4 dell'art. 2 del Codice dell'Amministrazione Digitale, le disposizioni di cui al capo V, concernenti l'accesso ai documenti informatici, e la fruibilità delle informazioni digitali:",si applicano anche agli organismi di diritto pubblico,si applicano anche agli organismi di diritto pubblico con la sola eccezione di quelli partecipati da Enti Locali,non si applicano agli organismi di diritto pubblico,,A,Diritto_Amministrativo,false,,,,2026-05-17 13:29:03.60111,false,
1779024543279-42,"L'art. 9 del Codice dell'Amministrazione Digitale, in tema di partecipazione democratica elettronica, prevede:",anche l'utilizzo di forme di consultazione preventiva per via telematica sugli schemi di atto da adottare,"molteplici forme di uso delle nuove tecnologie per promuovere una maggiore partecipazione dei cittadini, ad eccezione delle consultazioni telematiche",che la materia sia disciplinata mediante un D.P.R. da emanarsi entro il 31/01/2020,,A,Diritto_Amministrativo,false,,,,2026-05-17 13:29:03.60111,false,
1779024543279-43,"La funzione di stabilire i criteri in tema di pianificazione, progettazione, realizzazione, gestione, mantenimento dei sistemi informativi automatizzati delle PP.AA. centrali e delle loro interconnessioni, della loro qualità e sicurezza:","Ai sensi dell'art. 16 del D.Lgs. n. 82/2005 e s.m.i., spetta all'Agenzia per l'Italia Digitale (AgID)","Ai sensi dell'art. 16 del D.Lgs. n. 82/2005 e s.m.i., spetta al Ministero dello Sviluppo","Ai sensi dell'art. 16 del D.Lgs. n. 82/2005 e s.m.i., spetta al Presidente del Consiglio dei Ministri o al Ministro delegato per l'innovazione e le tecnologie",,C,Diritto_Amministrativo,false,,,,2026-05-17 13:29:03.60111,false,
1779024543279-44,"Ai sensi del comma 1-ter dell'art. 1 del Codice dell'Amministrazione Digitale, ove la legge consente l'utilizzo della posta elettronica certificata:","è ammesso anche l'utilizzo di altro servizio elettronico di recapito certificato qualificato ai sensi degli articoli 3, numero 37), e 44 del Regolamento del C.A.D.",non è ammesso l'utilizzo di altro servizio elettronico di recapito certificato,"è ammesso anche l'utilizzo di altro servizio elettronico di recapito certificato qualificato ai sensi degli articoli 3, numero 37), e 44 del Regolamento eIDAS",,C,Diritto_Amministrativo,false,,,,2026-05-17 13:29:03.60111,false,
1779024543279-45,"L'estrazione dei domicili digitali dagli elenchi, di cui agli artt. 6-bis, 6-ter e 6-quater, del D.Lgs. n. 82/2005 e s.m.i.:",è effettuata secondo le modalità fissate dal Dipartimento della Funzione Pubblica nelle Linee guida,è effettuata secondo quanto disposto dal Regolamento UE 2016/679,è effettuata secondo le modalità fissate da AgID nelle Linee guida,,C,Diritto_Amministrativo,false,,,,2026-05-17 13:29:03.60111,false,
1779024543279-46,"Ai sensi del comma 1 lett. s) dell'art. 1 del Codice dell'Amministrazione Digitale, la firma digitale consente:",al titolare di firma elettronica di trasmettere con maggiore celerità il documento,al responsabile del procedimento di rendere manifesta e di verificare la provenienza e l'integrità di un documento informatico o di un insieme di documenti informatici,"al titolare di firma elettronica con la chiave privata e a un soggetto terzo con la chiave pubblica, rispettivamente, di rendere manifesta e di verificare la provenienza e l'integrità di un documento informatico o di un insieme di documenti informatici",,C,Diritto_Amministrativo,false,,,,2026-05-17 13:29:03.60111,false,
1779024543279-47,"Ai sensi del comma 1 lett. l-ter) dell'art. 1 del Codice dell'Amministrazione Digitale, si definiscono dati di tipo aperto anche quei dati (accessibili in formati aperti):","accessibili attraverso le tecnologie dell'informazione e della comunicazione, ivi comprese le reti telematiche pubbliche e private, in tutti i formati, adatti all'uso automatico da parte di programmi per elaboratori","accessibili attraverso le tecnologie dell'informazione e della comunicazione, ivi comprese le reti telematiche pubbliche e private, in formati aperti","accessibili mediante le tecnologie dell'informazione e comunicazione, ivi comprese le reti telematiche pubbliche e private, in formati aperti, adatti all'uso automatico da parte di programmi per elaboratori e provvisti dei relativi metadati",,C,Diritto_Amministrativo,false,,,,2026-05-17 13:29:03.60111,false,
1779024543279-48,"Ai sensi del comma 1 lett. s) dell'art. 1 del Codice dell'Amministrazione Digitale, si definisce firma digitale:","un particolare tipo di firma qualificata basata su un sistema di chiavi crittografiche pubbliche, correlate tra loro","un particolare tipo di firma qualificata basata su un sistema di chiavi crittografiche, una pubblica e una privata, correlate tra loro",la firma originale apposta dal titolare in calce a un documento in formato PDF,,B,Diritto_Amministrativo,false,,,,2026-05-17 13:29:03.60111,false,
1779024543279-49,"La realizzazione e la gestione dell'Indice nazionale dei domicili digitali delle persone fisiche e degli altri enti di diritto privato, non tenuti all'iscrizione in albi professionali o nel registro delle imprese:","sono affidate al Ministero dell'Economia e delle Finanze, dall'art. 7-quater del Codice dell'Amministrazione Digitale","sono affidate all'Agenzia delle Entrate, dall'art. 6-quater del Codice dell'Amministrazione Digitale","sono affidate all'AgID, dall'art. 6-quater del Codice dell'Amministrazione Digitale",,C,Diritto_Amministrativo,false,,,,2026-05-17 13:29:03.60111,false,
1779024543279-50,"Ai sensi del comma 6 dell'art. 2 del Codice dell'Amministrazione Digitale, le disposizioni del medesimo Codice (processo civile, penale):","non si applicano al processo civile, penale, amministrativo, contabile e tributario, salvo che sia diversamente disposto dalle disposizioni in materia di processo telematico","si applicano al processo civile, penale, amministrativo, contabile e tributario","si applicano altresì al processo civile, penale, amministrativo, contabile e tributario, in quanto compatibili e salvo che non sia diversamente disposto dalle disposizioni in materia di processo telematico",,A,Diritto_Amministrativo,false,,,,2026-05-17 13:29:03.60111,false,
1779024543279-51,Ai fini del D.Lgs. n. 82/2005 e s.m.i. la possibilità di utilizzare il dato anche trasferendolo nei sistemi informativi automatizzati di un'altra amministrazione è denominata:,fruibilità di un dato,dato pubblico,validazione temporale,,A,Diritto_Amministrativo,false,,,,2026-05-17 13:29:03.60111,false,
1779024543279-52,"Ai sensi del comma 4-bis dell'art. 3-bis del Codice dell'Amministrazione Digitale, le PP.AA. in assenza del domicilio digitale dichiarato dai cittadini, i soggetti pubblici:","non possono inviare agli stessi, per posta ordinaria o raccomandata con avviso di ricevimento, copia analogica dei documenti informatici, sottoscritti con firma autografa sostituita a mezzo stampa","possono inviare agli stessi, esclusivamente per raccomandata con avviso di ricevimento, copia analogica dei documenti informatici, sottoscritti con firma autografa sostituita a mezzo stampa","possono inviare agli stessi, per posta ordinaria o raccomandata con avviso di ricevimento, copia analogica dei documenti informatici, sottoscritti con firma autografa sostituita a mezzo stampa",,C,Diritto_Amministrativo,false,,,,2026-05-17 13:29:03.60111,false,
1779024543279-53,"AI sensi del comma 2-quater dell'art. 5 del D.Lgs. 7/3/2005, n. 82 e s.m.i., i prestatori di servizi di pagamento abilitati:",possono eseguire pagamenti a favore delle pubbliche amministrazioni attraverso l'utilizzo della piattaforma di cui al comma 2,possono eseguire pagamenti a favore delle pubbliche amministrazioni attraverso l'utilizzo di tutti i sistemi esistenti,eseguono pagamenti a favore delle pubbliche amministrazioni attraverso l'utilizzo della piattaforma di cui al comma 2,,C,Diritto_Amministrativo,false,,,,2026-05-17 13:29:03.60111,false,
1779024543279-54,Le norme concernenti i documenti informatici e la firma digitale sono contenute:,"nella legge 24/02/1993, n. 55","nel D.P.R. 28/07/2017, n. 287","nel D.Lgs. 7/03/2005, n. 82 e s.m.i.",,C,Diritto_Amministrativo,false,,,,2026-05-17 13:29:03.60111,false,
1779024543279-55,"Ai sensi del comma 1 lett. p-bis) dell'art. 1 del Codice dell'Amministrazione Digitale, si definisce documento analogico:","la rappresentazione non informatica di atti, fatti o dati giuridicamente rilevanti","la rappresentazione informatica di atti, fatti o dati giuridicamente rilevanti","la rappresentazione in un documento analogo all'originale di atti, fatti o dati giuridicamente rilevanti",,A,Diritto_Amministrativo,false,,,,2026-05-17 13:29:03.60111,false,
1779024543279-56,"Ai sensi del comma 1 lett. aa) dell'art. 1 del Codice dell'Amministrazione Digitale, il titolare di firma elettronica è:","la persona giuridica cui è attribuita la firma elettronica e che ha accesso ai dispositivi per la sua creazione, nonché alle applicazioni per la sua apposizione della firma elettronica","sia la persona fisica sia la persona giuridica cui è attribuita la firma elettronica e che hanno accesso ai dispositivi per la sua creazione, nonché alle applicazioni per la sua apposizione della firma elettronica","la persona fisica cui è attribuita la firma elettronica e che ha accesso ai dispositivi per la sua creazione, nonché alle applicazioni per la sua apposizione della firma elettronica",,C,Diritto_Amministrativo,false,,,,2026-05-17 13:29:03.60111,false,
1779024543279-57,"Ai sensi del comma 1 lett. i-ter) dell'art. 1 del Codice dell'Amministrazione Digitale, si definisce copia per immagine su supporto informatico di documento analogico:",il documento informatico avente contenuto e forma simili a quelli del documento analogico da cui è tratto,il documento informatico avente contenuto identico a quello del documento analogico da cui è tratto,il documento informatico avente contenuto e forma identici a quelli del documento analogico da cui è tratto,,C,Diritto_Amministrativo,false,,,,2026-05-17 13:29:03.60111,false,
1779024543279-58,"Nell'ambito della gestione dei processi di pagamento, l'AgID mette a disposizione, attraverso il Sistema pubblico di connettività:",una piattaforma tecnologica per l'interconnessione e l'interoperabilità tra le PP.AA. e i cittadini,le Linee Guida ai sistemi di pagamento elettronico,"una piattaforma tecnologica per l'interconnessione e l'interoperabilità tra le PP.AA. e i prestatori di servizi di pagamento abilitati, al fine di assicurare l'autenticazione dei soggetti interessati all'operazione",,C,Diritto_Amministrativo,false,,,,2026-05-17 13:29:03.60111,false,
1779024543279-59,"Ai sensi del comma 1 lett. v) dell'art. 1 del Codice dell'Amministrazione Digitale, si definiscono originali non unici:","i documenti per i quali sia possibile risalire al loro contenuto attraverso altre scritture o documenti di cui sia obbligatoria la conservazione, anche se in possesso di terzi",le copie in qualunque formato dei documenti digitali,i documenti analogici di cui sono disponibili numerose copie autenticate,,A,Diritto_Amministrativo,false,,,,2026-05-17 13:29:03.60111,false,
1779024543279-6,"Ai sensi del comma 1 lett. i-bis) dell'art. 1 del Codice dell'Amministrazione Digitale, si definisce copia informatica di documento analogico:",il documento cartaceo avente contenuto identico a quello del documento digitale da cui è tratto,il documento informatico avente contenuto simile a quello del documento analogico da cui è tratto,il documento informatico avente contenuto identico a quello del documento analogico da cui è tratto,,C,Diritto_Amministrativo,false,,,,2026-05-17 13:29:03.60111,false,
1779024543279-60,"Ai sensi del comma 1 lett. u-bis) dell'art. 1 del Codice dell'Amministrazione Digitale, il gestore di posta elettronica certificata è:",il soggetto che presta servizi di trasmissione dei documenti informatici mediante la posta celere,il funzionario pubblico abilitato alla trasmissione dei documenti digitali,il soggetto che presta servizi di trasmissione dei documenti informatici mediante la posta elettronica certificata,,C,Diritto_Amministrativo,false,,,,2026-05-17 13:29:03.60111,false,
1779024543279-7,"Ai sensi del comma 6 dell'art. 2 del Codice dell'Amministrazione Digitale, le disposizioni del medesimo Codice:","non si applicano limitatamente all'esercizio delle attività di ordine e sicurezza pubblica, difesa e sicurezza nazionale, polizia giudiziaria, polizia economico-finanziaria, consultazioni elettorali, comunicazioni di emergenza di protezione civile","si applicano anche all'esercizio delle attività di ordine e sicurezza pubblica, difesa e sicurezza nazionale, polizia giudiziaria","si applicano anche all'esercizio delle attività di ordine e sicurezza pubblica, difesa e sicurezza nazionale, polizia giudiziaria, polizia economico-finanziaria, consultazioni elettorali, alle comunicazioni di emergenza di protezione civile",,A,Diritto_Amministrativo,false,,,,2026-05-17 13:29:03.60111,false,
1779024543279-8,"Ai sensi del comma 1 lett. l-ter) dell'art. 1 del Codice dell'Amministrazione Digitale, si definiscono dati di tipo aperto anche quei dati (resi disponibili gratuitamente):","resi disponibili gratuitamente attraverso le tecnologie dell'informazione e della comunicazione, ivi comprese le reti telematiche pubbliche e private","resi disponibili gratuitamente attraverso le tecnologie dell'informazione e della comunicazione, ad esclusione delle reti telematiche pubbliche e private",resi disponibili a pagamento attraverso le tecnologie dell'informazione e della comunicazione,,A,Diritto_Amministrativo,false,,,,2026-05-17 13:29:03.60111,false,
1779024543279-9,"Ai sensi del comma 1 lett. l-bis) dell'art. 1 del Codice dell'Amministrazione Digitale, si definisce formato aperto:","un formato di dati reso pubblico, chiaro nella comprensione e neutrale rispetto agli strumenti tecnologici necessari per la fruizione dei dati stessi","un formato di dati reso pubblico, libero e accessibile alla fruizione di chiunque","un formato di dati reso pubblico, documentato esaustivamente e neutro rispetto agli strumenti tecnologici necessari per la fruizione dei dati stessi",,C,Diritto_Amministrativo,false,,,,2026-05-17 13:29:03.60111,false,
1779025862145-1,"Ai sensi dell'art. 43, co. 5, d.lgs. 33/2013, chi segnala i casi di inadempimento degli obblighi in materia di pubblicazione previsti dalla normativa vigente, all'ufficio di disciplina?",l'OIV,Il responsabile per la trasparenza,l'Autorità Nazionale Anticorruzione,,B,Diritto_Amministrativo,false,,,,2026-05-17 13:51:02.46987,false,
1779025862145-10,"Ai sensi dell'art. 41, co. 2, del d. lgs. 33/2013, le amministrazioni e gli enti del servizio sanitario nazionale:",non sono tenute a pubblicare i dati relativi alle spese ed ai pagamenti effettuati,"pubblicano altresì, nei loro siti istituzionali, i dati relativi a tutte le spese e a tutti i pagamenti effettuati, distinti per tipologia di lavoro, bene o servizio, ma non permettono alcun tipo di consultazione","pubblicano altresì, nei loro siti istituzionali, i dati relativi a tutte le spese e a tutti i pagamenti effettuati, distinti per tipologia di lavoro, bene o servizio, e ne permettono la consultazione, in forma sintetica e aggregata",,C,Diritto_Amministrativo,false,,,,2026-05-17 13:51:02.46987,false,
1779025862145-11,"Le aziende sanitarie ed ospedaliere pubblicano tutte le informazioni e i dati concernenti le procedure di conferimento degli incarichi di direttore generale, direttore sanitario e direttore amministrativo:","ad eccezione degli incarichi di responsabile di dipartimento e di strutture semplici e complesse, ivi compresi i bandi e gli avvisi di selezione, lo svolgimento delle relative procedure, gli atti di conferimento","nonché degli incarichi di responsabile di dipartimento e di strutture semplici e complesse, esclusi i bandi e gli avvisi di selezione, lo svolgimento delle relative procedure, gli atti di conferimento","nonché degli incarichi di responsabile di dipartimento e di strutture semplici e complesse, ivi compresi i bandi e gli avvisi di selezione, lo svolgimento delle relative procedure, gli atti di conferimento",,C,Diritto_Amministrativo,false,,,,2026-05-17 13:51:02.46987,false,
1779025862145-12,"Il d.lgs.33/2013 prevede che le regioni, le province autonome di Trento e Bolzano e le province, pubblichino i rendiconti dei gruppi consiliari, con indicazione:",del titolo di trasferimento e dell'impiego delle risorse utilizzate,del titolo di trasferimento e dell'impiego delle trasferite,del titolo di trasferimento e dell'impiego delle risorse ricevute,,C,Diritto_Amministrativo,false,,,,2026-05-17 13:51:02.46987,false,
1779025862145-13,"In base all'art. 22 d. lgs 33/2013, in caso di mancata o incompleta pubblicazione dei dati relativi agli enti di cui al comma 1:",è vietata l'erogazione in loro favore di somme a qualsivoglia titolo da parte della P.A. interessata ad esclusione dei pagamenti che le amministrazioni sono tenute ad erogare a fronte di obbligazioni contrattuali per prestazioni svolte in loro favore,è vietata l'erogazione in loro favore di somme a qualsivoglia titolo da parte della P.A. interessata compresi i pagamenti che le amministrazioni sono tenute ad erogare a fronte di obbligazioni contrattuali per prestazioni svolte in loro favore,non è vietata l'erogazione in loro favore di somme a qualsivoglia titolo da parte della P.A. interessata,,A,Diritto_Amministrativo,false,,,,2026-05-17 13:51:02.46987,false,
1779025862145-14,"In base all'art. 5 del D. lgs 33/2013, il rifiuto, il differimento e la limitazione dell'accesso:",devono essere motivati con rinvio all'opposizione formulata dal controinteressato,devono essere motivati con riferimento ai casi e ai limiti stabiliti dall'articolo 5-bis,devono essere motivati solo se vi è stata richiesta del richiedente,,B,Diritto_Amministrativo,false,,,,2026-05-17 13:51:02.46987,false,
1779025862145-15,"In base all'art. 10, c. 4 d. lgs. 33/2013, le pubbliche amministrazioni:",garantiscono la massima trasparenza in alcuna fasi del ciclo di gestione della performance,garantiscono la massima trasparenza in ogni fase del ciclo di gestione della performance,non garantiscono la massima trasparenza del ciclo di gestione della performance,,B,Diritto_Amministrativo,false,,,,2026-05-17 13:51:02.46987,false,
1779025862145-16,"Ai sensi dell'art. 41, co. 6, d.lgs. 33/2013, gli enti, le aziende e le strutture pubbliche e private che erogano prestazioni per conto del servizio sanitario:","non sono tenuti ad indicare nel proprio sito, i criteri di formazione delle liste di attesa, i tempi di attesa previsti e i tempi medi effettivi di attesa per ciascuna tipologia di prestazione erogata","sono tenuti ad indicare nel proprio sito, in una apposita sezione denominata «Liste di attesa», esclusivamente i criteri di formazione delle liste di attesa","sono tenuti ad indicare nel proprio sito, in una apposita sezione denominata «Liste di attesa», i criteri di formazione delle liste di attesa, i tempi di attesa previsti e i tempi medi effettivi di attesa per ciascuna tipologia di prestazione erogata",,C,Diritto_Amministrativo,false,,,,2026-05-17 13:51:02.46987,false,
1779025862145-17,"In base all'art.14, comma 1-quinquies, d. lgs 33/2013, a chi si applicano gli obblighi di pubblicazione di cui al comma 1?","anche ai titolari di posizioni organizzative a cui non sono affidate deleghe ai sensi dell'articolo 17, comma 1-bis, del decreto legislativo n. 165 del 2001","anche ai titolari di posizioni organizzative a cui sono affidate deleghe ai sensi dell'articolo 17, comma 1-bis, del decreto legislativo n. 165 del 2001",anche ai titolari di posizioni dirigenziali,,B,Diritto_Amministrativo,false,,,,2026-05-17 13:51:02.46987,false,
1779025862145-18,"Secondo l'art. 14, comma 2 d. lgs 33/2013, le pubbliche amministrazioni pubblicano i dati cui ai commi 1 e 1-bis entro:","tre mesi dalla elezione, dalla nomina o dal conferimento dell'incarico","cinque mesi dalla elezione, dalla nomina o dal conferimento dell'incarico","due mesi dalla elezione, dalla nomina o dal conferimento dell'incarico",,A,Diritto_Amministrativo,false,,,,2026-05-17 13:51:02.46987,false,
1779025862145-19,"Secondo l'art. 27 co.2 del D lgs 33/2013, nell'ambito della sezione Amministrazione trasparente sono pubblicate:",le informazioni relative agli obblighi e ai doveri di pubblicazione dell'elenco dei soggetti beneficiari di cui al relativo articolo,le informazioni relative agli obblighi di pubblicazione dell'elenco dei soggetti beneficiari di cui al relativo articolo,le informazioni relative agli obblighi di pubblicazione dell'elenco dei soggetti beneficiari di cui al relativo articolo,,B,Diritto_Amministrativo,false,,,,2026-05-17 13:51:02.46987,false,
1779025862145-2,"Ai sensi dell'art. 47 d.lgs. 33/2013, la mancata o incompleta comunicazione delle informazioni e dei dati di cui all'art. 14, concernenti la situazione patrimoniale complessiva del titolare dell'incarico al momento dell'assunzione in carica:",dà luogo a una sanzione amministrativa pecuniaria da 5.000 a 100.000 euro a carico del responsabile della mancata comunicazione e il relativo provvedimento è pubblicato sul sito internet dell'amministrazione o organismo interessato,dà luogo a una sanzione penale,dà luogo a una sanzione amministrativa pecuniaria da 500 a 10.000 euro a carico del responsabile della mancata comunicazione e il relativo provvedimento è pubblicato sul sito internet dell'amministrazione o organismo interessato,,A,Diritto_Amministrativo,false,,,,2026-05-17 13:51:02.46987,false,
1779025862145-20,"L'albo di cui all'articolo 1 del decreto legislativo 4 febbraio 2010, n. 14 è tenuto:",con modalità informatiche ed è inserito in un'area pubblica dedicata del sito istituzionale del Ministero della giustizia,con modalità informatiche ed è inserito in un'area pubblica dedicata del sito istituzionale del Ministero dei trasporti e delle infrastrutture,con modalità informatiche ed è inserito in un'area pubblica dedicata del sito istituzionale della Regione,,A,Diritto_Amministrativo,false,,,,2026-05-17 13:51:02.46987,false,
1779025862145-21,"In base all'art. art. 20 d. lgs 33/2013, le pubbliche amministrazioni pubblicano:",I dati relativi al compenso finale dei dipendenti,i dati relativi all'ammontare complessivo dei premi collegati alla performance stanziati e l'ammontare dei premi effettivamente distribuiti,i dati relativi soltanto all'ammontare complessivo dei premi collegati alla performance stanziati,,B,Diritto_Amministrativo,false,,,,2026-05-17 13:51:02.46987,false,
1779025862145-22,Ogni amministrazione ha l'obbligo di pubblicare sul proprio profilo sito istituzionale nella sezione Amministrazione trasparente di cui all'articolo 9 del D. lgs 33/2013:,la relazione di accompagnamento al Piano triennale per la prevenzione della corruzione,il Piano triennale per la prevenzione della corruzione,la sintesi del Piano triennale per la prevenzione della corruzione,,B,Diritto_Amministrativo,false,,,,2026-05-17 13:51:02.46987,false,
1779025862145-23,"Ai fini del D. lgs 33/2913, per pubbliche amministrazioni si intendono:","tutte le amministrazioni di cui all'articolo 1, comma 2, del decreto legislativo 30 marzo 2001, n. 165, escluse le autorità portuali e autorità amministrative indipendenti di garanzia, vigilanza e regolazione","tutte le amministrazioni di cui all'articolo 1, comma 2, del decreto legislativo 30 marzo 2001, n. 165, ivi comprese le autorità portuali, nonché le autorità amministrative indipendenti di garanzia, vigilanza e regolazione","tutte le amministrazioni di cui all'articolo 1, comma 2, del decreto legislativo 30 marzo 2001, n. 165, ivi comprese le autorità portuali, escluse le autorità amministrative indipendenti di garanzia, vigilanza e regolazione",,B,Diritto_Amministrativo,false,,,,2026-05-17 13:51:02.46987,false,
1779025862145-24,"Ai sensi dell'art. 15-bis d. lgs 33/2013, quali società sono soggette agli obblighi di pubblicazione?","le società a controllo pubblico, nonché le società in regime di amministrazione straordinaria, comprese le società emittenti strumenti finanziari quotati nei mercati regolamentati e loro controllate","le società a controllo pubblico, nonché le società in regime di amministrazione straordinaria, ad esclusione delle società emittenti strumenti finanziari quotati nei mercati regolamentati e loro controllate",le società finanziarie,,B,Diritto_Amministrativo,false,,,,2026-05-17 13:51:02.46987,false,
1779025862145-25,"In base all'art. 14 d. lgs. n. 33/2013 lo Stato, le regioni e gli enti locali pubblicano una serie di documenti ed informazioni, con riferimento a quali soggetti?",titolari di incarichi politici di livello statale regionale e locale,"titolari di incarichi politici, anche se non di carattere elettivo, di livello statale regionale e locale",titolari di incarichi politici di livello comunitario,,B,Diritto_Amministrativo,false,,,,2026-05-17 13:51:02.46987,false,
1779025862145-26,"Ai sensi dell'art. 3 del D. lgs 33/2013, tutti i documenti, le informazioni e i dati oggetto di accesso civico, ivi compresi quelli oggetto di pubblicazione obbligatoria ai sensi della normativa vigente sono:",pubblici e chiunque ha diritto di conoscerli e di fruire gratuitamente,non sono pubblici,"pubblici e chiunque ha diritto di conoscerli, di fruire gratuitamente e di utilizzarli e riutilizzarli ai sensi dell'articolo 7",,C,Diritto_Amministrativo,false,,,,2026-05-17 13:51:02.46987,false,
1779025862145-27,"Le pubbliche amministrazioni pubblicano, con cadenza annuale, un indicatore dei propri tempi medi di pagamento relativi agli acquisti di beni, nonché:",l'ammontare complessivo dei crediti e il numero delle imprese creditrici,l'ammontare complessivo dei debiti e il numero delle imprese debitrici,l'ammontare complessivo dei debiti e il numero delle imprese creditrici,,C,Diritto_Amministrativo,false,,,,2026-05-17 13:51:02.46987,false,
1779025862145-28,"Ai sensi dell'art. 16, comma 2, d. lgs 33/2013, le pubbliche amministrazioni, nell'ambito delle pubblicazioni di cui al comma 1:",evidenziano i dati relativi al costo complessivo del personale a tempo ind. in servizio,"evidenziano separatamente, i dati del costo complessivo del personale a tempo ind. in servizio, articolato per aree professionali, in particolare di quello assegnato agli uffici di diretta collaborazione con gli organi di indirizzo politico","evidenziano complessivamente, i dati del costo complessivo del personale a tempo ind. in servizio, articolato per aree professionali, in particolare di quello assegnato agli uffici di diretta collaborazione con gli organi di indirizzo politico",,B,Diritto_Amministrativo,false,,,,2026-05-17 13:51:02.46987,false,
1779025862145-29,La pubblicazione degli estremi degli atti di conferimento di incarichi dirigenziali di collaborazione o di consulenza a soggetti esterni a qualsiasi titolo per i quali è previsto un compenso:,sono meri adempimenti,sono condizione di validità dell'atto,sono condizioni per l'acquisizione dell'efficacia dell'atto e per la liquidazione dei relativi compensi,,C,Diritto_Amministrativo,false,,,,2026-05-17 13:51:02.46987,false,
1779025862145-3,L'art. 15-bis d.lgs. n. 33/2013 Obblighi di pubblicazione concernenti gli amministratori e gli esperti nominati da organi giurisdizionali o amministrativi:,già esisteva nella vecchia disciplina,è stato introdotto con il d.lgs n.50/2016,è stato introdotto con il d.lgs n. 97/2016,,C,Diritto_Amministrativo,false,,,,2026-05-17 13:51:02.46987,false,
1779025862145-30,"Ai sensi dell'art. 8 del D. lgs 33/2013, i documenti contenenti atti oggetto di pubblicazione obbligatoria ai sensi della normativa vigente:",sono pubblicati con cadenza semestrale sul sito istituzionale dell'amministrazione,sono pubblicati tempestivamente sul sito istituzionale dell'amministrazione,non sono pubblicati sul sito istituzionale dell'amministrazione,,B,Diritto_Amministrativo,false,,,,2026-05-17 13:51:02.46987,false,
1779025862145-31,I dirigenti responsabili degli uffici dell'amministrazione devono garantire il tempestivo e regolare flusso delle informazioni da pubblicare ai fini del rispetto dei termini stabiliti dalla legge?,E' una loro facoltà,"Si, come espressamente sancito dall'art. 43, co.3, d.lgs. 33/2013","No, tale attività non rientra tra le loro competenze",,B,Diritto_Amministrativo,false,,,,2026-05-17 13:51:02.46987,false,
1779025862145-32,"Ai sensi dell'art. 40, co. 2, d.lgs. 33/2013, delle informazioni ambientali, detenute dalle amministrazioni ai fini delle proprie attività istituzionali:",deve essere dato specifico rilievo all'interno dell'ufficio,deve essere dato specifico rilievo all'interno di un'apposita sezione detta «Informazioni ambientali»,deve essere dato specifico rilievo all'interno di un'apposita sezione detta «Informazioni generali»,,B,Diritto_Amministrativo,false,,,,2026-05-17 13:51:02.46987,false,
1779025862145-33,"Ai sensi dell'art. 27 del D. lgs 33/2013, la pubblicazione degli atti di concessione di sovvenzioni, contributi, sussidi e attribuzioni di vantaggi economici a persone fisiche ed enti pubblici e privati comprende:",l'importo del vantaggio economico corrisposto,dati anangrafici del dirigente responsabile del relativo procedimento amministrativo,esclusivamente l'ufficio del relativo procedimento amministrativo,,A,Diritto_Amministrativo,false,,,,2026-05-17 13:51:02.46987,false,
1779025862145-34,"Il D.lgs 33/2013 e successive modifiche, stabilisce che le pubbliche amministrazioni e i gestori di pubblici servizi pubblicano:","i tempi medi di erogazione dei servizi, con riferimento all'esercizio finanziario precedente","i costi contabilizzati ed i tempi medi di erogazione dei servizi, con riferimento all'esercizio finanziario precedente",i costi contabilizzati,,B,Diritto_Amministrativo,false,,,,2026-05-17 13:51:02.46987,false,
1779025862145-4,"Ai sensi dell'art. 35 D.lgs. 33/2013, le pubbliche amministrazioni pubblicano i recapiti telefonici e la casella di posta elettronica istituzionale volto:",a garantire l'accesso civico da parte delle amministrazioni procedenti,"a gestire, garantire e verificare la trasmissione dei dati o l'accesso diretto agli stessi da parte delle amministrazioni procedenti","a gestire, garantire e verificare la trasmissione dei dati da parte dei privati",,B,Diritto_Amministrativo,false,,,,2026-05-17 13:51:02.46987,false,
1779025862145-5,"Gli standard, i modelli e gli schemi di cui all'art. 48, co. 1, d.lgs. 33/2013, sono adottati dall'Autorità Nazionale Anticorruzione:",sentiti il Garante per la protezione dei dati personali e l'OIV,"sentiti il Garante per la protezione dei dati personali, la Conferenza unificata, l'Agenzia Italia Digitale, la CIVIT e l'ISTAT",sentiti i ministri competenti,,B,Diritto_Amministrativo,false,,,,2026-05-17 13:51:02.46987,false,
1779025862145-6,"Secondo il comma 1-bis dell'art. 14 d. lgs 33/2013, le pubbliche amministrazioni pubblicano i dati di cui al comma 1 riguardanti:","i titolari di incarichi o cariche di amministrazione, di direzione o di governo comunque denominati",soltanto relativi ai parlamentari,"i titolari di incarichi o cariche di amministrazione, di direzione o di governo comunque denominati, salvo che siano attribuiti a titolo gratuito",,A,Diritto_Amministrativo,false,,,,2026-05-17 13:51:02.46987,false,
1779025862145-7,L'ANAC può chiedere all'organismo indipendente di valutazione (OIV) ulteriori informazioni sul controllo dell'esatto adempimento degli obblighi di trasparenza previsti dalla normativa vigente?,nessuna delle risposte è corretta,"No, non rientra tra i poteri dell'ANAC","Si, ai sensi dell'art. 45, co. 2, d.lgs. 33/2013",,C,Diritto_Amministrativo,false,,,,2026-05-17 13:51:02.46987,false,
1779025862145-8,"Ai sensi dell'art. 13 d. lgs. n. 33/2013 le amministrazioni pubblicano, tra gli altri, i dati relativi (organi di indirizzo):",agli organi di indirizzo politico e di amministrazione e gestione,"agli organi di indirizzo politico e di amministrazione e gestione, con l'indicazione delle rispettive competenze",agli organi di indirizzo esclusivamente esecutivo,,B,Diritto_Amministrativo,false,,,,2026-05-17 13:51:02.46987,false,
1779025862145-9,"Ai sensi dell'art. 2bis, co. 2, del D. lgs 33/2013, la medesima disciplina prevista per le pubbliche amministrazioni di cui al comma 1 si applica anche, in quanto compatibile:",agli ordini professionali ma non agli enti pubblici economici,agli enti pubblici economici ma non agli ordini professionali,agli enti pubblici economici e agli ordini professionali,,C,Diritto_Amministrativo,false,,,,2026-05-17 13:51:02.46987,false,
1779025862146-35,"Ai sensi dell'art. 26 co.1 del D.lgs. 33/2013 e successive modifiche, le pubbliche amministrazioni pubblicano gli atti con i quali sono determinati:",i criteri e le modalità cui le amministrazioni stesse devono attenersi solo per la concessione di sovvenzioni,"i criteri e le modalità cui le amministrazioni stesse devono attenersi per la concessione di sovvenzioni, contributi, sussidi ed ausili finanziari",i criteri e le modalità cui le amministrazioni stesse devono attenersi solo per la concessione di ausili finanziari,,B,Diritto_Amministrativo,false,,,,2026-05-17 13:51:02.46987,false,
1779025862146-36,"Ai sensi dell'art. 10 del D. Lgs. 33/2013, ogni amministrazione indica:","in un'apposita sezione del Piano triennale per la prevenzione della corruzione, i responsabili della trasmissione e della pubblicazione dei documenti, delle informazioni e dei dati","in un'apposita sezione del Piano triennale per la prevenzione della corruzione, i responsabili della pubblicazione delle informazioni","in un'apposita sezione del Piano triennale per la prevenzione della corruzione, i responsabili della trasmissione dei dati",,A,Diritto_Amministrativo,false,,,,2026-05-17 13:51:02.46987,false,
1779025862146-37,"la trasparenza, nel rispetto delle disposizioni in materia di segreto di stato, di segreto d'ufficio, e di protezione dei dati personali:",concorre ad attuare il solo principio democratico,"concorre ad attutare il principio democratico e i principi costituzionali di eguaglianza, di imparzialità, buon andamento, responsabilità, efficacia","concorre ad attuare il principio democratico e i principi costituzionali di eguaglianza, di imparzialità, buon andamento, responsabilità, efficacia ed efficienza nell'utilizzo di risorse pubbliche, integrità e lealtà nel servizio alla nazione",,C,Diritto_Amministrativo,false,,,,2026-05-17 13:51:02.46987,false,
1779025862146-38,"Ai fini dell'art. 35 co.1, le pubbliche amministrazioni pubblicano i dati relativi alle tipologie di procedimento di propria competenza, indicando:","il link di accesso al servizio on line, ove sia già disponibile in rete, o i tempi previsti per la pubblicazione cartacea",il sito istituzionale delle pubbliche amministrazioni,"il link di accesso al servizio on line, ove sia già disponibile in rete, o i tempi previsti per la sua attivazione",,C,Diritto_Amministrativo,false,,,,2026-05-17 13:51:02.46987,false,
1779025862146-39,"Secondo il D.lgs. 33/2013 e successive modifiche, le pubbliche amministrazioni pubblicano un indicatore trimestrale di tempestività a partire dall'anno:",2016,2015,2013,,B,Diritto_Amministrativo,false,,,,2026-05-17 13:51:02.46987,false,
1779025862146-40,"Ai sensi del D.lgs. 33/2013 e successive modifiche, le pubbliche amministrazioni non possono richiedere l'uso di moduli e formulari che:",non siano stati modificati,non siano stati autorizzati,non siano stati pubblicati,,C,Diritto_Amministrativo,false,,,,2026-05-17 13:51:02.46987,false,
1779025862146-41,"Le sanzioni di cui all'art. 47 co. 1, d.lgs. 3/2013, sono irrogate:",dal TAR,dall'Autorità Nazionale Anticorruzione,dall'OIV,,B,Diritto_Amministrativo,false,,,,2026-05-17 13:51:02.46987,false,
1779025862146-42,"Chi definisce criteri, modelli e schemi standard per l'organizzazione, la codificazione e la rappresentazione dei documenti, delle informazioni e dei dati oggetto di pubblicazione obbligatoria, della sezione «Amministrazione trasparente»?",il Ministro competente,l'Autorità Nazionale Anticorruzione,l'OIV,,B,Diritto_Amministrativo,false,,,,2026-05-17 13:51:02.46987,false,
1779025862146-43,"Ex art. 45, d.lgs. 33/2013, l'ANAC controlla l'esatto adempimento degli obblighi di pubblicazione, esercitando poteri ispettivi mediante richiesta di notizie, informazioni, atti e documenti alle amministrazioni pubbliche e ordinando di procedere:","entro un termine non superiore a 90 gg alla pubblicazione di dati, documenti, informazioni, all'adozione di atti o provvedimenti richiesti dalla norma vigente o alla rimozione di comportamenti o atti contrastanti con piani e regole sulla trasparenza","entro un termine non superiore a 60 gg alla pubblicazione di dati, documenti e informazioni, all'adozione di atti o provvedimenti richiesti dalla normativa vigente sulla trasparenza","entro un termine non superiore a 30 gg alla pubblicazione di dati, documenti, informazioni, all'adozione di atti o provvedimenti richiesti dalla norma vigente o alla rimozione di comportamenti o atti contrastanti con piani e regole sulla trasparenza",,C,Diritto_Amministrativo,false,,,,2026-05-17 13:51:02.46987,false,
1779025862146-44,"In base all'art. 30 D.lgs. 33/2013 e successive modifiche, le pubbliche amministrazioni pubblicano le informazioni identificative:","degli immobili posseduti, detenuti e ceduti",degli immobili posseduti e detenuti,solo degli immobili ceduti,,B,Diritto_Amministrativo,false,,,,2026-05-17 13:51:02.46987,false,
1779025862146-45,"Ai sensi dell'art. 13 d. lgs. n. 33/2013 le amministrazioni pubblicano, tra gli altri, i dati relativi (articolazione degli uffici):","soltanto, i dati relativi al RUP","l'articolazione degli uffici, le competenze di ciascun ufficio, anche di livello dirigenziale non generale, i nomi dei dirigenti responsabili dei singoli uffici","l'articolazione degli uffici, le competenze e le risorse a disposizione di ciascun ufficio, anche di livello dirigenziale non generale, i nomi dei dirigenti responsabili dei singoli uffici",,C,Diritto_Amministrativo,false,,,,2026-05-17 13:51:02.46987,false,
1779025862146-46,Le pubbliche amministrazioni pubblicano dati relativi al bilancio di previsione e a quello consuntivo in forma:,"aggregata e semplificata, anche con il ricorso a rappresentazioni grafiche","sintetica, aggregata e semplificata, anche con il ricorso a rappresentazioni grafiche","sintetica, aggregata e semplificata, senza il ricorso a rappresentazioni grafiche",,B,Diritto_Amministrativo,false,,,,2026-05-17 13:51:02.46987,false,
1779025862146-47,"Ai sensi dell'art. 29 co. 1 del D.lgs. 33/2013 e successive modifiche, le pubbliche amministrazioni pubblicano i documenti e gli allegati del bilancio preventivo e del conto consuntivo entro:",30 giorni dalla loro adozione,60 giorni dalla loro adozione,30 giorni dalla loro pubblicazione,,A,Diritto_Amministrativo,false,,,,2026-05-17 13:51:02.46987,false,
1779025862146-48,"Ai sensi dell'art. 18 d. lgs 33/2013, le pubbliche amministrazioni pubblicano:",l'elenco degli incarichi conferiti a ciascuno dei propri dirigenti,"l'elenco degli incarichi conferiti o autorizzati a ciascuno dei propri dipendenti, con l'indicazione della durata e del compenso spettante per ogni incarico","l'elenco degli incarichi conferiti o autorizzati a ciascuno dei propri dipendenti, senza l'indicazione della durata e del compenso spettante per ogni incarico",,B,Diritto_Amministrativo,false,,,,2026-05-17 13:51:02.46987,false,
1779025862146-49,"Con riferimento al personale con rapporto di lavoro a tempo indeterminato, le pubbliche amministrazioni pubblicano i dati relativi ai tassi di assenza del personale distinti per uffici di livello dirigenziale?","No, è previsto solo in caso di rapporto di lavoro a tempo non indeterminato","Si, trimestralmente","Sì, bimestralmente",,B,Diritto_Amministrativo,false,,,,2026-05-17 13:51:02.46987,false,
1779025862146-50,"Ai sensi dell'art.5 del D. lgs 33/2013, il rilascio di dati o documenti in formato elettronico o cartaceo è gratuito:",ma non per il rimborso del costo sostenuto,salvo il rimborso del costo effettivamente sostenuto e documentato dall'amministrazione per la riproduzione su supporti materiali,salvo il rimborso del costo sostenuto,,B,Diritto_Amministrativo,false,,,,2026-05-17 13:51:02.46987,false,
1779025862146-51,"Il D.lgs 33/2013 e successive modifiche, prevede che le pubbliche amministrazioni pubblichino un indicatore dei propri tempi relativi agli acquisti di beni, servizi, prestazioni professionali e forniture con cadenza:",annuale,mensile,trimestrale,,C,Diritto_Amministrativo,false,,,,2026-05-17 13:51:02.46987,false,
1779025862146-52,"Ogni amministrazione indica, in un'apposita sezione del Piano Territoriale la prevenzione della corruzione di cui all'art. 1, comma 5, della legge n.190 del 2012:",i responsabili della trasmissione e della pubblicazione dei documenti ai sensi del d.lgs. 33/2013,"i responsabili della trasmissione e della pubblicazione dei documenti, delle informazioni e dei dati ai sensi del d.lgs. 33/2013",solo i responsabili della trasmissione e della pubblicazione dei documenti ai sensi del d.lgs. 33/2013,,B,Diritto_Amministrativo,false,,,,2026-05-17 13:51:02.46987,false,
1779025862146-53,"Il D.lgs 33/2013 prevede che le pubbliche amministrazioni pubblicano un indicatore dei propri tempi relativi agli acquisti di beni, servizi, prestazioni professionali e forniture chiamato:",indicatore dei pagamenti veloci,Indicatore di tempestività dei pagamenti,indicatore dei pagamenti tempestivi,,B,Diritto_Amministrativo,false,,,,2026-05-17 13:51:02.46987,false,
1779025862146-54,"In base all'art. 31 co. 1 del D.lgs. 33/2013, le pubbliche amministrazioni pubblicano inoltre:","Il verbale degli organi di revisione amministrativa e contabile al bilancio di previsione di previsione o budget, alle relative variazioni e al conto consuntivo o bilancio di esercizio","la relazione degli organi di revisione amministrativa e contabile al bilancio di previsione o budget, alle relative variazioni e al conto consuntivo o bilancio di esercizio",la relazione degli organi di revisione amministrativa e contabile al bilancio consuntivo,,B,Diritto_Amministrativo,false,,,,2026-05-17 13:51:02.46987,false,
1779025862146-55,Il mancato raggiungimento degli obiettivi di trasparenza negli atti di conferimento di incarichi dirigenziali e nei relativi contratti:,"non determina responsabilità dirigenziale ai sensi dell'articolo 21 del decreto legislativo 30 marzo 2001, n. 165","determina responsabilità dell'organo di ufficio ai sensi dell'articolo 21 del decreto legislativo 30 marzo 2001, n. 165","determina responsabilità dirigenziale ai sensi dell'articolo 21 del decreto legislativo 30 marzo 2001, n. 165",,C,Diritto_Amministrativo,false,,,,2026-05-17 13:51:02.46987,false,
1779025862146-56,"Ai sensi dell'art. 29 co 1 del D.lgs. 33/201, le pubbliche amministrazioni entro 30 giorni dalla loro adozione pubblicano:",i documenti e gli allegati del bilancio consuntivo,i documenti e gli allegati del bilancio preventivo e del conto consuntivo,i documenti e gli allegati del bilancio preventivo,,B,Diritto_Amministrativo,false,,,,2026-05-17 13:51:02.46987,false,
1779025862146-57,Le pubbliche amministrazioni che adottano provvedimenti contingibili e urgenti e in generale provvedimenti di carattere straordinario in caso di calamità naturali o di altre emergenze:,non sono tenute a pubblicare i termini temporali eventualmente fissati per l'esercizio dei poteri di adozione dei provvedimenti straordinari,non sono tenute all'adempimento degli obblighi di pubblicazione previsti dalla normativa vigente,"pubblicano i provvedimenti adottati, con la indicazione espressa delle norme di legge eventualmente derogate e dei motivi della deroga, nonché l'indicazione di eventuali atti amministrativi o giurisdizionali intervenuti",,C,Diritto_Amministrativo,false,,,,2026-05-17 13:51:02.46987,false,
1779025862146-58,"Ai sensi dell'art. 8 D. lgs 33/2013, i documenti contenenti altre informazioni e dati oggetto di pubblicazione obbligatoria ai sensi della normativa vigente:",sono pubblicati ma non mantenuti aggiornati ai sensi delle disposizioni del decreto,sono pubblicati e mantenuti aggiornati ai sensi delle disposizioni del decreto,sono solo mantenuti aggiornati ai sensi delle disposizioni del decreto,,B,Diritto_Amministrativo,false,,,,2026-05-17 13:51:02.46987,false,
1779025862146-59,"Gli standard, i modelli e gli schemi di cui all'art. 48, co. 3, d. lgs. 33/2013, recano disposizioni, tra l'altro, finalizzate ad assicurare:","il coordinamento informativo e informatico dei dati, per la soddisfazione delle esigenze di uniformità delle modalità di codifica e di rappresentazione delle informazioni e dei dati pubblici, onde evitare la loro confrontabilità e la rielaborazione","il coordinamento informativo e informatico dei dati, per la soddisfazione delle esigenze di difformità delle modalità di codifica e di rappresentazione delle informazioni e dei dati privati, della loro confrontabilità e della successiva rielaborazione","il coordinamento informativo e informatico dei dati, per la soddisfazione delle esigenze di uniformità delle modalità di codifica e di rappresentazione delle informazioni e dati pubblici, della loro confrontabilità e della loro successiva rielaborazione",,C,Diritto_Amministrativo,false,,,,2026-05-17 13:51:02.46987,false,
1779025862146-60,"Secondo l'art.29 co.1bis del D.lgs. 33/2013 le pubbliche amministrazioni pubblicano e rendono accessibili, anche attraverso il ricorso ad un portale unico:",i dati relativi alle sola spesa di cui ai propri bilanci preventivi e consuntivi,i dati relativi alle entrate e alla spesa di cui ai propri bilanci preventivi e consuntivi,i dati relativi alle sole entrate di cui ai propri bilanci preventivi e consuntivi,,B,Diritto_Amministrativo,false,,,,2026-05-17 13:51:02.46987,false,
1779027017010-1,Contro le decisioni del TAR concernenti il diritto di accesso è ammesso appello:,al Consiglio di Stato,al Consiglio Superiore della Magistratura,alla Corte dei Conti,alla Cassazione,A,Diritto_Amministrativo,false,,,,2026-05-17 14:10:17.762457,false,
1779027017010-10,"Ai sensi del Testo unico delle leggi sull'ordinamento degli enti locali, chi ha ricoperto per due mandati di seguito la carica di sindaco nei comuni con popolazione superiore a 15.000 abitanti:","non è, allo scadere del secondo mandato, immediatamente rieleggibile alla medesima carica",è rieleggibile alla medesima carica per altri due mandati consecutivi allo scadere dei quali non sarà più rieleggibile nella medesima carica,"è rieleggibile alla medesima carica per altri mandati, senza alcuna limitazione",non è mai più rieleggibile alla medesima carica in nessun caso,A,Diritto_Amministrativo,false,,,,2026-05-17 14:10:17.762457,false,
1779027017010-11,La mancanza degli elementi essenziali del provvedimento amministrativo è espressamente prevista all'art. 21-septies della legge sul procedimento amministrativo (l. n. 241/1990) come causa di nullità del provvedimento. Quanto affermato è:,"Corretto, costituisce causa di nullità.","Errato, costituisce causa di annullabilità.","Errato, costituisce causa di ineseguibilità.","Errato, costituisce causa di imperfezione.",A,Diritto_Amministrativo,false,,,,2026-05-17 14:10:17.762457,false,
1779027017010-12,"In base al D.lgs. 104/2010 e ss.mm.ii., le controversie in materia di diritto di accesso ai documenti amministrativi e violazione degli obblighi di trasparenza amministrativa sono devolute alla giurisdizione esclusiva del giudice amministrativo?","Sì, sono devolute alla giurisdizione esclusiva del giudice amministrativo","No, rientrano tra le materie di giurisdizione estesa al merito","No, possono essere devolute sia alla giurisdizione del giudice amministrativo che del giudice ordinario","No, rientrano tra le materie di giurisdizione generale di legittimità",A,Diritto_Amministrativo,false,,,,2026-05-17 14:10:17.762457,false,
1779027017010-13,Il ricorso in opposizione rappresenta un ricorso amministrativo atipico (art. 7 D.P.R. n. 1199/1971). Esso:,"È rivolto alla stessa autorità che ha emanato l'atto impugnato, anziché a quella gerarchicamente superiore.",Può essere promosso soltanto nei confronti di atti per i quali non sussiste più la possibilità di altro rimedio amministrativo.,"È proponibile nel termine di 120 giorni dalla notifica o emanazione dell'atto impugnato, salvo che la legge non preveda termini diversi.",È esperibile esclusivamente per la deduzione di motivi di legittimità e mai di merito.,A,Diritto_Amministrativo,false,,,,2026-05-17 14:10:17.762457,false,
1779027017010-14,"Secondo l'art. 1 co. 53 della L. 190/12 e ss.mm.ii., quale delle seguenti attività sono definite come maggiormente esposte a rischio di infiltrazione mafiosa:",tutte le alternative proposte sono esatte,fornitura di ferro lavorato,noli a freddo di macchinari,"estrazione, fornitura e trasporto di terra e materiali inerti",A,Diritto_Amministrativo,false,,,,2026-05-17 14:10:17.762457,false,
1779027017010-15,"Ai sensi del D.lgs. 150/09 e ss.mm.ii., le valutazioni della performance organizzativa sono predisposte sulla base di appositi modelli definiti:",dal Dipartimento della funzione pubblica,dai vertici dell'amministrazione,dagli Organismi indipendenti di valutazione della performance,dal Ministro per la Pubblica Amministrazione,A,Diritto_Amministrativo,false,,,,2026-05-17 14:10:17.762457,false,
1779027017010-16,"I certificati rilasciati dalle pubbliche amministrazioni che attestano stati e qualità personali non soggetti a modificazione hanno validità illimitata. I restanti certificati, se disposizioni di legge o regolamentari non prevedano una validità superiore, hanno:",Validità di 6 mesi dalla data del rilascio.,Validità di 3 mesi dalla data del rilascio.,Validità di 10 mesi dalla data del rilascio.,Validità di 9 mesi dalla data del rilascio.,A,Diritto_Amministrativo,false,,,,2026-05-17 14:10:17.762457,false,
1779027017010-18,"L'ANAC ha, rispetto alle pubbliche amministrazioni, poteri di accertamento ispettivo?","Sì, ha poteri regolatori, di vigilanza, di accertamento-ispettivo, di ordine e sanzionatori.","No, ha solo poteri regolatori e di vigilanza.","No, ha solo poteri accertamento non ispettivo, oltre che di ordine e sanzionatori.","No, ha solo poteri di vigilanza.",A,Diritto_Amministrativo,false,,,,2026-05-17 14:10:17.762457,false,
1779027017010-19,Chi dispone lo scioglimento del Consiglio comunale quando non possa essere assicurato il normale funzionamento degli organi e dei servizi nel caso di riduzione dell'organo assembleare per impossibilità di surroga alla metà dei componenti del Consiglio?,"Il Presidente della Repubblica, su proposta del Ministero dell'Interno.","Il Presidente del Consiglio dei ministri, previa deliberazione del Consiglio dei ministri.","Il Presidente della Repubblica, previa deliberazione del Parlamento in seduta comune.","Il Ministro dell'Interno, sentito il Presidente della Repubblica, previo parere obbligatorio del Consiglio dei ministri.",A,Diritto_Amministrativo,false,,,,2026-05-17 14:10:17.762457,false,
1779027017010-2,La generalizzazione dell'obbligo di motivazione dei provvedimenti amministrativi costituisce una delle principali novità della l. n. 241/1990. Ai sensi dell'art. 3 l'obbligo è espressamente escluso:,Per gli atti normativi.,Per gli atti concernenti l'organizzazione amministrativa.,Per gli atti privi di contenuto economico.,Per gli atti concernenti lo svolgimento dei pubblici concorsi.,A,Diritto_Amministrativo,false,,,,2026-05-17 14:10:17.762457,false,
1779027017010-20,Può dirsi che Il diritto di accesso agli atti trova limiti nella necessità di garantire:,La riservatezza di alcuni dati,La discrezionalità della p.a,L'appesantimento dell'azione amministrativa nella fase istruttoria,Il contenimento della spesa pubblica,A,Diritto_Amministrativo,false,,,,2026-05-17 14:10:17.762457,false,
1779027017010-21,Con la proposizione del ricorso amministrativo l'interessato può far valere...,La violazione sia di diritti soggettivi che di interessi legittimi.,Solo la violazione di diritti soggettivi.,Solo la violazione di interessi legittimi.,Solo i vizi di legittimità dell'atto.,A,Diritto_Amministrativo,false,,,,2026-05-17 14:10:17.762457,false,
1779027017010-22,L'agente (o soggetto) dell'atto amministrativo...,É il centro di imputazione giuridica che pone in essere l'atto.,Deve necessariamente essere un funzionario dello Stato o di altro ente pubblico.,"Non può in alcun caso essere un privato, ancorché investito dell'esercizio di una pubblica funzione.",Non può mai essere un funzionario dello Stato.,A,Diritto_Amministrativo,false,,,,2026-05-17 14:10:17.762457,false,
1779027017010-23,"I certificati rilasciati dalle P.A. attestanti stati, qualità personali e fatti non soggetti a modificazioni hanno validità illimitata. Quale certificato ha validità illimitata?",Estratto dell'atto di morte.,Iscrizione alle liste elettorali.,Certificato penale-casellario.,Posizione reddituale.,A,Diritto_Amministrativo,false,,,,2026-05-17 14:10:17.762457,false,
1779027017010-24,Le controversie in materia di diritto di accesso ai documenti amministrativi e violazione degli obblighi di trasparenza amministrativa sono riservate:,alla giurisdizione esclusiva del giudice amministrativo,alla giurisdizione di merito del giudice amministrativo,in via esclusiva alla giurisdizione del giudice speciale,alla giurisdizione amministrativa ed ordinaria,A,Diritto_Amministrativo,false,,,,2026-05-17 14:10:17.762457,false,
1779027017010-25,"Ai sensi dell'art. 6 della L. 241/90 e ss.mm.ii., il responsabile del procedimento amministrativo, può indire le conferenza di servizi?","Sì, può farlo solo ove ne abbia la competenza","No, non può prendere alcuna decisione al riguardo","Sì, ma solo nel caso di straordinarie e motivate esigenze imposte dall'istruttoria","No, ma può proporne l'indizione",A,Diritto_Amministrativo,false,,,,2026-05-17 14:10:17.762457,false,
1779027017010-26,"Secondo il diritto dei contratti pubblici, cosa si intende per procedure aperte?",Le procedure di affidamento in cui ogni operatore economico interessato può presentare un'offerta,Le procedure di affidamento in cui almeno dieci operatori economici vengono invitati a presentare un'offerta,"Le procedure di affidamento alle quali ogni operatore economico può chiedere di partecipare e in cui possono presentare un'offerta soltanto gli operatori economici invitati dalle stazioni appaltanti, con le modalità stabilite dal Codice",Le procedure di affidamento in cui almeno cinque operatori economici vengono invitati a presentare un'offerta,A,Diritto_Amministrativo,false,,,,2026-05-17 14:10:17.762457,false,
1779027017010-28,"Gli elementi dell'atto amministrativo si distinguono in: essenziali, accidentali e naturali. É un elemento essenziale...",L'oggetto.,L’onere.,La riserva.,La condizione.,A,Diritto_Amministrativo,false,,,,2026-05-17 14:10:17.762457,false,
1779027017010-29,"Ai sensi del codice del processo amministrativo, a chi è attribuita la giurisdizione nelle controversie concernenti provvedimenti espressi adottati in sede di verifica di segnalazione certificata, denuncia e dichiarazione di inizio attività?",In via esclusiva alla giurisdizione del giudice amministrativo,In via esclusiva alla giurisdizione del giudice ordinario,Alla giurisdizione del giudice amministrativo e del giudice ordinario,In via esclusiva alla giurisdizione del giudice speciale,A,Diritto_Amministrativo,false,,,,2026-05-17 14:10:17.762457,false,
1779027017010-3,"A norma del disposto di cui al comma 2 art. 4, D.Lgs. 165/2001 i dirigenti:",Sono gli unici responsabili della gestione e dei relativi risultati.,"Sono gli unici responsabili della gestione, ma non dei relativi risultati.","Sono gli unici responsabili dei relativi risultati affidati, ma non della relativa gestione.",Condividono la responsabilità della gestione e dei relativi risultati con gli OIV.,A,Diritto_Amministrativo,false,,,,2026-05-17 14:10:17.762457,false,
1779027017010-30,Come si chiama il provvedimento con cui una P.A. rimuove un limite legale all'esercizio di un diritto soggettivo?,Autorizzazione,Ingiunzione,Concessione,Oblazione,A,Diritto_Amministrativo,false,,,,2026-05-17 14:10:17.762457,false,
1779027017010-31,"Ai sensi del D.lgs. 82/05 e ss.mm.ii. (Codice dell'amministrazione digitale), cosa si intende per firma digitale?","Un particolare tipo di firma qualificata basata su un su un sistema di chiavi crittografiche, una pubblica e una privata, correlate tra loro",Un indirizzo elettronico eletto presso un servizio di posta elettronica certificata o un servizio elettronico di recapito certificato qualificato,Una modalità di firma elettronica in grado di attestare l'invio e l'avvenuta consegna di un messaggio di posta elettronica e di fornire ricevute opponibili ai terzi,La rappresentazione informatica della corrispondenza tra un utente e i suoi attributi identificativi,A,Diritto_Amministrativo,false,,,,2026-05-17 14:10:17.762457,false,
1779027017010-4,"Dispone la legge n. 241/1990 che l'amministrazione deve provvedere a dare notizia dell'avvio del procedimento mediante comunicazione personale indicando l'amministrazione competente, l'oggetto del procedimento, l'ufficio e la persona responsabile, ecc. È in facoltà dell'amministrazione prevedere forme di pubblicità unificate?","Si, qualora per il numero dei destinatari la comunicazione personale non sia possibile o risulti particolarmente gravosa.","Si, qualora l'oggetto del procedimento richieda valutazioni tecniche e pareri vincolanti.","Si, qualora l'oggetto promosso sia di discrezionalità amministrativa.","No, la suddetta legge esclude tassativamente forme di pubblicità unificate.",A,Diritto_Amministrativo,false,,,,2026-05-17 14:10:17.762457,false,
1779027017010-5,Ai sensi dell'art. 1 co. 10 della L. 190/12 e ss.mm.ii. provvede alla verifica dell'effettiva rotazione degli incarichi negli uffici preposti allo svolgimento delle attività nel cui ambito è più elevato il rischio che siano commessi reati di corruzione:,il Responsabile della prevenzione della corruzione e della trasparenza di intesa con il dirigente competente,il Dipartimento della funzione pubblica d'intesa con i direttori degli uffici interessati,il dirigente competente di concerto con il funzionario incaricato del procedimento,il Responsabile della verifica antimafia,A,Diritto_Amministrativo,false,,,,2026-05-17 14:10:17.762457,false,
1779027017010-6,"In via descrittiva, può dirsi che il provvedimento amministrativo quanto a struttura si compone di:","Intestazione, preambolo, motivazione, dispositivo, luogo, data e sottoscrizione.","Intestazione, motivazione, luogo e sottoscrizione.","Preambolo, motivazione, dispositivo, luogo e sottoscrizione.","Intestazione, preambolo, motivazione e data.",A,Diritto_Amministrativo,false,,,,2026-05-17 14:10:17.762457,false,
1779027017010-7,L'autotutela amministrativa (in contrapposizione alla tutela amministrativa su ricorso) si attua...,Senza contraddittorio con gli interessati.,Con la P.A. in posizione di imparzialità.,Con la P.A. che agisce nell'interesse dei terzi danneggiati.,Con l'annullamento dell'atto su istanza dell'interessato.,A,Diritto_Amministrativo,false,,,,2026-05-17 14:10:17.762457,false,
1779027017010-8,Dispone il Codice dell'Amministrazione Digitale che le pubbliche amministrazioni nell'organizzare autonomamente la propria attività utilizzano le tecnologie dell'informazione e della comunicazione per la realizzazione degli obiettivi di:,"Semplificazione e partecipazione, nonché per l’effettivo riconoscimento dei diritti dei cittadini e delle imprese.",Celerità e garanzia dei diritti dei cittadini e delle imprese.,Economicità e celerità.,Semplificazione e sostenibilità.,A,Diritto_Amministrativo,false,,,,2026-05-17 14:10:17.762457,false,
1779027017010-9,"Quanto ai limiti che incontra la potestà regolamentare, tali atti:",Non possono derogare alla Costituzione e ai principi in essa contenuti.,Possono regolare anche istituti fondamentali dell'ordinamento.,Sono insindacabili sotto il profilo dell'eccesso di potere.,Possono derogare al principio di irretroattività come accade per la legge.,A,Diritto_Amministrativo,false,,,,2026-05-17 14:10:17.762457,false,
1779027017011-32,"A seguito della modifica di cui al D.L. 25/2025, l'art. 28 del D.lgs. 165/01 prevede che l'accesso alla qualifica di dirigente della seconda fascia nelle amministrazioni statali avviene:","per corso-concorso selettivo di formazione bandito dalla Scuola nazionale dell'amministrazione, per concorso indetto dalle singole amministrazioni ovvero per concorso unico.",esclusivamente per corso-concorso selettivo di formazione bandito dalla Scuola superiore della pubblica amministrazione ovvero per chiamata diretta.,solo per concorso indetto dalle singole amministrazioni.,solo attraverso graduatorie interne alle singole amministrazioni.,A,Diritto_Amministrativo,false,,,,2026-05-17 14:10:17.762457,false,
1779095978012-1,"Dispone il Testo unico sul pubblico impiego (D.Lgs. n. 165/2001) che l'assunzione di personale avviene mediante procedure selettive pubbliche, in attuazione di quale articolo della Costituzione?",Art. 97.,Art. 5.,Art. 13.,Art. 1.,A,Diritto_Amministrativo,false,,,,2026-05-18 09:19:38.998593,false,
1779095978012-10,"Sul ricorso in materia di accesso, il giudice si pronuncia:",con sentenza in forma semplificata,con ordinanza in forma semplificata,con decreto in forma semplificata,con ordinanza succintamente motivata,A,Diritto_Amministrativo,false,,,,2026-05-18 09:19:38.998593,false,
1779095978012-11,"Qual è il soggetto competente ad emanare provvedimenti, anche contingibili e urgenti, al fine di prevenire e di eliminare gravi pericoli che minacciano l'incolumità pubblica e la sicurezza urbana?","Il Sindaco, quale ufficiale di governo.","Il Presidente del Consiglio Comunale, quale rappresentante della comunità locale.",Il Segretario comunale.,Il Responsabile del Patrimonio.,A,Diritto_Amministrativo,false,,,,2026-05-18 09:19:38.998593,false,
1779095978012-12,"Secondo l'art. 1 co. 53 della L. 190/12 e ss.mm.ii., l'attività di confezionamento, fornitura e trasporto di calcestruzzo e di bitume è definita come maggiormente a rischio di infiltrazione mafiosa?","Sì, lo è","No, non lo è","L'attività di confezionamento e fornitura di calcestruzzo e bitume lo è, mentre quella di trasporto di detti materiali non è considerata a rischio","L'attività di confezionamento, fornitura e trasporto di bitume lo è, mentre l'attività di estrazione, fornitura e trasporto del calcestruzzo non è considerata a rischio",A,Diritto_Amministrativo,false,,,,2026-05-18 09:19:38.998593,false,
1779095978012-13,È annullabile il provvedimento amministrativo:,adottato in violazione di legge o viziato da eccesso di potere o da incompetenza,è adottato in violazione o elusione del giudicato,viziato da difetto assoluto di attribuzione,manca degli elementi essenziali,A,Diritto_Amministrativo,false,,,,2026-05-18 09:19:38.998593,false,
1779095978012-14,Con la proposizione di un ricorso amministrativo l'interessato può far valere la violazione di diritti soggettivi?,"Sì, può far valere la violazione sia di diritti soggettivi che di interessi legittimi.","Sì, può far valere solo la violazione di diritti soggettivi.","No, può far valere solo la violazione di interessi legittimi.","No, può far valere solo la violazione di interessi legittimi o di mero fatto.",A,Diritto_Amministrativo,false,,,,2026-05-18 09:19:38.998593,false,
1779095978012-15,Dispone il codice del processo amministrativo all'art.2 che il processo amministrativo:,attua il principio del giusto processo così come quello della parità delle parti e del contraddittorio,attua il principio del giusto processo ma non quello del contraddittorio,attua il principio del giusto processo ma non quello della parità delle parti,attua i principi del contradittorio e della parità delle parti ma non il principio del giusto processo,A,Diritto_Amministrativo,false,,,,2026-05-18 09:19:38.998593,false,
1779095978012-16,"Ai sensi del Codice del processo amministrativo, il giudice può dare pubblicità alla sentenza?","Sì, su istanza di parte, anche mediante inserzione in una o più testate giornalistiche e in siti internet","Sì, se la parte soccombente non si oppone","No, mai","No, la tutela della privacy lo vieta",A,Diritto_Amministrativo,false,,,,2026-05-18 09:19:38.998593,false,
1779095978012-17,"Ai sensi del Codice del processo amministrativo, salvo quanto diversamente previsto da speciali disposizioni di legge, le impugnazioni si propongono con ricorso e devono essere notificate:",entro il termine perentorio di sessanta giorni decorrenti dalla notificazione della sentenza,entro il termine perentorio di centoventi giorni decorrenti dalla notificazione della sentenza,entro il termine perentorio di quarantacinque giorni decorrenti dalla notificazione della sentenza,entro il termine perentorio di novanta giorni decorrenti dalla notificazione della sentenza,A,Diritto_Amministrativo,false,,,,2026-05-18 09:19:38.998593,false,
1779095978012-18,"Secondo quanto previsto dall'articolo 116 del D.lgs. 36/2023 e ss.mm.ii., il collaudo finale del lavoro oggetto di un contratto pubblico:","deve avere luogo non oltre sei mesi dall'ultimazione dei lavori, salvi casi di particolare complessità.","deve avere luogo non oltre tre mesi dall'ultimazione dei lavori, salvi casi di particolare complessità.","deve avere luogo non oltre sette mesi dall'ultimazione dei lavori, salvi casi di particolare complessità.","deve avere luogo non oltre otto mesi dall'ultimazione dei lavori, salvi casi di particolare complessità.",A,Diritto_Amministrativo,false,,,,2026-05-18 09:19:38.998593,false,
1779095978012-19,"Ai sensi dell'art. 4 del DPR 445/00 e ss.mm.ii., la dichiarazione nell'interesse di chi si trovi in una situazione di impedimento temporaneo, per ragioni connesse allo stato di salute:",può essere sostituita dalla dichiarazione resa dal coniuge,"se l'impedimento è temporaneo, non può essere sostituita",può essere sostituita dalla dichiarazione resa solo da un parente in linea retta,"può essere sostituita dalla dichiarazione resa anche da un parente in linea retta o collaterale fino al quarto grado, solo in materia di dichiarazioni fiscali",A,Diritto_Amministrativo,false,,,,2026-05-18 09:19:38.998593,false,
1779095978012-2,"Ai sensi dell'art. 66 del D.lgs. 82/05 e ss.mm.ii., la carta d'identità elettronica, oltre ai dati identificativi della persona, deve necessariamente contenere:",il codice fiscale,i dati biometrici,lo SPID,l'indicazione del gruppo sanguigno,A,Diritto_Amministrativo,false,,,,2026-05-18 09:19:38.998593,false,
1779095978012-20,Le posizioni giuridiche soggettive...,"Costituiscono il complesso dei diritti, poteri ed obblighi di cui un soggetto giuridico può essere titolare.","Possono essere solo di vantaggio come, ad esempio, i diritti e le potestà.","Non possono mai essere di svantaggio come, ad esempio, doveri e obblighi.",Sono tutte protette in modo indiretto attraverso un interesse pubblico.,A,Diritto_Amministrativo,false,,,,2026-05-18 09:19:38.998593,false,
1779095978012-21,"A norma dell'art. 2-quater, D.Lgs. n. 196/2003, chi promuove l'adozione di regole deontologiche per i trattamenti previsti dall'art. 6, par. 1, lett. e del GDPR (trattamento necessario per l'esecuzione di un compito di interesse pubblico o connesso all'esercizio di pubblici poteri)?",Il Garante della Privacy,Il Consiglio dei Ministri,L'ANAC,Il Ministro della Giustizia,A,Diritto_Amministrativo,false,,,,2026-05-18 09:19:38.998593,false,
1779095978012-22,In quale forma è adottata la decisione del ricorso straordinario al Presidente della Repubblica?,Con decreto del Presidente della Repubblica su proposta del Ministero competente.,Con decreto del Presidente della Repubblica su proposta del Consiglio di Stato.,Con decisione del Consiglio di Stato su proposta del Ministro competente.,Con sentenza del Consiglio di Stato su proposta del Presidente del Consiglio.,A,Diritto_Amministrativo,false,,,,2026-05-18 09:19:38.998593,false,
1779095978012-23,"Secondo l'art. 14 del d.lgs. n. 33/2013, quali tra i seguenti atti non sono oggetto di pubblicazione da parte dello Stato, delle regioni e degli enti locali?",gli altri eventuali incarichi anche senza oneri a carico della finanza pubblica.,il curriculum.,l'atto di nomina.,"i dati relativi all'assunzione di altre cariche, presso enti pubblici o privati, ed i relativi compensi a qualsiasi titolo corrisposti.",A,Diritto_Amministrativo,false,,,,2026-05-18 09:19:38.998593,false,
1779095978012-24,"Ai sensi del D.lgs. 267/00 e ss.mm.ii., al fine di favorire una migliore qualità dei servizi prestati i comuni, le province e gli altri enti locali:","possono stipulare contratti di sponsorizzazione ed accordi di collaborazione, nonché convenzioni con soggetti pubblici o privati diretti a fornire consulenze o servizi aggiuntivi","possono stipulare convenzioni ma non contratti di sponsorizzazione, con soggetti pubblici o privati diretti a fornire consulenze o servizi aggiuntivi",possono stipulare accordi di collaborazione con soggetti privati diretti a fornire consulenze ma non servizi aggiuntivi,"possono stipulare contratti di sponsorizzazione e convenzioni, diretti a fornire consulenze o servizi aggiuntivi solo ed esclusivamente con soggetti pubblici",A,Diritto_Amministrativo,false,,,,2026-05-18 09:19:38.998593,false,
1779095978012-25,"Ai sensi del D.Lgs. 82/2005 (cd. CAD), il documento informatico è...","Il documento elettronico che contiene la rappresentazione informatica di atti, fatti o dati giuridicamente rilevanti.","Il documento elettronico che contiene la rappresentazione informatica di dati giuridicamente rilevanti, ma non di atti.","Un documento elettronico che non contiene la rappresentazione informatica di atti, fatti o dati giuridicamente rilevanti.","Il documento elettronico che contiene la rappresentazione informatica esclusivamente di atti, ma non di fatti o dati giuridicamente rilevanti.",A,Diritto_Amministrativo,false,,,,2026-05-18 09:19:38.998593,false,
1779095978012-26,"A norma di quanto dispone il Codice dell'Amministrazione Digitale, sono valide le istanze e dichiarazioni presentate alle Pubbliche amministrazioni per via telematica se sottoscritte mediante la firma digitale o la firma elettronica qualificata, il cui certificato è rilasciato da un certificatore qualificato?","Sì, sono valide.","No, sono valide solo le istanze e dichiarazioni trasmesse dall'autore mediante la propria casella di posta elettronica certificata se le relative credenziali di accesso siano state rilasciate previa identificazione del titolare, anche per via telematica.","No, sono valide solo le istanze e dichiarazioni quando l'autore è identificato dal sistema informatico con l'uso della carta d'identità elettronica.","No, sono valide solo le istanze e dichiarazioni quando l'autore è identificato dal sistema informatico con l'uso della carta nazionale dei servizi.",A,Diritto_Amministrativo,false,,,,2026-05-18 09:19:38.998593,false,
1779095978012-27,"Ai sensi della L. 241/1990 e ss.mm.ii., l'attività amministrativa è retta da criteri di economicità, di imparzialità e di trasparenza?","Sì, ed anche da criteri di efficacia e di pubblicità","No, è retta solo da criteri di economicità e di trasparenza","No, non è retta da criteri di imparzialità","Sì, economicità, imparzialità e trasparenza sono gli unici criteri su cui si regge l'attività amministrativa",A,Diritto_Amministrativo,false,,,,2026-05-18 09:19:38.998593,false,
1779095978012-28,L'organo di giustizia amministrativa di primo grado creato con legge del 1971 è:,il TAR,il Consiglio di Stato,il CNEL,il Tribunale superiore delle acque pubbliche,A,Diritto_Amministrativo,false,,,,2026-05-18 09:19:38.998593,false,
1779095978012-29,Nella comunicazione di avvio del procedimento di cui alla legge n. 241/1990 deve essere indicata la data entro la quale deve concludersi il procedimento?,"Si, deve essere indicata anche la data entro cui il procedimento deve concludersi ed i rimedi esperibili in caso di inerzia dell'amministrazione.","No, devono essere indicate l'amministrazione competente, l'oggetto del procedimento promosso, l'ufficio e la persona responsabile del procedimento.","Si, ma solo nel caso di indizione di conferenza di servizi.","Si, ma solo nel caso in cui il procedimento sia ad istanza di parte.",A,Diritto_Amministrativo,false,,,,2026-05-18 09:19:38.998593,false,
1779095978012-3,Con quale normativa è stato introdotto il cd. FOIA (Freedom of Information Act)?,Con il decreto legislativo n. 97 del 2016.,"Con la Legge 7 agosto 2015, n. 124.",Con il decreto legislativo n. 33 del 2013.,"Con il DPCM 16 aprile 2018, n. 78.",A,Diritto_Amministrativo,false,,,,2026-05-18 09:19:38.998593,false,
1779095978012-30,"La competenza degli organi amministrativi viene distinta in tre categorie: competenza per materia, per territorio e per grado. Cosa si intende con competenza per territorio?",Che la competenza può essere limitata ad una parte del territorio.,Che ad ogni organo è riservata la competenza su di una o più materie.,Che nell'ambito di una stessa materia la competenza può essere ripartita tra un superiore gerarchico ed uno o più inferiori gerarchici.,Che il soggetto versa in una situazione di incompatibilità nei confronti di una carica.,A,Diritto_Amministrativo,false,,,,2026-05-18 09:19:38.998593,false,
1779095978012-31,"In base al Codice del processo amministrativo, le ordinanze di sospensione emesse ai sensi dell'art. 295 del codice di procedura civile sono appellabili?","Sì, sono appellabili","Si, ma solo in alcuni casi","No, non sono appellabili","No, sono appellabili esclusivamente le ordinanze di sospensione emesse ai sensi diritto dell'Unione europea",A,Diritto_Amministrativo,false,,,,2026-05-18 09:19:38.998593,false,
1779095978012-32,Il ricorso gerarchico proprio è un ricorso amministrativo:,Ordinario e generale.,Straordinario e atipico.,Atipico e non impugnatorio.,Sempre eliminatorio.,A,Diritto_Amministrativo,false,,,,2026-05-18 09:19:38.998593,false,
1779095978012-33,Secondo l'art. 42 del GDPR la certificazione :,è volontaria e accessibile tramite una procedura trasparente,è rilasciata per un periodo massimo di 5 anni,riduce le responsabilità del titolare del trattamento riguardo alla conformità al regolamento,riduce le responsabilità del responsabile del procedimento riguardo alla conformità al regolamento,A,Diritto_Amministrativo,false,,,,2026-05-18 09:19:38.998593,false,
1779095978012-34,"In base alla L. 241/1990 e ss.mm.ii., il diritto di accesso ai documenti amministrativi può essere escluso?","Sì, come ad esempio nei procedimenti tributari","No, non può essere in nessun caso escluso per assicurare la trasparenza dell'azione amministrativa","Sì, ma solo per i documenti coperti da segreto di Stato ai sensi della legge 24 ottobre 1977, n. 801, e successive modificazioni","Sì, ma esclusivamente quando i documenti riguardino la vita privata o la riservatezza di persone fisiche",A,Diritto_Amministrativo,false,,,,2026-05-18 09:19:38.998593,false,
1779095978012-35,"Gli elementi dell'atto amministrativo si distinguono in: essenziali, accidentali e naturali. É un elemento accidentale...",Termine.,Oggetto.,Agente o soggetto.,Contenuto.,A,Diritto_Amministrativo,false,,,,2026-05-18 09:19:38.998593,false,
1779095978012-36,"Riguardo alle categorie patologiche del provvedimento amministrativo, attiene alla rispondenza dell'assetto degli interessi consacrato nell'atto ai principi di buona amministrazione:",Inopportunità.,Illiceità.,Invalidità.,Irregolarità.,A,Diritto_Amministrativo,false,,,,2026-05-18 09:19:38.998593,false,
1779095978012-38,É modale l'autorizzazione...,"Che, per ragioni di pubblico interesse, è rilasciata con prescrizioni limitative.",Implicitamente rilasciata in mancanza di un motivato provvedimento di diniego.,Rilasciata con un provvedimento «ad hoc».,Il cui contenuto è predisposto dalla legge e non è pertanto suscettibile di limitazioni.,A,Diritto_Amministrativo,false,,,,2026-05-18 09:19:38.998593,false,
1779095978012-39,"Ai sensi dell'art. 35 del d.lgs. n. 104/2010 (Codice del processo amministrativo), quando è carente l'interesse o sussistono altre ragioni ostative ad una pronuncia sul merito, il Giudice dichiara il ricorso…",Inammissibile.,Irricevibile.,Nullo.,Estinto.,A,Diritto_Amministrativo,false,,,,2026-05-18 09:19:38.998593,false,
1779095978012-4,"Ai sensi dell'art. 14 comma 27 del D.L. n. 78/2010, i servizi in materia statistica sono inclusi tra le funzioni fondamentale dell'Ente locale?",Sì.,No.,"Sì, nei soli Comuni con popolazione superiore ai 3.000 abitanti.","Sì, se previsto dal Regolamento di organizzazione degli uffici e dei servizi.",B,Diritto_Amministrativo,false,,,,2026-05-18 09:19:38.998593,false,
1779095978012-40,"Con riferimento ai caratteri propri del provvedimento amministrativo, quale tra quelli proposti implica l'impossibilità per i destinatari di ricorrere contro il provvedimento stesso, una volta decorsi i termini decadenziali?",Carattere dell'inoppugnabilità.,Carattere della tipicità.,Carattere dell'esecutività.,Carattere della nominatività.,A,Diritto_Amministrativo,false,,,,2026-05-18 09:19:38.998593,false,
1779095978012-41,Quanto ai limiti che incontra la potestà regolamentare:,Gli atti emanati da autorità inferiori non possono contenere previsioni configgenti con quelle dettate da autorità superiori.,Non si possono prevedere fattispecie penali ma solo sanzioni penali.,Si possono regolare istituti fondamentali dell'ordinamento.,E' sempre soggetta all'obbligo di motivazione propria degli atti amministrativi.,A,Diritto_Amministrativo,false,,,,2026-05-18 09:19:38.998593,false,
1779095978012-5,I controlli amministrativi sugli atti:,"Sono volti a valutare il singolo atto adottato dall'organo di amministrazione attiva, allo scopo di constatarne la conformità alla legge ovvero l'opportunità dell'emanazione.",Sono diretti a valutare il corretto funzionamento di un organo.,"Riguardano l'attività amministrativa, nel suo complesso intesa, al fine di valutarne il grado di efficienza.",Sono di fatto oggi soppressi.,A,Diritto_Amministrativo,false,,,,2026-05-18 09:19:38.998593,false,
1779095978012-7,Le notificazioni sono...,"Misure individuali con cui si porta a conoscenza del destinatario l'atto, attraverso un procedimento che mira a dare certezza legale dell'invio e del ricevimento dell'atto stesso.","Dichiarazioni di scienza aventi lo scopo di attestare fatti accertati dalla pubblica autorità o risultanti dalle dichiarazioni o dai documenti forniti dagli interessati, attraverso l'inserzione in appositi registri.","Strumenti costituiti da materiali idonei a ricevere e conservare atti forniti dai privati o relativi a fatti accertati dalla stessa amministrazione, a fini di esibizione.","Acquisizioni di scienza espletate dagli organi ordinari dell'amministrazione, che possono culminare in un atto ricognitivo o esaurirsi in se stesse, e comportanti potenzialmente l'ingerenza nella sfera giuridica di altri che si trovano in posizione di soggezione.",A,Diritto_Amministrativo,false,,,,2026-05-18 09:19:38.998593,false,
1779095978012-8,I controlli sugli atti amministrativi che intervengono quando l'atto si è perfezionato ma non ha ancora acquisito efficacia sono definiti:,Nessuna delle alternative proposte è inequivocabilmente esatta.,Controlli di legittimità.,Controlli di merito.,Controlli esterni.,A,Diritto_Amministrativo,false,,,,2026-05-18 09:19:38.998593,false,
1779095978012-9,L'atto amministrativo è invalido quando...,É difforme dalla norma giuridica che lo disciplina.,Non può spiegare i suoi effetti per il sopravvenire di un atto ostativo.,É inidoneo a produrre gli effetti giuridici propri perché non si sono ancora verificati i requisiti di efficacia.,Non ha ancora concluso il suo ciclo di formazione.,A,Diritto_Amministrativo,false,,,,2026-05-18 09:19:38.998593,false,
1779095978013-42,"A norma del D.lgs. 104/2010 e ss.mm.ii., il giudice amministrativo può dichiarare cessata la materia del contendere?","Sì, qualora nel corso del giudizio la pretesa del ricorrente risulti pienamente soddisfatta","No, non può mai dichiarare cessata la materia del contendere","No, in nessun caso il giudice amministrativo può dichiarare cessata la materia del contendere","Sì, anche se la pretesa del ricorrente non risulti pienamente soddisfatta",A,Diritto_Amministrativo,false,,,,2026-05-18 09:19:38.998593,false,
1779095978013-43,"Ai sensi dell'art.22 della L. 241 del 1990, l'accesso ai documenti amministrativi, costituisce:",principio generale dell'attività amministrativa.,principio accessorio dell'attività amministrativa,principio esclusivo dell'attività amministrativa.,principio naturale dell'attività amministrativa.,A,Diritto_Amministrativo,false,,,,2026-05-18 09:19:38.998593,false,
1779095978013-44,"Quale figura sintomatica di eccesso di potere si configura sia quando siano trattati differentemente più soggetti in analoga o identica situazione, sia quando siano trattati in maniera uguale più soggetti che versino in situazioni differenti?",Disparità di trattamento.,Violazioni di disposizioni.,Travisamento dei fatti.,Difetto di motivazione.,A,Diritto_Amministrativo,false,,,,2026-05-18 09:19:38.998593,false,
1779095978013-45,"I controlli sugli atti amministrativi possono essere di legittimità e di merito, preventivi o successivi. Sono diretti a verificare la convenienza e l'opportunità dell'atto per la p.a. i controlli:",Di merito.,Di legittimità.,Preventivi.,Successivi.,A,Diritto_Amministrativo,false,,,,2026-05-18 09:19:38.998593,false,
1779095978013-46,"Secondo la L. 241/90, la pubblica amministrazione, quando adotta atti di natura non autoritativa:",agisce secondo le norme di diritto privato salvo che la legge disponga diversamente,agisce esclusivamente secondo le norme di diritto privato,agisce secondo le norme di diritto pubblico salvo che la legge non disponga di agire secondo le norme di diritto privato,agisce sempre secondo le norme di diritto pubblico,A,Diritto_Amministrativo,false,,,,2026-05-18 09:19:38.998593,false,
1779095978013-47,"Ai sensi del D.lgs. 267/00 e ss.mm.ii., l'esercizio della vigilanza dell'azienda speciale di cui all'art. 114 dello stesso decreto è demandata:",all'ente locale,dal consiglio di amministrazione dell'azienda speciale,alla commissione di vigilanza interna all'azienda speciale,al Presidente dell'azienda speciale,A,Diritto_Amministrativo,false,,,,2026-05-18 09:19:38.998593,false,
1779095978013-48,Quali controlli verificano la conformità a legge del singolo provvedimento ovvero l'opportunità amministrativa dello stesso?,Controlli sugli atti.,Controlli gestionali.,Controlli sugli organi.,Controlli sostitutivi.,A,Diritto_Amministrativo,false,,,,2026-05-18 09:19:38.998593,false,
1779095978013-49,"Sotto il profilo della tipologia, i provvedimenti ablatori si distinguono nelle categorie:","Reali, personali.","Costitutivi, ricognitivi.","Ricognitivi, dispensativi.","Personali, costitutivi.",A,Diritto_Amministrativo,false,,,,2026-05-18 09:19:38.998593,false,
1779095978013-50,"A chi affida, l'art. 6 della legge n. 241/1990, il compito di valutare, ai fini istruttori, i requisiti di legittimazione che siano rilevanti per l'emanazione di provvedimento?",Al responsabile del procedimento individuato dal dirigente dell'unità organizzativa cui il procedimento fa capo.,In via esclusiva al dirigente dell'unità organizzativa cui il procedimento fa capo.,All'organo di vertice o all'organo politico dell'amministrazione in base all'organizzazione della stessa.,In via esclusiva all'organo competente dell'adozione del provvedimento finale.,A,Diritto_Amministrativo,false,,,,2026-05-18 09:19:38.998593,false,
1779095978013-51,"Lo Statuto dei Lavoratori, trova applicazione nelle p.a.?","Si, per espressa previsione legislativa.",Dipende dal numero dei dipendenti di ciascuna p.a.,"No, per espressa previsione legislativa.",Solo se recepito a livello di contratto collettivo di comparto.,A,Diritto_Amministrativo,false,,,,2026-05-18 09:19:38.998593,false,
1779095978013-52,L'art. 8 della l. n. 241/1990 prevede il contenuto della comunicazione di avvio del procedimento. Cosa non deve obbligatoriamente contenere la comunicazione di avvio del procedimento?,I nominativi dei potenziali controinteressati.,L'amministrazione competente.,L'ufficio e la persona responsabile del procedimento.,"Nei procedimenti ad iniziativa di parte, la data di presentazione della relativa istanza.",A,Diritto_Amministrativo,false,,,,2026-05-18 09:19:38.998593,false,
1779095978013-53,"A norma del DPR 1199/1971 e ss.mm.ii., quale delle seguenti affermazioni NON è corretta?",Contro gli atti amministrativi definitivi è ammesso ricorso in unica istanza all'organo sovraordinato solo per motivi di legittimità,la comunicazione degli atti soggetti a ricorso deve recare l'indicazione del termine e dell'organo cui il ricorso deve essere presentato,Contro gli atti amministrativi non definitivi è ammesso ricorso in unica istanza all'organo sovraordinato per motivi di merito,Contro gli atti amministrativi non definitivi è ammesso ricorso in unica istanza all'organo sovraordinato per motivi di legittimità,A,Diritto_Amministrativo,false,,,,2026-05-18 09:19:38.998593,false,
1779095978013-54,"In materia di ricorso gerarchico, decorso il termine di novanta giorni dalla data di presentazione del ricorso senza che l'organo adito abbia comunicato la decisione…",Il ricorso si intende respinto.,Il ricorso si intende accolto.,Si è in presenza di un caso di silenzio devolutivo.,Il ricorrente può adire la competente autorità giudiziaria.,A,Diritto_Amministrativo,false,,,,2026-05-18 09:19:38.998593,false,
1779095978013-55,"Nell'atto amministrativo, l'intestazione è...",L'indicazione dell'autorità da cui l'atto promana.,La parte che contiene la firma dell'autorità che emana l'atto o di quella delegata.,"La parte precettiva, che costituisce la dichiarazione di volontà vera e propria.",La parte che indica gli interessi coinvolti nel procedimento.,A,Diritto_Amministrativo,false,,,,2026-05-18 09:19:38.998593,false,
1779095978013-56,Ai sensi dell'art. 48 del GDPR:,Le decisioni di un'autorità amministrativa di un paese terzo che dispongono il trasferimento o la comunicazione di dati personali da parte di un titolare del trattamento o di un responsabile del trattamento possono essere riconosciute o assumere qualsivoglia carattere esecutivo soltanto se basate su un accordo internazionale in vigore tra il paese terzo richiedente e l'Unione o un suo Stato membro.,Le decisioni di un'autorità amministrativa di un paese terzo che dispongono il trasferimento o la comunicazione di dati personali da parte esclusivamente di un responsabile del trattamento possono essere riconosciute o assumere qualsivoglia carattere esecutivo soltanto se basate su un accordo internazionale in vigore tra il paese terzo richiedente e l'Unione o un suo Stato membro.,Le decisioni di un'autorità amministrativa di un paese terzo che dispongono il trasferimento o la comunicazione di dati personali da parte di un titolare del trattamento o di un responsabile del trattamento non possono essere riconosciute ma assumere carattere esecutivo soltanto se basate su un accordo internazionale in vigore tra il paese terzo richiedente e l'Unione o un suo Stato membro.,Le decisioni di un'autorità amministrativa di un paese terzo che dispongono il trasferimento o la comunicazione di dati personali da parte di un titolare del trattamento o di un responsabile del trattamento possono essere riconosciute o assumere qualsivoglia carattere esecutivo anche in assenza di un accordo internazionale in vigore tra il paese terzo richiedente e l'Unione o un suo Stato membro.,A,Diritto_Amministrativo,false,,,,2026-05-18 09:19:38.998593,false,
1779095978013-57,"Secondo quanto previsto dall'art. 118 comma 6 del D.lgs. 36/2023 e ss.mm.ii., la garanzia per la risoluzione cessa automaticamente:",anche decorsi tre mesi dalla data di riaffidamento dei lavori,anche decorsi quindici giorni dalla data di riaffidamento dei lavori,anche decorsi trenta giorni dalla data di riaffidamento dei lavori,anche decorsi due mesi dalla data di riaffidamento dei lavori,A,Diritto_Amministrativo,false,,,,2026-05-18 09:19:38.998593,false,
1779095978013-58,Mediante quale dei seguenti provvedimenti la P.A. attribuisce ad altri potestà o facoltà inerenti a diritti suoi propri?,Delega.,Divieto.,Abilitazione.,Nulla osta.,A,Diritto_Amministrativo,false,,,,2026-05-18 09:19:38.998593,false,
1779095978013-59,Il divieto è...,"Un provvedimento amministrativo mediante il quale la P.A., a seguito di una scelta discrezionale o di un accertamento, fa sorgere nuovi obblighi giuridici a carico dei destinatari, imponendo loro determinati comportamenti a contenuto negativo.","Un provvedimento amministrativo tramite il quale la P.A., nell'esercizio di una attività discrezionale tecnica in funzione preventiva, provvede alla rimozione di un limite legale che si frappone all'esercizio di un'attività inerente ad un diritto soggettivo o ad una potestà pubblica che devono necessariamente preesistere in capo al destinatario.",Un atto amministrativo diverso dai provvedimenti.,"Un provvedimento amministrativo mediante il quale la P.A. consente l'esercizio di determinati diritti o facoltà, rendendo efficaci ed eseguibili atti giuridici già compiuti e perfetti.",A,Diritto_Amministrativo,false,,,,2026-05-18 09:19:38.998593,false,
1779095978013-60,"Con riferimento alla quadripartizione delle fasi del procedimento amministrativo, quale attività è propria della fase istruttoria?",Acquisizione di documentazione dall'interessato riguardante i fatti.,Autorizzazioni.,Designazioni (vincolanti e non vincolanti) e denunce.,Denunce.,A,Diritto_Amministrativo,false,,,,2026-05-18 09:19:38.998593,false,
1779095978013-61,L'oggetto dell'atto amministrativo...,"Deve in ogni caso essere determinato, possibile e lecito.",Può consistere solo in un comportamento o un fatto.,Può consistere solo in un comportamento o un bene.,"Può anche non essere determinato, ma deve essere possibile e lecito.",A,Diritto_Amministrativo,false,,,,2026-05-18 09:19:38.998593,false,
1779095978013-62,"In base al D.lgs. 104/10 e ss.mm.ii., il giudice amministrativo può disporre l'acquisizione di informazioni e documenti utili ai fini del decidere che siano nella disponibilità della pubblica amministrazione?","Sì, anche d'ufficio","Sì, ma solo su istanza di parte","No, può ammettere solo l'escussione dei testi che ritiene necessari","No, in nessun caso",A,Diritto_Amministrativo,false,,,,2026-05-18 09:19:38.998593,false,
1779096455788-1,"Ai sensi del D.lgs. 267/00 e ss.mm.ii., in materia di servizi e interventi pubblici locali, l'azienda speciale è:","ente strumentale dell'ente locale, dotato di personalità giuridica, di autonomia imprenditoriale e di proprio statuto approvato dal consiglio comunale o provinciale","ente strumentale dell'ente locale, dotato di autonomia imprenditoriale e di proprio statuto approvato dal consiglio comunale o provinciale, ma non di personalità giuridica","ente strumentale esclusivamente della regione, con un proprio statuto approvato dal consiglio regionale","ente strumentale dell'ente locale, dotato di personalità giuridica, ma non di autonomia imprenditoriale",A,Diritto_Amministrativo,false,,,,2026-05-18 09:27:36.704109,false,
1779096455789-10,"Ai sensi dell'art. 42 del D.lgs. 165/01 e ss.mm.ii., nel pubblico impiego:","la libertà e l'attività sindacale sono tutelate nelle forme previste dalle disposizioni della legge 20 maggio 1970, n. 300",per i dipendenti dello Stato e degli altri enti pubblici non è previsto il diritto di assemblea,lo Statuto dei Lavoratori è applicabile solo ai dipendenti non pubblici,i rapporti di lavoro dei lavoratori dipendenti dalle amministrazioni pubbliche non possono essere disciplinati dalle leggi sui rapporti di lavoro subordinato nell'impresa,A,Diritto_Amministrativo,false,,,,2026-05-18 09:27:36.704109,false,
1779096455789-11,"Ai sensi dell'art. 24 della L. 241/90 e ss.mm.ii., il Governo può prevedere casi di sottrazione all'accesso di documenti amministrativi:",con regolamento,con decreto legislativo,tutte le alternative proposte sono esatte,con provvedimento amministrativo,A,Diritto_Amministrativo,false,,,,2026-05-18 09:27:36.704109,false,
1779096455789-12,"Ai sensi della L. 241/1990 e ss.mm.ii., il provvedimento amministrativo che manca degli elementi essenziali:",è nullo,non è annullabile,è invalido,è annullabile,A,Diritto_Amministrativo,false,,,,2026-05-18 09:27:36.704109,false,
1779096455789-13,"AI sensi del D.lgs. 165/01 e ss.mm.ii., il prestatore di lavoro:",deve essere adibito alle mansioni per le quali è stato assunto o alle mansioni equivalenti nell'ambito dell'area di inquadramento,"deve essere adibito alle mansioni ritenute più necessarie all'ente e più idonee per lui, a discrezione della dirigenza",può essere adibito alle mansioni ritenute più idonee per lui in base al giudizio del direttore dell'ufficio a cui è assegnato,può essere adibito alle mansioni per le quali è stato assunto o a quelle corrispondenti a qualifiche inferiori nell'ambito dell'area di inquadramento,A,Diritto_Amministrativo,false,,,,2026-05-18 09:27:36.704109,false,
1779096455789-14,Quale dei seguenti è un provvedimento ablatorio personale?,Ordine dell'autorità sanitaria.,Occupazione d'urgenza.,Espropriazione.,Servitù coattiva.,A,Diritto_Amministrativo,false,,,,2026-05-18 09:27:36.704109,false,
1779096455789-15,"Secondo il Codice dell'amministrazione digitale, il soggetto che presta servizi di trasmissione dei documenti informatici mediante la posta elettronica certificata è denominato:",Gestore di posta elettronica certificata,Titolare di firma elettronica,Gestore della protocollazione informatica,Sistema di Identificazione di Idendità Digitale,A,Diritto_Amministrativo,false,,,,2026-05-18 09:27:36.704109,false,
1779096455789-16,"A norma del D.lgs. 104/10 e ss.mm.ii., le parti resistenti e i controinteressati possono proporre domande il cui interesse sorge in dipendenza della domanda proposta in via principale?","Sì, a mezzo di ricorso incidentale","No, in nessun caso le parti resistenti e i controinteressati possono proporre tale domanda",Si con ricorso proposto nel termine di90 giorni decorrenti dalla notificazione del ricorso principale,"Sì, a mezzo ricorso in opposizione ma solo su istanza di parte",A,Diritto_Amministrativo,false,,,,2026-05-18 09:27:36.704109,false,
1779096455789-17,Quanto all'oggetto i controlli possono riguardare:,"Gli atti, gli organi e la gestione.",Gli organi e la gestione.,Gli atti e la gestione.,"Gli atti, gli organi e l'opportunità.",A,Diritto_Amministrativo,false,,,,2026-05-18 09:27:36.704109,false,
1779096455789-18,"A norma del DPR 1199/1971 e ss.mm.ii., chi è l'organo competente ad esprimere il parere sul ricorso straordinario ?",La sezione o la commissione speciale a cui il ricorso è assegnato,Il presidente della Consulta,Il presidente del Consiglio di Stato,L'Adunanza generale,A,Diritto_Amministrativo,false,,,,2026-05-18 09:27:36.704109,false,
1779096455789-19,"Secondo la dottrina prevalente i caratteri propri del provvedimento amministrativo sono unilateralità, tipicità e nominatività, imperatività/autoritarietà, inoppugnabilità, efficacia ed esecutività. Quale carattere consiste nella sua idoneità a modificare situazioni giuridiche altrui, senza necessità di alcun consenso?",Imperatività/autoritarietà.,Unilateralità.,Tipicità e nominatività.,Inoppugnabilità.,A,Diritto_Amministrativo,false,,,,2026-05-18 09:27:36.704109,false,
1779096455789-2,"Tra i criteri che devono essere seguiti nell'organizzazione degli uffici, il comma 1, art. 2 D.Lgs. n. 165/2001 comprende anche l'armonizzazione degli orari di servizio e di apertura degli uffici con le esigenze dell'utenza e con gli orari delle amministrazioni pubbliche dei Paesi dell'Unione europea?",Si.,"No, i criteri di organizzazione di cui al comma 1, art. 2, sono tutti afferenti alle parità e alle pari opportunità tra uomini e donne.","No, i criteri di organizzazione di cui al comma 1, art. 2, sono tutti afferenti alle garanzie dell'imparzialità e della trasparenza dell'azione amministrativa.","No, i criteri di organizzazione di cui al comma 1, art. 2, sono tutti afferenti alla funzionalità rispetto ai compiti e ai programmi di attività.",A,Diritto_Amministrativo,false,,,,2026-05-18 09:27:36.704109,false,
1779096455789-20,"Ai sensi dell'art. 7 del DPR 184/06 e ss.mm.ii., l'esame dei documenti amministrativi può essere effettuato da una persona diversa dal richiedente?","Sì, può essere effettuato dal richiedente o da persona da lui incaricata","No, è espressamente vietato","No, salvo i casi espressamente previsti all'art. 7 del D.P.R 184/2006","Sì, può essere effettuata da un suo rappresentante legale e solo in presenza di personale addetto",A,Diritto_Amministrativo,false,,,,2026-05-18 09:27:36.704109,false,
1779096455789-22,I provvedimenti decisori del giudice amministrativo:,sono in ogni caso motivati,possono essere motivati,sono motivati e redatti in forma dettagliata,sono motivati solo i provvedimenti su istanza di parte,A,Diritto_Amministrativo,false,,,,2026-05-18 09:27:36.704109,false,
1779096455789-23,"Ai sensi del D.lgs. 196/03 e ss.mm.ii., l'incarico di componente dell'organo collegiale Garante per la protezione dei dati personali:",ha durata settennale e non è rinnovabile,ha durata triennale ed è rinnovabile,ha durata quinquennale e non è rinnovabile,ha durata biennale ed è rinnovabile,A,Diritto_Amministrativo,false,,,,2026-05-18 09:27:36.704109,false,
1779096455789-24,Quale figura sintomatica di eccesso di potere si concretizza in una sproporzione tra la sanzione e l'illecito contestato?,Ingiustizia grave e manifesta.,Violazioni di disposizioni.,Travisamento dei fatti.,Difetto di motivazione.,A,Diritto_Amministrativo,false,,,,2026-05-18 09:27:36.704109,false,
1779096455789-25,Quali tra i seguenti rientrano tra i requisiti di legittimità dell'atto amministrativo?,I presupposti di fatto e di diritto,La notificazione all'interessato,La pubblicazione,L'accettazione dei controinteressati,A,Diritto_Amministrativo,false,,,,2026-05-18 09:27:36.704109,false,
1779096455789-26,I controlli interni...,Sono quelli che l'amministrazione esercita nel proprio ambito in forza del potere di supremazia gerarchica che le consente di vigilare sui propri atti.,"Sono quelli provenienti da soggetti diversi dall'amministrazione interessata, o perché di altri rami dell'ordinamento o perché collegati all'amministrazione ma in posizione di indipendenza.",Trovano fonte solo in leggi di rango costituzionale.,"Sono diretti a valutare l'atto o l'attività dell'organo sotto il profilo della utilità ed opportunità, cioè della convenienza per l'amministrazione.",A,Diritto_Amministrativo,false,,,,2026-05-18 09:27:36.704109,false,
1779096455789-27,"Ai sensi dell'art. 3 del D.lgs. 267/00 e ss.mm.ii., i comuni e le province hanno:",tutte le alternative proposte sono esatte,autonomia statutaria e normativa,autonomia organizzativa e amministrativa,autonomia impositiva e finanziaria nell'ambito dei propri statuti e regolamenti e delle leggi di coordinamento della finanza pubblica,A,Diritto_Amministrativo,false,,,,2026-05-18 09:27:36.704109,false,
1779096455789-28,Fino a quando non sia effettuata l'assegnazione del responsabile del procedimento (art. 5 l.n. 241/1990):,È considerato responsabile del singolo procedimento il funzionario preposto all'unità organizzativa.,Non è possibile avviare il procedimento.,È considerato responsabile l'organo di governo dell'Amministrazione.,Non decorrono i termini previsti per la conclusione del procedimento.,A,Diritto_Amministrativo,false,,,,2026-05-18 09:27:36.704109,false,
1779096455789-29,L'indicazione dell'autorità da cui l'atto promana costituisce...,L'intestazione dell'atto amministrativo.,Il preambolo dell'atto amministrativo.,La parte descrittiva della motivazione dell'atto amministrativo.,Il dispositivo dell'atto amministrativo.,A,Diritto_Amministrativo,false,,,,2026-05-18 09:27:36.704109,false,
1779096455789-3,Ai sensi del 1 comma dell'art. 55 del D.lgs. 267/00 e ss.mm.ii. sono eleggibili:,"a sindaco gli elettori di un qualsiasi comune della Repubblica che abbiano compiuto il diciottesimo anno di età, nel primo giorno fissato per la votazione","sono eleggibili a consigliere comunale e circoscrizionale gli elettori di un qualsiasi comune della Repubblica che abbiano compiuto il ventunesimo anno di età, nel primo giorno fissato per la votazione","sono eleggibili presidente della provincia gli elettori di un qualsiasi comune della Repubblica che abbiano compiuto il venticinquesimo anno di età, nel primo giorno fissato per la votazione",nessuna delle alternative proposta è esatta,A,Diritto_Amministrativo,false,,,,2026-05-18 09:27:36.704109,false,
1779096455789-30,"Ai norma del D.lgs. 33/2013 e ss.mm.ii., la trasparenza è intesa come:",accessibilità totale dei dati e documenti detenuti dalle pubbliche amministrazioni,"possibilità da parte degli interessati di accedere, se autorizzati, ai propri documenti amministrativi e di poterne estrarre copia",accessibilità alla documentazione prodotta dalle pubbliche amministrazioni limitatamente agli ultimi sei mesi,nessuna delle alternative proposte è esatta,A,Diritto_Amministrativo,false,,,,2026-05-18 09:27:36.704109,false,
1779096455789-31,"Ai sensi del DPR 184/06, la richiesta di accesso ai documenti amministrativi, qualora provenga da una P.A., può avere carattere:",sia informale che formale,solo informale,solo formale,formale e particolare,A,Diritto_Amministrativo,false,,,,2026-05-18 09:27:36.704109,false,
1779096455789-32,"In base al D.lgs. 104/2010 e ss.mm.ii., l'azione di annullamento per violazione di legge si propone nel termine di decadenza di:",sessanta giorni,novanta giorni,centottanta giorni,trenta giorni,A,Diritto_Amministrativo,false,,,,2026-05-18 09:27:36.704109,false,
1779096455789-33,Le locuzioni accesso documentale e accesso civico sono sinonimi?,"No, accesso documentale è l'accesso disciplinato della l. n. 241/1990, recante nuove norme in materia di procedimento amministrativo e di diritto di accesso ai documenti amministrativi, mentre accesso civico è l'accesso ai documenti oggetto degli obblighi di pubblicazione (art. 5, co. 1 del d.lgs. 33/2013).","No, accesso documentale è l'accesso ai documenti oggetto degli obblighi di pubblicazione (art. 5, co. 1 del d.lgs. 33/2013), mentre accesso civico è l'accesso disciplinato della l. n. 241/1990, recante nuove norme in materia di procedimento amministrativo e di diritto di accesso ai documenti amministrativi, mentre accesso.","No, accesso documentale è l'accesso ai documenti oggetto degli obblighi di pubblicazione (art. 5, co. 1 del d.lgs. 33/2013), mentre accesso civico è l'accesso ai dati e documenti detenuti dalla P.A. ulteriori rispetto a quelli oggetto di pubblicazione obbligatoria (art. 5, co. 2 del d.lgs. 33/2013).",Si sono sinonimi.,A,Diritto_Amministrativo,false,,,,2026-05-18 09:27:36.704109,false,
1779096455789-34,I controlli che intervengono in relazione ad atti amministrativi già perfetti e che hanno già prodotto effetti sono controlli successivi. Quanto affermato è:,Corretto.,"Errato, sono controlli di merito.","Errato, sono controlli preventivi.","Errato, sono controlli di legittimità.",A,Diritto_Amministrativo,false,,,,2026-05-18 09:27:36.704109,false,
1779096455789-35,"Quando l'autorizzazione è rilasciata sulla base di un accertamento relativo a requisiti concernenti una «res», si definisce…",Reale.,Espressa.,Tacita.,Non modale.,A,Diritto_Amministrativo,false,,,,2026-05-18 09:27:36.704109,false,
1779096455789-36,"Quali tra le seguenti non rientra tra le competenze della Giunta comunale, ai sensi dell'art. 48 del d.lgs. 267/2000?",approvare lo statuto.,collaborare con il sindaco nell'attuazione degli indirizzi generali del consiglio.,adottare i regolamenti sull'ordinamento degli uffici e dei servizi.,riferire annualmente al consiglio sulla propria attività.,A,Diritto_Amministrativo,false,,,,2026-05-18 09:27:36.704109,false,
1779096455789-37,"Secondo il DPR 1199/1971 e ss.mm.ii., a chi è presentato il ricorso in opposizione ?",All'organo che ha emanato l'atto impugnato,Al giudice dell'esecuzione,Al giudice ordinario,Al giudice amministrativo,A,Diritto_Amministrativo,false,,,,2026-05-18 09:27:36.704109,false,
1779096455789-38,Sono atti di amministrazione consultiva...,"Gli atti tendenti ad illuminare, mediante consigli tecnici, giuridici o economici, gli organi di amministrazione attiva.",Gli atti diretti a soddisfare immediatamente gli interessi propri della P.A.,"Gli atti diretti a sindacare, sotto il profilo della legittimità o del merito, l'operato dell'amministrazione attiva.","Gli atti che attribuiscono al destinatario nuovi poteri e nuove facoltà, ampliando la sua sfera giuridica.",A,Diritto_Amministrativo,false,,,,2026-05-18 09:27:36.704109,false,
1779096455789-39,"È nullo il provvedimento amministrativo (art. 21-septies, L. 241/1990):",Viziato da difetto assoluto di attribuzione.,Adottato in violazione di legge.,Viziato da eccesso di potere.,Adottato senza motivazione espressa.,A,Diritto_Amministrativo,false,,,,2026-05-18 09:27:36.704109,false,
1779096455789-4,"In base alla L. 241/1990 e ss.mm.ii., in ogni atto notificato al destinatario deve essere indicata l'autorità cui è possibile ricorrere?","Sì, dev'essere indicata anche l'autorità cui è possibile ricorrere","No, l'autorità cui è possibile ricorrere non deve essere indicata in nessun caso","Sì, può essere indicata ma solo se previsto dai regolamenti delle singole amministrazioni","No, ma dev'essere indicato il termine entro cui ricorrere",A,Diritto_Amministrativo,false,,,,2026-05-18 09:27:36.704109,false,
1779096455789-40,Il Consiglio di Stato:,è organo di ultimo grado della giurisdizione amministrativa,è organo di primo grado della giurisdizione amministrativa come il Consiglio di giustizia amministrativa per la regione siciliana,è organo di primo grado della giurisdizione amministrativa come il Tribunale regionale di giustizia amministrativa per la regione autonoma del Trentino - Alto Adige,è organo di primo grado della giurisdizione amministrativa come i TAR,A,Diritto_Amministrativo,false,,,,2026-05-18 09:27:36.704109,false,
1779096455789-41,"Quando, oltre al potere di sostituzione, l'organo controllante ha la possibilità di irrogare sanzioni nei confronti dell'organo controllato, si mette in atto in particolare un controllo:",Sostitutivo repressivo.,Sostitutivo semplice.,Ispettivo.,Repressivo.,A,Diritto_Amministrativo,false,,,,2026-05-18 09:27:36.704109,false,
1779096455789-42,"I Dipartimenti, nell'ambito dell'organizzazione del Governo...",Assicurano l'organico ed integrato esercizio delle funzioni del ministero.,Sono preposti alla gestione delle risorse umane.,Sono strutture preposte alle attività esterne.,Sono strutture amministrative di primo livello delle Agenzie.,A,Diritto_Amministrativo,false,,,,2026-05-18 09:27:36.704109,false,
1779096455789-43,"Ai sensi dell'art. 9-ter della legge n. 91/1992, quali sono i termini di conclusione dei procedimenti di concessione della cittadinanza italiana?",ventiquattro mesi prorogabili fino al massimo di trentasei mesi,dodici mesi prorogabili fino al massimo di ventiquattro mesi,trantasei mesi prorogabili fino al massimo di quarantotto mesi,sei mesi prorogabili fino al massimo di dodici mesi,A,Diritto_Amministrativo,false,,,,2026-05-18 09:27:36.704109,false,
1779096455789-44,Una strada ferrata costruita e gestita da privati in regime di concessione costituisce un bene...,Di interesse pubblico.,Pubblico.,Del patrimonio indisponibile.,Demaniale.,A,Diritto_Amministrativo,false,,,,2026-05-18 09:27:36.704109,false,
1779096455789-45,Sono atti di amministrazione attiva...,Gli atti diretti a soddisfare immediatamente gli interessi propri della P.A.,"Gli atti diretti a sindacare, sotto il profilo della legittimità o del merito, l'operato dell'amministrazione attiva.","Gli atti tendenti ad illuminare, mediante consigli tecnici, giuridici o economici, gli organi di amministrazione attiva.","Gli atti diretti a sindacare, sotto il profilo della legittimità ma non del merito, l'operato dell'amministrazione attiva.",A,Diritto_Amministrativo,false,,,,2026-05-18 09:27:36.704109,false,
1779096455789-46,"Ai sensi dell'art. 6 del DPR 184/06 e ss.mm.ii., il responsabile del procedimento di accesso è:","il dirigente, il funzionario preposto all'unità organizzativa o altro dipendente addetto all'unità competente a formare il documento o a detenerlo stabilmente.","a seconda della parte istante, può essere il dirigente, oppure il dipendente addetto all'unità organizzativa competente a formare il documento o a detenerlo stabilmente.",esclusivamente il funzionario preposto all'unità organizzativa competente a formare l'atto.,esclusivamente il dirigente dell'unità organizzativa competente a detenere stabilmente l'atto.,A,Diritto_Amministrativo,false,,,,2026-05-18 09:27:36.704109,false,
1779096455789-47,"Con riferimento alla classificazione dell'attività amministrativa, quale tra quelle proposte comprende le attività dirette a fornire, sotto forma di pareri, consigli, direttive, orientamenti e chiarimenti alle autorità che devono provvedere su un determinato oggetto?",Amministrazione consultiva.,Amministrazione attiva.,Amministrazione di controllo.,Amministrazione di garanzia.,A,Diritto_Amministrativo,false,,,,2026-05-18 09:27:36.704109,false,
1779096455789-5,La tutela in materia di silenzio dell'amministrazione è disciplinata:,dal codice del processo amministrativo,dal D.lgs. 165/2001 e successive modificazioni e integrazioni,dalla legge n. 241/1990 e successive modificazioni e integrazioni,dal Codice della privacy,A,Diritto_Amministrativo,false,,,,2026-05-18 09:27:36.704109,false,
1779096455789-6,"Ogni provvedimento amministrativo ha una propria struttura, legata alla forma dell'atto. Esiste però una struttura di larga massima comune alla gran parte dei provvedimenti amministrativi scritti. Indicare quale tra le seguenti affermazioni in merito è corretta.","Il preambolo indica le norme di legge che giustificano l'esercizio dei poteri dell'amministrazione e le risultanze dell'istruttoria, compresi gli atti di impulso, i pareri, le valutazioni tecniche, ecc.",La motivazione è l'indicazione dell'autorità amministrativa alla quale il provvedimento e l'attività del funzionario sono imputabili.,L'intestazione è la parte dell'atto che contiene l'indicazione dei presupposti di fatto e le ragioni giuridiche del provvedimento.,"La struttura generalmente si compone di: motivazione, luogo, data e sottoscrizione.",A,Diritto_Amministrativo,false,,,,2026-05-18 09:27:36.704109,false,
1779096455789-7,"La L. 241/1990 e ss.mm.ii., mediante la previsione del carattere obbligatorio della motivazione del provvedimento amministrativo, si prefigge l'intento di garantire:",la trasparenza dell'azione amministrativa,la semplificazione dell'attività amministrativa,l'imparzialità dell'attività amministrativa,la pubblicità dell'azione amministrativa,A,Diritto_Amministrativo,false,,,,2026-05-18 09:27:36.704109,false,
1779096455789-8,"A norma del disposto di cui al comma 2, art. 1, l. n. 241/1990, la p.a.:",Non può aggravare il procedimento se non per straordinarie e motivate esigenze imposte dallo svolgimento dell'istruttoria.,Non può in nessun caso aggravare il procedimento.,Può aggravare il procedimento in presenza del consenso espresso di tutti gli interessati al procedimento.,Può aggravare il procedimento in presenza del consenso espresso di tutti gli interessati al procedimento nonché del responsabile del procedimento.,A,Diritto_Amministrativo,false,,,,2026-05-18 09:27:36.704109,false,
1779096455789-9,"Gli atti amministrativi che creano, modificano o estinguono un rapporto giuridico preesistente...",Sono atti amministrativi costitutivi.,Sono atti amministrativi dichiarativi.,Non sono nè atti amministrativi dichiarativi nè atti amministrativi costitutivi.,Sono atti amministrativi dichiarativi solo se promanano da un organo centrale dello Stato.,A,Diritto_Amministrativo,false,,,,2026-05-18 09:27:36.704109,false,
1779096455790-48,Cosa si intende per ANAC?,L'Autorità nazionale Anticorruzione.,L'Agenzia nazionale per l'accesso civico.,L'Agenzia nazionale delle amministrazioni centrali.,L'Autorità nazionale della contrattazione collettiva.,A,Diritto_Amministrativo,false,,,,2026-05-18 09:27:36.704109,false,
1779096455790-49,"Ai sensi dell'art. 22 della legge 241/90, il documento amministrativo è la rappresentazione:",del contenuto di atti detenuti da una Pubblica Amministrazione e concernenti attività di pubblico interesse,del contenuto di un atto concernente le attività di interesse privato,esclusivamente elettromagnetica del contenuto di atti concernenti attività di interesse pubblico,esclusivamente cartacea di un provvedimento amministrativo,A,Diritto_Amministrativo,false,,,,2026-05-18 09:27:36.704109,false,
1779096455790-50,"Ai sensi della L. 241/1990, il responsabile del procedimento...",adotta ogni misura per l'adeguato e sollecito svolgimento dell'istruttoria,non è mai competente per l'adozione del provvedimento finale,"non può esperire ispezioni, se non è autorizzato dal dirigente",deve necessariamente delegare l'istruttoria del procedimento,A,Diritto_Amministrativo,false,,,,2026-05-18 09:27:36.704109,false,
1779096455790-51,Il Regolamento Ue 2016/679 definisce dati personali:,qualsiasi informazione riguardante una persona identificata o identificabile,dati generati da dispositivi industriali,sensori di dati,dispositivi di monitoraggio,A,Diritto_Amministrativo,false,,,,2026-05-18 09:27:36.704109,false,
1779096455790-52,"L'art. 3-bis della l. n. 241/1990, prevede che le amministrazioni pubbliche agiscano mediante strumenti informatici e telematici, nei rapporti interni, tra le diverse amministrazioni e tra queste e i privati al fine di conseguire:",Maggiore efficienza nella loro attività.,Maggiore economicità per la loro attività.,Maggiore pubblicità degli atti.,Pari opportunità.,A,Diritto_Amministrativo,false,,,,2026-05-18 09:27:36.704109,false,
1779096455790-53,"Si indichi quale di queste affermazioni, relative ai criteri di aggiudicazione dei contratti pubblici ex art. 185 d.lgs. 36/2023, è erronea.",L'ente concedente elenca i criteri in ordine crescente di convenienza.,"Le concessioni sono aggiudicate sulla base di criteri oggettivi, tali da assicurare una valutazione delle offerte in condizioni di concorrenza effettiva in modo da individuare un vantaggio economico complessivo per l'ente concedente.",Prima di assegnare il punteggio all'offerta economica la commissione aggiudicatrice verifica l'adeguatezza e la sostenibilità del piano economico-finanziario.,I criteri di aggiudicazione sono connessi all'oggetto della concessione e non attribuiscono una incondizionata libertà di scelta all'ente concedente.,A,Diritto_Amministrativo,false,,,,2026-05-18 09:27:36.704109,false,
1779096455790-54,In relazione all'oggetto dell'accertamento le autorizzazione possono essere personali o reali. Nelle autorizzazioni personali:,Il rilascio presuppone un giudizio favorevole sui requisiti personali di chi esercita l'attività autorizzata.,"La p.a impone determinate prestazioni, ritenute opportune o necessarie per ragioni di pubblico interesse.",Il compito della p.a. è quello di valutare la convenienza o la legittimità di un progetto di azione o di un tipo di attività prospettato dai pubblici uffici.,L'accertamento concerne i requisiti di una res.,A,Diritto_Amministrativo,false,,,,2026-05-18 09:27:36.704109,false,
1779096455790-55,"Come sono denominate le dichiarazioni di scienza aventi lo scopo di attestare fatti accertati dalla pubblica autorità o risultanti dalle dichiarazioni o dai documenti forniti dagli interessati, attraverso l'inserzione in appositi registri?",Registrazioni.,Registri pubblici.,Autorizzazioni.,Certazioni.,A,Diritto_Amministrativo,false,,,,2026-05-18 09:27:36.704109,false,
1779096455790-56,"Nel procedimento amministrativo, quale fase è diretta ad introdurre l'interesse pubblico primario, nonché gli interessi secondari di cui sono titolari i privati interessati all'oggetto del provvedimento da emanare?",Fase dell'iniziativa.,Fase istruttoria.,Fase decisoria.,Fase integrativa dell'efficacia.,A,Diritto_Amministrativo,false,,,,2026-05-18 09:27:36.704109,false,
1779096455790-57,I termini per la conclusione del procedimento amministrativo decorrono:,"dall'inizio del procedimento d'ufficio o dal ricevimento della domanda, se il procedimento è ad iniziativa di parte","dalla data di inizio dell'istruttoria, se il procedimento è ad iniziativa di parte","dall'inizio del procedimento d'ufficio o dalla nomina del responsabile del procedimento, se il procedimento è ad iniziativa di parte",in ogni caso dalla nomina del responsabile del procedimento,A,Diritto_Amministrativo,false,,,,2026-05-18 09:27:36.704109,false,
1779096455790-58,"Ai sensi della L. 241/90 e ss.mm.ii., l'amministrazione ha l'obbligo generale di determinare, per ciascun tipo di procedimento, l'unità organizzativa responsabile dell'istruttoria?","Sì, in ogni caso, tale determinazione costituisce un obbligo generale","No, tale determinazione costituisce un obbligo solo per i provvedimenti a rilevanza esterna","No, suddetta legge lascia ampia facoltà all'amministrazione in merito","Sì, solo per i procedimenti ad istanza di parte",A,Diritto_Amministrativo,false,,,,2026-05-18 09:27:36.704109,false,
1779096455790-59,"Ai sensi dell'art. 6 della L. 241/90 e ss.mm.ii., il responsabile del procedimento amministrativo:",può esperire accertamenti tecnici ed ispezioni ed ordinare esibizioni documentali,non può indire le conferenza di servizi,non può adottare il provvedimento finale ma ha il compito di trasmettere gli atti all'organo competente per l'adozione di tale provvedimento,deve essere persona diversa da quella competente in materia di adozione del provvedimento finale,A,Diritto_Amministrativo,false,,,,2026-05-18 09:27:36.704109,false,
1779096455790-60,I provvedimenti ablatori obbligatori:,Costituiscono un rapporto obbligatorio tra cittadino e pubblica amministrazione.,Sono caratterizzati dal trasferimento coattivo di un bene o di un diritto reale da un privato alla pubblica amministrazione.,Dal punto di vista del contenuto si distinguono in comandi e diritti.,Costituiscono atti di consenso che permettono di attribuire nuove facoltà ad un determinato soggetto.,A,Diritto_Amministrativo,false,,,,2026-05-18 09:27:36.704109,false,
1779096455790-61,"Qualora l'interessato sia in possesso di un documento di identità o di riconoscimento non in corso di validità, gli stati, le qualità personali e i fatti in esso contenuti possono essere comprovati mediante esibizione dello stesso? (art. 45 DPR 445/2000)","Sì. purché l'interessato dichiari, in calce alla fotocopia del documento, che i dati contenuti nel documento non hanno subito variazioni dalla data del rilascio.","Si, tali documenti hanno validità illimitata.","No, in alcun caso.","Si, purchè l'interessato dimostri, anche attraverso l'esibizione di altro documento, che i dati non hanno subito variazioni dalla data del rilascio.",A,Diritto_Amministrativo,false,,,,2026-05-18 09:27:36.704109,false,
1779096455790-62,"AI sensi del D.lgs. 165/01 e ss.mm.ii., gli atti relativi all'organizzazione degli uffici di livello dirigenziale non generale sono adottati:",dai dirigenti di uffici dirigenziali generali,dai funzionari amministrativi non dirigenti,dal solo ministro della Pubblica Amministrazione,dagli organi di governo,A,Diritto_Amministrativo,false,,,,2026-05-18 09:27:36.704109,false,
1779096455790-63,"Secondo quanto previsto in tema di silenzio assenso ai sensi dell'art. 20 della Legge n. 241/1990, le relative disposizioni non si applicano:","tra l'altro, agli atti e procedimenti riguardanti la difesa nazionale",ai procedimenti riguardanti i diritti dei minori,ai soli atti riguardanti indagini relative a procedimenti penali,agli atti di competenza degli enti d'istruzione,A,Diritto_Amministrativo,false,,,,2026-05-18 09:27:36.704109,false,
1779096455790-64,"Nell'ambito delle situazioni giuridiche soggettive di diritto amministrativo, per interesse collettivo si intende...",Quell'interesse facente capo ad un ente esponenziale della collettività autonomamente individuabile.,Quell'interesse comune agli appartenenti ad una formazione sociale non costituente un gruppo od una categoria omogenei.,Un diritto soggettivo subordinato ad un interesse pubblico prevalente.,Quell'interesse individuale strettamente connesso con l'interesse pubblico e protetto dall'ordinamento giuridico non direttamente ma solo attraverso la tutela dell'interesse pubblico cui è connesso.,A,Diritto_Amministrativo,false,,,,2026-05-18 09:27:36.704109,false,
1779096455790-65,"Chi dei seguenti NON ha facoltà di intervenire nel procedimento amministrativo, secondo il dato testuale dell'art. 9 della L. 241/1990?",Gli organi di amministrazione consultiva.,Il portatore di interessi pubblici.,I portatori di interessi diffusi costituiti in associazioni.,I portatori di interessi diffusi costituiti in comitati.,A,Diritto_Amministrativo,false,,,,2026-05-18 09:27:36.704109,false,
1779096455790-66,"Secondo quanto prevede il Codice del processo amministrativo, tra i mezzi di impugnazione delle sentenze rientra anche l'appello?","Sì, tra i mezzi di impugnazione delle sentenze rientra anche l'appello","No, i mezzi di impugnazione sono esclusivamente il ricorso in cassazione e la revocazione","Sì, l'appello e il ricorso per cassazione sono gli unici due mezzi di impugnazione delle sentenze","No, l'appello non è uno dei mezzi di impugnazione delle sentenze",A,Diritto_Amministrativo,false,,,,2026-05-18 09:27:36.704109,false,
1779096455790-67,"A norma di quanto prevede l'art. 4, l. n. 241/1990, le p.a. sono tenute a determinare:","L'unità organizzativa responsabile dell'istruttoria e di ogni altro adempimento procedimentale, nonché dell'adozione del provvedimento finale.",Il termine entro cui provvedimento può essere impugnato.,Il responsabile dell'istruttoria del procedimento.,Un responsabile per ognuna delle quattro fasi procedimentali.,A,Diritto_Amministrativo,false,,,,2026-05-18 09:27:36.704109,false,
1779096455790-68,"A norma del disposto di cui al comma 1, art. 4, D.Lgs. 165/2001 la definizione di obiettivi, priorità, piani, programmi e direttive generali per l'azione amministrativa e per la gestione compete:",Agli Organi di Governo.,Ai dirigenti di cui all'art. 17.,Ai dirigenti di cui all'art. 16.,Agli OIV.,A,Diritto_Amministrativo,false,,,,2026-05-18 09:27:36.704109,false,
1779096455790-69,"Secondo l'art. 19 della L. 241/1990, entro quale termine dal ricevimento della segnalazione certificata di inizio attività, l'amministrazione competente, in caso di accertata carenza dei requisiti e dei presupposti, adotta motivati provvedimenti di divieto di prosecuzione dell'attività e di rimozione degli eventuali effetti dannosi di essa?",Sessanta giorni.,Trenta giorni.,Dieci giorni.,Immediatamente e senza ritardo.,A,Diritto_Amministrativo,false,,,,2026-05-18 09:27:36.704109,false,
1779096993823-1,Quando si parla di GDPR si fa riferimento a quale fonte normativa?,Ad un regolamento UE.,Ad un decreto del Presidente della Repubblica.,Ad un regolamento governativo.,Ad un trattato internazionale.,A,Diritto_Amministrativo,false,,,,2026-05-18 09:36:34.789841,false,
1779096993823-2,Di quanti libri si compone il Codice del processo amministrativo (D.Lgs. n. 104/2010)? Quale libro è afferente all'ottemperanza e ai riti speciali?,Cinque libri. Il libro quarto.,Sei libri. Il libro sesto.,Quattro libri. Il libro secondo.,Tre libri. Il libro primo.,A,Diritto_Amministrativo,false,,,,2026-05-18 09:36:34.789841,false,
1779096993824-10,"Ai sensi dell'art. 8 della L. 241/90 e ss.mm.ii., qualora non sia possibile, a causa del numero dei destinatari, la comunicazione personale dell'avvio del procedimento amministrativo:",l'Amministrazione provvede alla comunicazione con forme di pubblicità ritenute idonee,la comunicazione dell'avvio del procedimento non viene data,la comunicazione viene data mediante affissione nei locali destinati a tale pubblicità da parte dell'ufficio competente all'adozione del provvedimento,la data di avvio del procedimento viene procrastinata per far sì che a tutti i destinatari possa essere inoltrata una comunicazione personale,A,Diritto_Amministrativo,false,,,,2026-05-18 09:36:34.789841,false,
1779096993824-11,"Nell'ambito della giustizia amministrativa, la tutela amministrativa su ricorso dà luogo...",Ad una posizione di terzietà della P.A. in ordine alla controversia.,Ad un procedimento d'iniziativa della stessa P.A.,Ad una decisione non vincolata ai motivi addotti dal ricorrente.,Ad un procedimento privo di contraddittorio con gli interessati.,A,Diritto_Amministrativo,false,,,,2026-05-18 09:36:34.789841,false,
1779096993824-12,Chi approva il codice di comportamento dei dipendenti delle P.A.?,"Il Presidente della Repubblica con decreto, previa deliberazione del Consiglio dei Ministri.",Il Ministro per la pubblica amministrazione e la semplificazione.,La Conferenza unificata.,Il Parlamento con legge dello Stato.,A,Diritto_Amministrativo,false,,,,2026-05-18 09:36:34.789841,false,
1779096993824-13,Le regole generali dettate dalla L. 241/90 sono applicabili anche all'accesso formale ai documenti amministrativi previsto dal DPR 184/06?,"Sì, lo sono","Sì, ma se l'istanza è presentata per la seconda volta","Si, salvo che il D.P.R. 184/2006 non preveda diversamente",No,A,Diritto_Amministrativo,false,,,,2026-05-18 09:36:34.789841,false,
1779096993824-14,"Ai sensi del D.lgs. 150/09 e ss.mm.ii., le amministrazioni pubbliche promuovono il merito e il miglioramento della performance organizzativa e individuale:","anche attraverso l'utilizzo di sistemi premianti selettivi, secondo logiche meritocratiche","attraverso scatti di anzianità, valutabili però, ai fini previdenziali, dopo 6 mesi",attraverso premi collegati alla performance anche in assenza delle verifiche e attestazioni sui sistemi di misurazione e valutazione adottati ai sensi dal suddetto decreto,"attraverso la distribuzione indifferenziata, o sulla base di automatismi legati alla progressione di carriera, di incentivi",A,Diritto_Amministrativo,false,,,,2026-05-18 09:36:34.789841,false,
1779096993824-15,"Ai sensi dell'art.146 del d.lgs. 267/00 e ss.mm.ii., in materia di controllo sugli organi degli enti locali, il Ministro dell'interno presenta al Parlamento una relazione sull'attività svolta dalla gestione straordinaria dei singoli comuni. Tale relazione è:",annuale,biennale,semestrale,trimestrale,A,Diritto_Amministrativo,false,,,,2026-05-18 09:36:34.789841,false,
1779096993824-16,"Con riferimento alle situazioni giuridiche soggettive di diritto amministrativo, gli interessi di fatto:",Sono privi del carattere della differenzazione che è tipico dell'interesse legittimo e che consente l'accesso alla tutela giurisdizionale.,"Sono quegli interessi che il singolo vanta ad un uso corretto, sul piano del merito, dei poteri da parte della p.a.",Si identificano negli interessi legittimi.,Sono di regola tutelabili in via giurisdizionale.,A,Diritto_Amministrativo,false,,,,2026-05-18 09:36:34.789841,false,
1779096993824-17,"La Pubblica Amministrazione, secondo quanto prevede la L. 241/1990 e ss.mm.ii., deve concludere il procedimento con un provvedimento espresso?","Sì, quando il procedimento consegue obbligatoriamente ad un'istanza o quando sia iniziato d'ufficio","No, il procedimento amministrativo si conclude sempre con un provvedimento implicito","Sì, solo quando il procedimento sia iniziato d'ufficio","Sì, in caso di particolari esigenze imposte dalla fase istruttoria del procedimento",A,Diritto_Amministrativo,false,,,,2026-05-18 09:36:34.789841,false,
1779096993824-18,"Con riferimento alla quadripartizione delle fasi del procedimento amministrativo, quale fase determina il contenuto dell'atto da adottare e la conseguente formazione ed emanazione dello stesso?",Fase decisoria.,Fase d'iniziativa.,Fase istruttoria.,Fase integrativa dell'efficacia.,A,Diritto_Amministrativo,false,,,,2026-05-18 09:36:34.789841,false,
1779096993824-19,L'art. 3 del Codice dei contratti pubblici (d.lgs. 36/2023) prevede il principio di accesso al mercato. Quali di questi principi non è indicato nel predetto dispositivo?,Legalità.,Concorrenza.,Non discriminazione.,Imparzialità.,A,Diritto_Amministrativo,false,,,,2026-05-18 09:36:34.789841,false,
1779096993824-20,"Secondo l'art. 32 del GDPR, con riferimento ai dati personali, come deve essere il livello di sicurezza del trattamento?",Adeguato al rischio,Minimo,Massimo,Non è specificato,A,Diritto_Amministrativo,false,,,,2026-05-18 09:36:34.789841,false,
1779096993824-21,Sono beni di interesse pubblico...,I beni appartenenti a soggetti pubblici o privati che soddisfano direttamente ed istituzionalmente un interesse pubblico.,"Solo i beni che, appartenendo ad un ente pubblico, sono destinati a soddisfare un interesse pubblico.",I beni che potrebbero soddisfare un interesse pubblico.,Solo i beni che appartengono allo Stato.,A,Diritto_Amministrativo,false,,,,2026-05-18 09:36:34.789841,false,
1779096993824-22,Quale delle seguenti affermazioni sull'interesse legittimo è vera?,Tutti possono agire in giudizio per la tutela di un interesse legittimo,Indica la posizione di svantaggio che ha il cittadino nei confronti della pubblica amministrazione,L'interesse legittimo non è giuridicamente riconosciuto,Nelle controversi in cui è stato leso un interesse legittimo è competente esclusivamente il giudice ordinario,A,Diritto_Amministrativo,false,,,,2026-05-18 09:36:34.789841,false,
1779096993824-23,"Ai sensi del DPR 445/2000 e ss.mm.ii., si definisce documento amministrativo:","ogni rappresentazione, comunque formata, del contenuto di atti, anche interni, delle pubbliche amministrazioni",qualunque rappresentazione informatica di atti giuridicamente rilevanti,qualunque rappresentazione cartacea di atti giuridicamente rilevanti,"ogni rappresentazione, comunque formata, del contenuto di soli atti interni, delle pubbliche amministrazioni",A,Diritto_Amministrativo,false,,,,2026-05-18 09:36:34.789841,false,
1779096993824-24,"In relazione alla discrezionalità, gli atti amministrativi si distinguono in...",Atti discrezionali e atti vincolati.,"Atti di amministrazione attiva, atti di amministrazione consultiva ed atti di amministrazione di controllo.","Atti particolari, atti plurimi, atti collettivi e atti generali.",Atti costitutivi e atti dichiarativi.,A,Diritto_Amministrativo,false,,,,2026-05-18 09:36:34.789841,false,
1779096993824-25,"A norma del DPR 445/2000 e ss.mm.ii., cosa sono le amministrazioni certificanti?","Le amministrazioni e i gestori di pubblici servizi che detengono nei propri archivi le informazioni e i dati contenuti nelle dichiarazioni sostitutive, o richiesti direttamente dalle amministrazioni procedenti.",I gestori di pubblici servizi che ricevono le dichiarazioni sostitutive di cui alle lettere g) e h) del DPR 445/2000.,Le amministrazioni e i gestori di pubblici servizi che provvedono agli accertamenti d'ufficio ai sensi dell'art. 43 del DPR 445/2000.,Le amministrazioni e i gestori di pubblici servizi che ricevono le dichiarazioni sostitutive.,A,Diritto_Amministrativo,false,,,,2026-05-18 09:36:34.789841,false,
1779096993824-26,Quale parte del provvedimento descrive gli elementi di diritto e di fatto pertinenti e rilevanti per lo specifico atto amministrativo da adottare?,Preambolo,Intestazione,Dispositivo,Sottoscrizione,A,Diritto_Amministrativo,false,,,,2026-05-18 09:36:34.789841,false,
1779096993824-27,"Ai sensi del DPR 327/01 e ss.mm.ii., è possibile espropriare un bene appartenente al patrimonio indisponibile del Comune?","Si, per perseguire un interesse pubblico di rilievo superiore a quello soddisfatto con la precedente destinazione","Sì, previo parere conforme di Provincia e Regione","No, in nessun caso",Sì in ogni caso,A,Diritto_Amministrativo,false,,,,2026-05-18 09:36:34.789841,false,
1779096993824-29,"1) Il dipendente deve rispettare i principi di integrità, correttezza, buona fede, proporzionalità, obiettività, trasparenza, equità e ragionevolezza. 2) Il dipendente, deve astenersi da azioni arbitrarie che abbiano effetti negativi sui destinatari dell'azione amministrativa o che comportino discriminazioni basate su sesso, nazionalità, origine etnica, ecc. Indicare quali/quale tra i precedenti sono principi generali di cui all'art. 3, D.P.R. n. 62/2013 (Codice di comportamento dei dipendenti pubblici).",Entrambi sono principi generali di cui all'art. 3.,Entrambi non sono principi generali di cui all'art. 3.,Solo il n. 2) è un principio generale di cui all'art. 3.,Solo il n. 1) è un principio generale di cui all'art. 3.,A,Diritto_Amministrativo,false,,,,2026-05-18 09:36:34.789841,false,
1779096993824-3,I controlli successivi:,Intervengono in relazione ad atti amministrativi già perfetti e che hanno già prodotto effetti.,Intervengono in relazione ad atti amministrativi già perfetti che non hanno già prodotto effetti.,Intervengono in relazione ad atti amministrativi non ancora perfetti e che non hanno prodotto effetti.,Intervengono in relazione ad atti amministrativi non ancora perfetti ma che hanno già prodotto effetti.,A,Diritto_Amministrativo,false,,,,2026-05-18 09:36:34.789841,false,
1779096993824-30,"Le Conferenze costituiscono i luoghi principali della cooperazione tra Stato e Regioni, nonché degli enti locali. La Conferenza Stato-Regioni, la Conferenza Stato-Città e la Conferenza Unificata:",Sono organi misti dei quali fanno parte sia esponenti regionali e/o locali sia esponenti statali.,Sono presiedute di norma dal Presidente della camera dei Deputati.,Solo organi consultivi che a richiesta delle Regioni esprimono parere vincolante sugli Statuti regionali.,Sono organi collegiali composti dai Presidenti delle 20 Regioni a Statuto ordinario.,A,Diritto_Amministrativo,false,,,,2026-05-18 09:36:34.789841,false,
1779096993824-31,"Tra le tipologie di circolari individuate dalla giurisprudenza e di più frequente applicazione pratica, quali sono particolari figure di circolari eccezionalmente idonee a produrre effetti normativi esterni?",Circolari regolamento.,Circolari di cortesia.,Circolari organizzative.,Circolari informative.,A,Diritto_Amministrativo,false,,,,2026-05-18 09:36:34.789841,false,
1779096993824-32,"Ai sensi dell'art. 3 del D.lgs. 150/09 e ss.mm.ii., la misurazione e la valutazione della performance sono volte:",al miglioramento della qualità dei servizi offerti dalle amministrazioni pubbliche,a far emergere casi di mobbing diretto,anche a rilevare il c.d. stress da lavoro correlato nei dipendenti pubblici,a misurare le prestazioni individuali dei dipendenti della P.A. al fine di programmare percorsi formativi,A,Diritto_Amministrativo,false,,,,2026-05-18 09:36:34.789841,false,
1779096993824-33,"Tutti i documenti, le informazioni e i dati oggetto di accesso civico, ivi compresi quelli oggetto di pubblicazione obbligatoria ai sensi della normativa vigente:",tutte le alternative proposte sono esatte,sono pubblici e chiunque ha diritto di conoscerli,sono pubblici e chiunque ha diritto di utilizzarli e riutilizzarli,sono pubblici e chiunque ha diritto di fruirne gratuitamente,A,Diritto_Amministrativo,false,,,,2026-05-18 09:36:34.789841,false,
1779096993824-34,"A norma dell'art. 3 del DPR 1199/1971 e ss.mm.ii., quale delle seguenti affermazioni NON è corretta ?",L'esecuzione dell'atto impugnato può essere sospesa solo d'ufficio,Per la sospensione dell'esecuzione dell'atto impugnato devono ricorrere gravi motivi,L'istanza di sospensione può essere proposta in successiva istanza all'organo indicato nella comunicazione o a quello che ha emanato l'atto impugnato,Su domanda del ricorrente proposta nello stesso ricorso l'organo decidente può sospendere l'esecuzione dell'atto impugnato,A,Diritto_Amministrativo,false,,,,2026-05-18 09:36:34.789841,false,
1779096993824-36,La pubblica amministrazione deve motivare i provvedimenti amministrativi concernenti l'organizzazione amministrativa?,"Sì, la motivazione per tali provvedimenti è espressamente prevista all'art. 3 della l. n.241/1990.","Sì, l'art. 3 della l. n. 241/1990 prevede la generalizzazione dell'obbligo della motivazione per tutti i provvedimenti amministrativi.",La motivazione dei provvedimenti amministrativi non costituisce un obbligo per la pubblica amministrazione.,"No, la motivazione è richiesta solo per i provvedimenti giurisdizionali.",A,Diritto_Amministrativo,false,,,,2026-05-18 09:36:34.789841,false,
1779096993824-37,Quale carattere proprio del provvedimento amministrativo identifica la sua idoneità a divenire definitivo decorso un breve termine di decadenza (di regola 60 giorni) per l'impugnazione?,Inoppugnabilità.,Unilateralità.,Tipicità.,Nominatività.,A,Diritto_Amministrativo,false,,,,2026-05-18 09:36:34.789841,false,
1779096993824-38,"Nel processo di misurazione e valutazione della performance organizzativa e individuale delle amministrazioni pubbliche, il ruolo di titolare delle funzioni di indirizzo è svolto (art. 7 comma 2-bis d.lgs. 150/2009):",dal Dipartimento della funzione pubblica,dal Sistema di misurazione e valutazione.,dall'OIV,dai dirigenti di ciascuna amministrazione,A,Diritto_Amministrativo,false,,,,2026-05-18 09:36:34.789841,false,
1779096993824-39,"Ai sensi dell'art. 14-bis, co. 1, della legge n. 241/1990 la conferenza decisoria si svolge in forma:",Semplificata e modalità asincrona.,Semplificata e modalità sincrona.,Aggravata e modalità sincrona.,Aggravata e modalità asincrona.,A,Diritto_Amministrativo,false,,,,2026-05-18 09:36:34.789841,false,
1779096993824-4,Un provvedimento amministrativo è nullo quando:,è viziato da difetto assoluto di attribuzione,manca la condizione diretta a subordinare l'inizio o la cessazione degli effetti dell'atto,manca il termine a partire dal quale l'atto ha efficacia,è viziato da incompetenza,A,Diritto_Amministrativo,false,,,,2026-05-18 09:36:34.789841,false,
1779096993824-40,"A norma del DPR 445/2000 e ss.mm.ii., quale delle seguenti affermazioni NON è corretta?",Sono equipollenti alla carta di identità le tessere di riconoscimento anche senza fotografie se rilasciate da uffici pubblici.,Sono equipollenti alla carta di identità il passaporto.,Sono equipollenti alla carta di identità la patente di guida.,"Sono equipollenti alla carta di identità le tessere di riconoscimento purché munite di fotografia e di timbro o di altra segnatura equivalente, rilasciate da un'amministrazione dello Stato.",A,Diritto_Amministrativo,false,,,,2026-05-18 09:36:34.789841,false,
1779096993824-41,"A norma del d.lgs. 159/2011, cosa devono acquisire le pubbliche amministrazioni e gli enti pubblici, gli enti e le aziende vigilati dallo Stato o da altro ente pubblico e le società o imprese comunque controllate dallo Stato o da altro ente pubblico prima di stipulare, approvare o autorizzare i contratti e subcontratti relativi a lavori, servizi e forniture pubblici?",La documentazione antimafia.,Il certificato di agibilità.,Dichiarazione sostitutiva dell'atto di notorietà.,Il certificato penale.,A,Diritto_Amministrativo,false,,,,2026-05-18 09:36:34.789841,false,
1779096993824-42,I controlli amministrativi successivi...,Intervengono dopo che l'atto sia divenuto efficace.,"Intervengono su di un atto già formato, ma prima che produca i suoi effetti.",Sono anche denominati «intersoggettivi».,"Sono diretti a valutare l'atto e l'attività dell'organo sotto il profilo della utilità ed opportunità, cioè della convenienza per l'amministrazione.",A,Diritto_Amministrativo,false,,,,2026-05-18 09:36:34.789841,false,
1779096993824-43,"Ai sensi dell'art. 22 della L. 241/90 e ss.mm.ii., l'accesso ai documenti amministrativi costituisce principio generale dell'attività amministrativa al fine di favorire:",la partecipazione e di assicurarne l'imparzialità e la trasparenza,la discrezionalità della P.A. nella gestione dell'iter procedimentale,l'introduzione di limiti e criteri generali idonei a tutelare la P.A.,"l'efficienza dell'attività amministrativa, nel pubblico interesse",A,Diritto_Amministrativo,false,,,,2026-05-18 09:36:34.789841,false,
1779096993824-44,I controlli preventivi susseguenti sugli atti amministrativi intervengono su di un atto amministrativo:,Perfetto ma non efficace.,Non ancora perfezionato.,Perfetto ed efficace.,Che ha già spiegato i suoi effetti.,A,Diritto_Amministrativo,false,,,,2026-05-18 09:36:34.789841,false,
1779096993824-45,"Ai sensi dell'art. 3 della L. 241/1990, la motivazione del provvedimento amministrativo include:","I presupposti di fatto e le ragioni giuridiche che hanno determinato la decisione dell'amministrazione, in relazione alle risultanze dell'istruttoria",Esclusivamente le ragioni giuridiche che hanno determinato la decisione,Le ragioni giuridiche che hanno determinato la decisione dell'amministrazione con esclusione dei presupposti di fatto,"I presupposti di fatto che hanno determinato la decisione e, solo se richiesto dagli interessati al provvedimento amministrativo, le ragioni giuridiche",A,Diritto_Amministrativo,false,,,,2026-05-18 09:36:34.789841,false,
1779096993824-46,"Ai sensi del D.lgs. 196/03 e ss.mm.ii., i dati relativi al traffico riguardanti abbonati ed utenti trattati dal fornitore di una rete pubblica di comunicazioni o di un servizio di comunicazione accessibile al pubblico:",sono cancellati o resi anonimi quando non sono più necessari ai fini della trasmissione della comunicazione elettronica,sono resi anonimi ma non cancellati quando non sono più necessari ai fini della trasmissione della comunicazione elettronica,"non sono né cancellati né resi anonimi, anche quando non sono più necessari ai fini della trasmissione della comunicazione elettronica",sono cancellati o resi anonimi il quinto giorno successivo a quando non sono più necessari ai fini della trasmissione della comunicazione elettronica,A,Diritto_Amministrativo,false,,,,2026-05-18 09:36:34.789841,false,
1779096993824-47,"In attuazione della legge n. 241/1990, nei procedimenti ad iniziativa di parte, esiste un obbligo generale di indicare, nella comunicazione di avvio del procedimento, la data di presentazione dell'istanza?",Si.,"Si, ma solo se l'istanza è presentata da altra P.A.",No.,"Si, ma solo se l'istanza è presentata da un soggetto privato estraneo all'amministrazione.",A,Diritto_Amministrativo,false,,,,2026-05-18 09:36:34.789841,false,
1779096993824-48,"Ai sensi della L. 241/1990 e ss.mm.ii., l'attività amministrativa si basa anche sui principi dell'ordinamento comunitario?","Sì, si basa anche sui principi dell'ordinamento comunitario","Sì, l'imparzialità, l'economicità e i principi dell'ordinamento comunitario sono gli unici criteri su cui si basa l'attività amministrativa","No, si basa esclusivamente sui principi di economicità, pubblicità e trasparenza","No, non si basa sui principi dell'ordinamento comunitario",A,Diritto_Amministrativo,false,,,,2026-05-18 09:36:34.789841,false,
1779096993824-49,"In base all'art. 14-bis del d.lgs. n. 82/2005 (Codice dell'amministrazione digitale), quale Autorità redige il Piano triennale per l'informatica?",L'Agenzia per l'Italia Digitale (AgID).,L'Autorità nazionale anticorruzione (Anac).,Il garante della protezione dei dati personali.,L'Agenzia nazionale per la rappresentanza negoziale nella p.a. (ARAN),A,Diritto_Amministrativo,false,,,,2026-05-18 09:36:34.789841,false,
1779096993824-5,L'apposizione della firma digitale al documento elettronico:,integra e sostituisce l'apposizione di sigilli timbri e contrassegni di qualsiasi genere ad ogni fine previsto dalla normativa vigente,rende il documento valido ad ogni fine previsto dalla normativa vigente ma non efficace in mancanza della forma scritta,integra ma non sostituisce eventuali timbri e contrassegni di qualsiasi genere ad ogni fine previsto dalla normativa vigente,sostituisce solo temporaneamente quella in forma scritta ad ogni fine previsto dalla normativa vigente,A,Diritto_Amministrativo,false,,,,2026-05-18 09:36:34.789841,false,
1779096993824-50,La sostituzione nell'emanazione di atti:,Richiede che il provvedimento da emanare sia un atto vincolato nell'emanazione.,Non richiede che vi sia una previsione di legge.,È un meccanismo mediante il quale un organo gerarchicamente superiore decide di esercitare un potere attribuito alla competenza di un organo inferiore per motivi di interesse pubblico ed indipendentemente dall'inadempimento dell'organo istituzionale competente.,Non richiede che esista un rapporto di gerarchia tra il sostituto (superiore) ed il sostituito (inferiore).,A,Diritto_Amministrativo,false,,,,2026-05-18 09:36:34.789841,false,
1779096993824-51,Secondo quanto prevede la L. 241/1990 e ss.mm.ii. i documenti amministrativi relativi a procedimenti iniziati ad istanza di parte sono sempre sottratti all'accesso?,"No, non è previsto dalla suddetta legge","Sì, la suddetta legge lo prevede all'art. 24","Sì, la suddetta legge lo prevede per salvaguardare la vita privata o la riservatezza di persone fisiche","No, la suddetta legge prevede che i documenti amministrativi relativi a procedimenti iniziati d'ufficio siano sempre sottratti all'accesso",A,Diritto_Amministrativo,false,,,,2026-05-18 09:36:34.789841,false,
1779096993824-52,"Tra gli atti amministrativi non provvedimentali, che rappresentano semplici momenti dei procedimenti preordinati all'emanazione e all'operatività dei provvedimenti, rientrano:",Le proposte ed i pareri.,Le registrazioni e le verbalizzazioni.,Le deliberazioni preliminari e le verbalizzazioni.,Le proposte e le registrazioni.,A,Diritto_Amministrativo,false,,,,2026-05-18 09:36:34.789841,false,
1779096993824-6,Ai sensi dell'art 2 del DPR 1199/71:,Il ricorso deve essere proposto nel termine di trenta giorni dalla data della notificazione o della comunicazione in via amministrativa dell'atto impugnato.,Il ricorso va presentato ad autorità diversa da quella indicata nell'atto.,Il ricorso va presentato solo mediante lettera raccomandata con avviso di ricevimento.,"In caso di notificazione, l'ufficio rilascia ricevuta.",A,Diritto_Amministrativo,false,,,,2026-05-18 09:36:34.789841,false,
1779096993824-7,É nullo l'atto amministrativo che...,Manca di uno degli elementi essenziali richiesti dalla legge.,Presenta un vizio alla cui presenza la legge non commina conseguenze negative per l'atto stesso.,Non può spiegare i suoi effetti per il sopravvenire di un atto ostativo.,É inidoneo a produrre gli effetti giuridici propri perché non si sono ancora verificati i requisiti di efficacia.,A,Diritto_Amministrativo,false,,,,2026-05-18 09:36:34.789841,false,
1779096993824-8,"Secondo il GDPR, rientra tra i dati biometrici:",nessuna delle alternative proposte è esatta,l' indirizzo e-mail criptato,il consenso,l'ID di cookie,A,Diritto_Amministrativo,false,,,,2026-05-18 09:36:34.789841,false,
1779096993824-9,"Secondo quanto previsto dall'art. 6 del D.L. n. 80/2021, convertito in L. n. 113/2021, per assicurare la qualità e la trasparenza dell'attività amministrativa e migliorare la qualità dei servizi ai cittadini e alle imprese e procedere alla costante e progressiva semplificazione e reingegnerizzazione dei processi, le pubbliche amministrazioni con più di cinquanta dipendenti adottano:",Il Piano integrato di attività e organizzazione (PIAO),il piano annuale dei fabbisogni e delle spese.,il documento analitico di programmazione.,il rendiconto del budget complessivo.,A,Diritto_Amministrativo,false,,,,2026-05-18 09:36:34.789841,false,
1779096993825-53,"Ai sensi dell'art. 14 ter comma 3, della l. 241/1990, ciascun ente o amministrazione convocato alla riunione della conferenza di servizi simultanea è rappresentato da:",Un unico soggetto abilitato ad esprimere definitivamente e in modo univoco e vincolante la posizione dell'amministrazione stessa su tutte le decisioni di competenza della conferenza.,Un unico soggetto che in caso di assenso è abilitato ad esprimere definitivamente e in modo univoco e vincolante la posizione dell'amministrazione stessa su tutte le decisioni di competenza della conferenza.,Almeno due soggetti abilitati ad esprimere definitivamente e in modo univoco e vincolante la posizione dell'amministrazione stessa su tutte le decisioni di competenza della conferenza.,Un unico soggetto che in caso di dissenso non è obbligato ad esprimere definitivamente e in modo univoco e vincolante la posizione dell'amministrazione stessa su tutte le decisioni di competenza della conferenza.,A,Diritto_Amministrativo,false,,,,2026-05-18 09:36:34.789841,false,
1779096993825-54,Come può essere definita la discrezionalità amministrativa?,Lo spazio di scelta che residua allorché la normativa non predetermini in modo completo tutti i comportamenti dell'amministrazione.,"L'esame di fatti o di situazioni rilevanti per l'esercizio del potere pubblico che necessitano del ricorso a cognizioni tecniche o scientifiche di carattere specialistico, caratterizzate da margini di opinabilità.",Lo spazio di scelta che residua allorché la normativa di azione predetermini in modo completo tutti i comportamenti dell'amministrazione.,"L'esame di fatti o di situazioni su regole tratte da scienze esatte che consentono di approdare ad un risultato certo, ripetibile e verificabile.",A,Diritto_Amministrativo,false,,,,2026-05-18 09:36:34.789841,false,
1779096993825-55,"Il co. 6-bis, art. 19, l. n. 241/1990 dispone che nei casi di scia in materia edilizia, il termine di sessanta giorni di cui al primo periodo del co. 3 è ridotto:",A trenta giorni.,A quaranta giorni.,A venti giorni.,A quindici giorni.,A,Diritto_Amministrativo,false,,,,2026-05-18 09:36:34.789841,false,
1779096993825-56,"In applicazione di quale principio, previsto all'art. 5, GDPR, i dati personali devono essere conservati in una forma che consenta l'identificazione degli interessati per un arco di tempo non superiore al conseguimento delle finalità per le quali sono trattati?",Limitazione della conservazione.,Minimizzazione dei dati.,Esattezza.,Limitazione della finalità.,A,Diritto_Amministrativo,false,,,,2026-05-18 09:36:34.789841,false,
1779096993825-57,"Ai sensi dell'art. 7 del D.lgs. 39/13 e ss.mm.ii., un incarico amministrativo di vertice della regione:","non può essere conferito a chi sia stato componente, nei due anni precedenti, della giunta di un comune con popolazione superiore ai 15.000 abitanti della medesima regione",può essere conferito a chi sia stato componente del consiglio di un comune con popolazione superiore a 15.000 abitanti della medesima nei due anni precedenti,può essere conferito a chi sia stato componente della giunta della regione nei due anni precedenti,non può essere conferito a chi sia stato amministratore delegato di un ente di diritto privato in controllo pubblico da parte di altra regione,A,Diritto_Amministrativo,false,,,,2026-05-18 09:36:34.789841,false,
1779096993825-58,"Ai fini del d.lgs. n. 175/2016 (Testo unico in materia di società a partecipazione pubblica), è fatta salva la possibilità per le amministrazioni pubbliche di acquisire o mantenere partecipazioni in società bancarie di finanza etica e sostenibile?","Sì, se non superiori all'1 per cento del capitale sociale e senza ulteriori oneri finanziari rispetto a quelli derivanti dalla partecipazione medesima","No, in nessun caso","Sì in ogni caso, senza condizioni","Sì, comunque non superiori all'8 per cento del capitale sociale",A,Diritto_Amministrativo,false,,,,2026-05-18 09:36:34.789841,false,
1779096993825-59,I controlli amministrativi sono diretti ad esaminare l'operato di organi amministrativi con funzione di amministrazione attiva. Indicare quale tra le seguenti affermazioni sui controlli amministrativi è corretta.,"I controlli amministrativi ordinari sono previsti dalla legge come necessari ed abituali, in ordine a particolari atti od attività.","I controlli sugli atti sono diretti a riesaminare e valutare l'operato, i comportamenti, la funzionalità di un organo o di un ente.",I controlli amministrativi ordinari sono quelli in cui l'autorità controllante e controllata appartengono ad enti diversi.,L'approvazione è una funzione che si esercita con il solo controllo di merito.,A,Diritto_Amministrativo,false,,,,2026-05-18 09:36:34.789841,false,
1779096993825-60,Indicare quale tra le seguenti affermazioni sui pareri (atti a carattere ausiliario consistenti in manifestazioni di giudizio) è corretta.,I pareri sono obbligatori vincolanti se l'organo di amministrazione attiva è obbligato a richiederli e ad uniformarsi ad essi.,"I pareri, a differenza delle motivazioni (L. 241/1990), richiedono sempre la forma scritta.",I pareri sono obbligatori non vincolanti se l'organo di amministrazione attiva è obbligato a richiederli e ad uniformarsi ad essi.,I pareri sono obbligatori conformi se la legge impone all'organo di amministrazione attiva solo di richiederli.,A,Diritto_Amministrativo,false,,,,2026-05-18 09:36:34.789841,false,
1779096993825-61,"Il D.lgs. 150/09 e ss.mm.ii., stabilisce che la misurazione e la valutazione della performance devono essere effettuate in un quadro di:",pari opportunità di diritti e doveri,serena collaborazione,leale competizione,Better Regulation,A,Diritto_Amministrativo,false,,,,2026-05-18 09:36:34.789841,false,
1779096993825-62,A norma dell'art. 30 del Codice del processo amministrativo può essere chiesta la condanna al risarcimento del danno ingiusto derivante dal mancato esercizio dell'attività amministrativa obbligatoria?,Sì.,"Sì, può essere richiesta la condanna solo per il mancato esercizio dell'attività amministrativa obbligatoria.","No, può essere richiesta la condanna solo per l'illegittimo esercizio dell'attività amministrativa.","No, non può essere chiesta la condanna al risarcimento né per l'illegittimo esercizio dell'attività amministrativa né per il mancato esercizio di quella obbligatoria.",A,Diritto_Amministrativo,false,,,,2026-05-18 09:36:34.789841,false,
1779096993825-63,Con il varo del T.U. n. 165/2001 (c.d. TUPI) è stato possibile distinguere nettamente i poteri degli organi di governo da quelli dei dirigenti. Ai dirigenti spetta in particolare:,L'organizzazione delle risorse strumentali.,Le decisioni in materia di atti normativi e l'adozione dei relativi atti di indirizzo interpretativo ed applicativo.,"La definizione di obiettivi, priorità, piani, programmi e direttive generali per l'azione amministrativa e per la gestione.",La richiesta di pareri alle autorità amministrative indipendenti ed al Consiglio di Stato.,A,Diritto_Amministrativo,false,,,,2026-05-18 09:36:34.789841,false,
1779096993825-64,"Con riferimento del processo di misurazione e valutazione della performance organizzativa ed individuale, a quale categoria di soggetti il comma 4, art. 14, D.Lgs. 150/2009 attribuisce il compito di verificare i risultati e le buone pratiche di promozione delle pari opportunità?",OIV.,ANAC.,Dipartimento della Ragioneria Generale dello Stato.,Dipartimento della Funzione Pubblica.,A,Diritto_Amministrativo,false,,,,2026-05-18 09:36:34.789841,false,
1779098767195-1,Il GDPR prevede varie prescrizioni in merito al consenso in particolare l'art. 7 prevede che:,Il titolare del trattamento dovrebbe utilizzare lo stesso modulo delle condizioni generali del contratto avendo la possibilità di mescolare il consenso con le altre condizioni generali.,Il titolare del trattamento dovrebbe assicurarsi che il messaggio sia comprensibile da una persona di medio-alta cultura.,Il consenso per essere valido richiede una manifestazione inequivocabile mediante una dichiarazione o azione positiva inequivocabile.,,C,Diritto_Amministrativo,false,,,,2026-05-18 10:06:08.089428,false,
1779098767195-2,Ogni trattamento di dati personali deve avvenire nel rispetto dei principi fissati all'art. 5 del Regolamento (UE) 2016/679. In applicazione del principio di esattezza i dati personali sono:,Adeguati pertinenti e limitati a quanto necessario rispetto alle finalità per le quali sono trattati.,Raccolti per finalità determinate esplicite e legittime e successivamente trattati in modo che non siano incompatibile con tali finalità.,Esatti e se necessario aggiornati; devono essere adottate tutte le misure ragionevoli per cancellare o rettificare tempestivamente i dati inesatti rispetto alle finalità per le quali sono trattati.,,C,Diritto_Amministrativo,false,,,,2026-05-18 10:06:08.089428,false,
1779098767195-3,A norma del disposto di cui al co. 8 art. 41 d.lgs. n. 36/2023 il progetto esecutivo:,Sviluppa un livello di definizione degli elementi tale da individuarne compiutamente la funzione i requisiti la qualità e il prezzo di elenco.,Contiene il piano preliminare di manutenzione dell'opera e delle sue parti.,Consente ove necessario l'avvio della procedura espropriativa.,,B,Diritto_Amministrativo,false,,,,2026-05-18 10:06:08.089428,false,
1779098767195-4,A norma del disposto di cui al co. 8 art. 33 d.lgs. n. 36/2023 sono considerate irregolari le offerte:,Presentate da offerenti che non possiedono la qualificazione necessaria.,Che non hanno alcuna pertinenza con l'appalto e quindi manifestamente incongruenti.,Che sono state ricevute in ritardo.,,B,Diritto_Amministrativo,false,,,,2026-05-18 10:06:08.089428,false,
1779098767195-5,A norma del disposto di cui al co. 1 art. 50 d.lgs. n. 36/2023 per l'affidamento di lavori di importo pari o superiore a 150.000 euro e inferiore a 1 milione di euro:,È prevista la procedura negoziata con bando previa consultazione di almeno sette operatori economici ove esistenti.,Si può procedere a affidamento diretto previa consultazione di almeno cinque operatori economici ove esistenti.,È prevista la procedura negoziata senza bando previa consultazione di almeno cinque operatori economici ove esistenti.,,C,Diritto_Amministrativo,false,,,,2026-05-18 10:06:08.089428,false,
1779098767195-6,A norma del disposto di cui al co. 2 art. 18 d.lgs. n. 36/2023 divenuta efficace l'aggiudicazione e fatto salvo l'esercizio dei poteri di autotutela la stipulazione del contratto ha luogo di norma:,Entro i successivi sessanta giorni anche in pendenza di contenzioso.,Entro i successivi centoventi giorni.,Entro i successivi novanta giorni salvo diverso termine previsto nel bando o nell'invito ad offrire.,,A,Diritto_Amministrativo,false,,,,2026-05-18 10:06:08.089428,false,
1779098767196-10,Qual è il file system predefinito su Windows?,APFS.,NTFS.,EXT4.,,B,Uso_delle_tecnologie,false,,,,2026-05-18 10:06:08.089428,false,
1779098767196-11,Complete the sentence by using one of the options given: My classmates always make fun of me because I'm too short I wish I _________ taller.,been,was,am,,B,Inglese,false,,,,2026-05-18 10:06:08.089428,false,
1779098767196-13,Gli esami sono iniziati alle 9,05 sono stati sospesi alle 13,00 sono ripresi alle 15,23 e si sono conclusi con 25 minuti di anticipo sul previsto orario delle 17,00. Quanto sono durati gli esami?,6 ORE E 07 MINUTI.,Logica,false,,,,2026-05-18 10:06:08.089428,false,
1779098767196-14,Quale dei seguenti termini può sostituire la parola altercare senza modificare il significato della frase ove essa è inserita?,Questionare.,Eccepire.,Irritare.,,A,Logica,false,,,,2026-05-18 10:06:08.089428,false,
1779098767196-15,Se MACHO vale AH e CADRAI vale ARI allora PASTORIZZAZIONE vale....,ATRZAIN.,ATRZZIN.,ATRZAIR.,,A,Logica,false,,,,2026-05-18 10:06:08.089428,false,
1779098767196-16,Quale dei termini proposti integra la serie: lega - micron - nanometro - ..?..,Grado.,Gallone.,Metro.,,C,Logica,false,,,,2026-05-18 10:06:08.089428,false,
1779098767196-17,Quale termine integra la serie che segue: BARDOLINO - NEBBIOLO - PINOT - ..?..,ALBANA.,TOCCO.,BURLACCO.,,A,Logica,false,,,,2026-05-18 10:06:08.089428,false,
1779098767196-20,Se andare a male sta a infracidire allora arrecare grave disonore sta a:,Affastellare.,Vituperare.,Crepitare.,,B,Logica,false,,,,2026-05-18 10:06:08.089428,false,
1779098767196-21,Individuare il termine che completa logicamente la proporzione fabule sta a facile come mirato sta a ......,Menare.,Minuto.,Micosi.,,B,Logica,false,,,,2026-05-18 10:06:08.089428,false,
1779098767196-22,Inserire il vocabolo che permetta di completare la prima parola e formare l'inizio della seconda in modo che entrambe abbiano senso compiuto e siano di uso corrente: GAR (?) RIORE.,ESTE.,ANTE.,BARE.,,B,Logica,false,,,,2026-05-18 10:06:08.089428,false,
1779098767196-23,Tre stranieri (A B C) di nazionalità cinese russa e indiana non necessariamente in quest'ordine sono in fila per ritirare i documenti per richiedere il permesso di soggiorno. L'indiano B è subito dietro a C; il cinese primo non si chiama A. Chi ritirerà per ultimo i documenti e di quale nazionalità è?,A di nazionalità russa.,B di nazionalità russa.,A di nazionalità cinese.,,A,Logica,false,,,,2026-05-18 10:06:08.089428,false,
1779098767196-8,Il Codice dei contratti consente ai concorrenti di presentare più di un'offerta?,Si fino a quando non scada il termine di presentazione delle offerte il concorrente può inviare alla stazione appaltante più offerte inserendo nel plico dell'offerta valida gli estremi delle altre offerte inviate da considerare come non presentate.,No il co. 4 dell'art. 17 del d.lgs. n. 36/2023 lo vieta espressamente. L'offerta unica è vincolante per il periodo indicato nel bando o nell'invito in mancanza di indicazione per 120 giorni dalla scadenza del termine per la sua presentazione salvo che la stazione appaltante richieda agli offerenti il differimento di detto termine.,No il co. 4 dell'art. 17 del d.lgs. n. 36/2023 lo vieta espressamente. L'offerta unica è vincolante per il periodo indicato nel bando o nell'invito in mancanza di indicazione per 180 giorni dalla scadenza del termine per la sua presentazione salvo che la stazione appaltante richieda agli offerenti il differimento di detto termine.,,B,Diritto_Amministrativo,false,,,,2026-05-18 10:06:08.089428,false,
1779098767196-9,Qual è la combinazione per annullare un'azione su Windows?,Ctrl+Z.,Ctrl+Y.,Ctrl+X.,,A,Uso_delle_tecnologie,false,,,,2026-05-18 10:06:08.089428,false,
1779098774477-1,Devi negoziare un nuovo accordo di collaborazione con un partner istituzionale. Come procederesti per garantire che gli interessi della tua organizzazione siano protetti?,Proporrei un accordo basato sulle necessità principali della mia organizzazione facendo concessioni sui punti meno cruciali.,Analizzerei gli interessi di entrambe le parti e preparerei una strategia di negoziazione che includa clausole di protezione per la mia organizzazione.,Accetterei le condizioni proposte dal partner in virtù della possibilità di instaurare una collaborazione duratura.,,,Situazionali,true,B,A,C,2026-05-18 10:06:14.6777,false,
1779098774477-2,Un progetto prevede la creazione di un team interfunzionale con persone che non hanno mai lavorato insieme. Come promuovi il cambiamento culturale necessario per la collaborazione?,Presento il nuovo team in occasione dell'inizio del progetto e incoraggio i membri a collaborare lasciando che si conoscano e inizino a lavorare insieme durante le attività senza particolari interventi organizzati.,Invito i membri del nuovo team a conoscersi attraverso riunioni introduttive e suggerisco che lavorino insieme su piccoli compiti per migliorare la loro interazione.,Organizzo un'attività di team building per favorire la conoscenza reciproca e creo uno spazio di comunicazione aperta per discutere obiettivi e aspettative comuni. Stabilisco anche linee guida per favorire la collaborazione.,,,Situazionali,true,C,B,A,2026-05-18 10:06:14.6777,false,
1779098774477-3,Dopo un errore importante noti di sentirti demotivato. Come affronti la situazione?,Provo a non pensare all'errore e a andare avanti sperando che la motivazione torni con il tempo.,Analizzo l'errore per capire come posso evitarlo in futuro cercando di trasformarlo in un'opportunità di apprendimento.,Cerco di mettere l'errore alle spalle concentrandomi su altre attività per riacquistare fiducia e motivazione.,,,Situazionali,true,B,C,A,2026-05-18 10:06:14.6777,false,
1779098774477-4,Hai il compito di garantire che i servizi pubblici siano accessibili a tutti i cittadini. Come procederesti per monitorare e migliorare l'accessibilità?,Condurrei un'indagine completa per valutare i bisogni e implementerei soluzioni specifiche per migliorare l'accessibilità monitorandone l'efficacia tramite feedback continui.,Analizzerei i dati attuali sull'accessibilità e proporrei alcuni miglioramenti per i gruppi più vulnerabili mantenendo un monitoraggio costante.,Farei modifiche per rendere il servizio più accessibile senza fare un'analisi specifica dei bisogni dei cittadini ma basandomi sui loro feedback.,,,Situazionali,true,A,B,C,2026-05-18 10:06:14.6777,false,
1779098774478-10,Durante un periodo di bassa produttività ti accorgi di non riuscire a mantenere alta la motivazione. Come affronti la situazione?,Faccio il mio lavoro aspettando che il carico si intensifichi colgo l'occasione per riposarmi.,Cerco di recuperare le attività che nei momenti più intensi sono costretto a trascurare.,Cerco nuovi obiettivi e stimoli come nuovi progetti o attività di formazione per ritrovare l'interesse e la motivazione.,,,Situazionali,true,C,B,A,2026-05-18 10:06:14.6777,false,
1779098774478-5,Durante la fase di implementazione di un progetto scopri che le risorse sono inadeguate rispetto alle esigenze. Come risolvi la situazione?,Rivaluto le priorità del progetto e riassegno le risorse disponibili. Propongo modifiche al piano originale e cerco ulteriori finanziamenti o risorse da altri dipartimenti.,Proseguo con il progetto secondo i piani fiducioso che le risorse disponibili saranno sufficienti per completare le attività principali valutando che non sia utile investire tempo nella modifica del piano.,Informo i superiori della situazione e suggerisco di ridimensionare il progetto per adattarlo alle risorse disponibili concentrandoci sulle attività essenziali.,,,Situazionali,true,A,C,B,2026-05-18 10:06:14.6777,false,
1779098774478-6,Ti viene chiesto di delineare un piano per migliorare la resilienza dei servizi pubblici in caso di crisi. Come immagini gli scenari futuri di rischio?,Identifico i possibili rischi e pianifico soluzioni specifiche per ogni scenario. Prevedo la creazione di un team di emergenza la formazione dei dipendenti e l'introduzione di soluzioni tecnologiche per garantire continuità dei servizi.,Penso a un piano di emergenza che copra le principali eventualità. Seguo una linea generale prevedendo che la struttura attuale possa essere sufficiente per far fronte a possibili crisi con interventi mirati in caso di necessità.,Suggerisco di valutare le aree più vulnerabili e di elaborare un piano di emergenza per le situazioni più probabili coinvolgendo i dipendenti chiave nella pianificazione.,,,Situazionali,true,A,C,B,2026-05-18 10:06:14.6777,false,
1779098774478-7,Durante un audit scopri che i processi interni stanno rallentando la qualità del servizio. Come interverresti per migliorare l'efficienza e la qualità?,Farei piccole modifiche ai processi inoltre convoco i referenti di ciascun processo per chiedere conto dei rallentamenti.,Apporterei modifiche ai processi più critici cercando di migliorarne l'efficienza senza cambiare drasticamente il flusso di lavoro.,Avvierei una revisione completa dei processi interni eliminando i colli di bottiglia e semplificando le procedure. Introdurrei anche strumenti di automazione per velocizzare il lavoro e monitorerei costantemente i miglioramenti.,,,Situazionali,true,C,B,A,2026-05-18 10:06:14.6777,false,
1779098774478-8,Un membro del team presenta una proposta che non è stata ben accolta dagli altri. Come gestisci la situazione per non scoraggiarlo?,Organizzo una discussione costruttiva per analizzare la proposta evidenziando i suoi aspetti positivi e suggerendo eventuali miglioramenti in modo da incoraggiare il membro del team a non desistere dal proporre idee.,Ringrazio il membro per la proposta e spiego le ragioni per cui non è stata accolta invitandolo a proporre altre idee in futuro.,Esorto il proponente a presentare davanti al team la sua proposta in modo più convincente e più facile da accettare.,,,Situazionali,true,A,B,C,2026-05-18 10:06:14.6777,false,
1779098774478-9,Un dipendente fatica a rispettare le scadenze e sembra avere problemi nella gestione del tempo. Come lo supporti?,Suggerisco al dipendente di utilizzare strumenti di gestione del tempo e verifico con lui settimanalmente come procede ma senza un intervento intensivo.,Faccio presente al dipendente che deve migliorare la sua gestione del tempo e gli consiglio di fare più attenzione alle scadenze future. Non credo di dovergli fornire personalmente supporto pratico.,Organizzo una sessione per capire le sue difficoltà e fornisco strumenti di gestione del tempo come checklist e pianificatori. Imposto anche micro-scadenze per monitorare i suoi progressi.,,,Situazionali,true,C,A,B,2026-05-18 10:06:14.6777,false,
1779099371085-1,Choose the best word to complete this sentence: The composer Christian Fischer has just ____ at the age of 87.,dead,died,death,,B,Inglese,false,,,,2026-05-18 10:16:12.149244,false,
1779099371085-10,Choose the best word or phrase to complete this sentence: Last month a government spokesman told journalists that getting ____ to the protestors could be dangerous.,close too much,too close,too closely,,B,Inglese,false,,,,2026-05-18 10:16:12.149244,false,
1779099371085-11,"I'm English. My friend is English, ____ .",also,too,also he is,,B,Inglese,false,,,,2026-05-18 10:16:12.149244,false,
1779099371085-12,"Choose the best answer for this question: Can I speak to the director, please?","Certainly, sir. Please, moment","Certainly, sir, if I can","Certainly, sir. Just a moment",,C,Inglese,false,,,,2026-05-18 10:16:12.149244,false,
1779099371085-13,Choose the best word or phrase to complete this sentence: James and Sarah ____ for 20 years but they got divorced last year.,were married,have married,got married,,A,Inglese,false,,,,2026-05-18 10:16:12.149244,false,
1779099371085-14,This is the old lady I was talking ___ yesterday evening.,at,from,to,,C,Inglese,false,,,,2026-05-18 10:16:12.149244,false,
1779099371085-15,A sign in the airport says 'we are reconfiguring this area to make the security service we provide more effective for you'. What exactly is happening?,The area is being redesigned,The area is being cleaned,The area is being demolished,,A,Inglese,false,,,,2026-05-18 10:16:12.149244,false,
1779099371085-16,It is ____ to stay.,better,more good,most good,,A,Inglese,false,,,,2026-05-18 10:16:12.149244,false,
1779099371085-17,Which of the following CANNOT be used to complete this sentence? James isn't at work today so I think he ____ be ill.,must,might,can,,C,Inglese,false,,,,2026-05-18 10:16:12.149244,false,
1779099371085-18,Choose the best word or phrase to complete this sentence: Francis Ford Coppola is a film director from ____ .,the America,America,American,,B,Inglese,false,,,,2026-05-18 10:16:12.149244,false,
1779099371085-19,"Choose the best verb form to complete this sentence: If I hadn't spent so much money on my car earlier this year, I ____ afford a nice holiday in the sun, somewhere exotic.",will have been able to,would be able to,wouldn't have been able to,,B,Inglese,false,,,,2026-05-18 10:16:12.149244,false,
1779099371085-2,Choose the best word or phrase to complete this sentence: Don't buy that jacket - it's ____ for you.,too big size,too much big,too big,,C,Inglese,false,,,,2026-05-18 10:16:12.149244,false,
1779099371085-20,"Choose the correct phrase to complete the following: You ____ in an election, but I think you should. If you have the right to vote, you should take advantage of it. After all, you're lucky. I can't vote because I'm a foreigner.",have not vote,need to vote,don't have to vote,,C,Inglese,false,,,,2026-05-18 10:16:12.149244,false,
1779099371085-21,"Choose the best verb form to complete this sentence: You ____ send the original documents, a photocopy will do.",don't have to,couldn't,mustn't,,A,Inglese,false,,,,2026-05-18 10:16:12.149244,false,
1779099371085-22,"What is the most appropriate synonym for practically in the sentence: A dispute over which tyres were allowed meant that only six cars took part in the US Grand Prix, practically handing over a much-needed victory to the former world champion.",effectively,finally,generally,,A,Inglese,false,,,,2026-05-18 10:16:12.149244,false,
1779099371085-23,"Choose the best word to complete this sentence: Now I've heard a lot about your background and experience, which certainly makes you a suitable candidate for this job, but can you tell me a little about any particular ____, like computing or technical drawing, that may be relevant to this post.",habits,skills,education,,B,Inglese,false,,,,2026-05-18 10:16:12.149244,false,
1779099371085-24,I _____ wrong.,need be,must be,should to,,B,Inglese,false,,,,2026-05-18 10:16:12.149244,false,
1779099371085-25,"Which phrase is NOT an appropriate way to complete this sentence? I'm trying to buy a house at the moment, so I ____ money on frivolities!",ought not to waste all my,must save up some,mustn't spend any,,B,Inglese,false,,,,2026-05-18 10:16:12.149244,false,
1779099371085-26,Choose the best word to complete this sentence: You can invest your money in stocks and ____.,bears,shares,divides,,B,Inglese,false,,,,2026-05-18 10:16:12.149244,false,
1779099371085-27,Choose the best phrase to complete this sentence: Chinese immigrants have lived in this district ____.,a long time ago,since a long time,for many years,,C,Inglese,false,,,,2026-05-18 10:16:12.149244,false,
1779099371085-28,The old lady ______ sitting on a stool on the left side of the chimney.,have been,were,was,,C,Inglese,false,,,,2026-05-18 10:16:12.149244,false,
1779099371085-29,"Choose the best word or phrase to complete this sentence: At the time of my visit last April, Kembruck Inc. ____ a successful £340 million advertising campaign.",has finished,was just finishing,had been finished,,B,Inglese,false,,,,2026-05-18 10:16:12.149244,false,
1779099371085-3,This is the person about ____ we were talking.,whom,what,whose,,A,Inglese,false,,,,2026-05-18 10:16:12.149244,false,
1779099371085-30,My father has gone _____ London by car.,to,in,from,,A,Inglese,false,,,,2026-05-18 10:16:12.149244,false,
1779099371085-31,Choose the best phrase to complete this sentence: Everyone ____ pay taxes.,have to,has to,don't have,,B,Inglese,false,,,,2026-05-18 10:16:12.149244,false,
1779099371085-32,Choose the best phrase to complete this question: ____ to drive if you have had more than two alcoholic drinks?,Can you,Are you allowed,Must you,,B,Inglese,false,,,,2026-05-18 10:16:12.149244,false,
1779099371085-33,Europe is crossed _____ many rivers.,through,from,by,,C,Inglese,false,,,,2026-05-18 10:16:12.149244,false,
1779099371085-34,Choose the best word to complete this question: ____ you like to come to France with me next year?,Will,Do,Would,,C,Inglese,false,,,,2026-05-18 10:16:12.149244,false,
1779099371085-35,She ____ very much ____ her father.,looks / like,look / to,looks / likley,,A,Inglese,false,,,,2026-05-18 10:16:12.149244,false,
1779099371085-36,Which is the best answer for this question: What's your sister like?,She's very friendly.,She likes reading.,She looks like me.,,A,Inglese,false,,,,2026-05-18 10:16:12.149244,false,
1779099371085-37,There is _____ TV programme.,new,a new,news,,B,Inglese,false,,,,2026-05-18 10:16:12.149244,false,
1779099371085-38,There are ____ wonderful books.,some,something,someone,,A,Inglese,false,,,,2026-05-18 10:16:12.149244,false,
1779099371085-39,____ is the girl ____ I have told you about.,Here / where,Here / when,Here / whom,,C,Inglese,false,,,,2026-05-18 10:16:12.149244,false,
1779099371085-4,Choose the correct answer for this question: What do you do?,I'm an engineer,I'm working,I like playing football,,A,Inglese,false,,,,2026-05-18 10:16:12.149244,false,
1779099371085-40,"Choose the best word to complete this sentence: ____ I like Caroline personally, I don't think she is the person best qualified for the job.",Despite,Although,However,,B,Inglese,false,,,,2026-05-18 10:16:12.149244,false,
1779099371085-41,Choose the best phrase to complete this sentence: A new deal ____ to the unions by the government.,has been received,has been offered,has got,,B,Inglese,false,,,,2026-05-18 10:16:12.149244,false,
1779099371085-42,"Choose the best phrase to complete this sentence: It ____ worrying about meeting the deadline, because they are quite prepared to give us an extra month to get the job finished.",doesn't need,doesn't deserve,isn't worth,,C,Inglese,false,,,,2026-05-18 10:16:12.149244,false,
1779099371085-43,Which of the following is generally NOT a school subject?,maths,story,foreign language,,B,Inglese,false,,,,2026-05-18 10:16:12.149244,false,
1779099371085-5,Choose the best verb form to complete the following sentence: I'm so tired because I _______ since 4 am this morning.,have been working,worked,work,,A,Inglese,false,,,,2026-05-18 10:16:12.149244,false,
1779099371085-6,Choose the best word or phrase to complete this sentence: I do ____ work at home.,a lot,lot,a lot of,,C,Inglese,false,,,,2026-05-18 10:16:12.149244,false,
1779099371085-7,Choose the best phrase to complete this question: What ___ tomorrow?,you will do,do you do,are you doing,,C,Inglese,false,,,,2026-05-18 10:16:12.149244,false,
1779099371085-8,What is the best translation of pretend in this passage? It's stupid to pretend to have finished the report if you are still working on it. What will you do if the boss asks to see it?,pretendere,fingere,mentire,,B,Inglese,false,,,,2026-05-18 10:16:12.149244,false,
1779099371085-9,Choose the best verb form to complete this sentence: Would you like a coffee before ____ back to work?,you go,to go,you will go,,B,Inglese,false,,,,2026-05-18 10:16:12.149244,false,
1779099371086-44,______ Japanese food before?,Have you tried,Are you trying,Do you try,,A,Inglese,false,,,,2026-05-18 10:16:12.149244,false,
1779099371086-45,Which of the following is NOT a place in a house?,chicken,hall,bathroom,,A,Inglese,false,,,,2026-05-18 10:16:12.149244,false,
1779099371086-46,Choose the best answer for this question: When do you play squash?,Wednesday the afternoon,On the afternoons of Wednesday,On Wednesday afternoons,,C,Inglese,false,,,,2026-05-18 10:16:12.149244,false,
1779099371086-47,What is the best answer to the question: Will computers take over the world?,They had,They might,They would,,B,Inglese,false,,,,2026-05-18 10:16:12.149244,false,
1779099371086-48,Which of the following is NOT something you can wear?,a wardrobe,slippers,a bathrobe,,A,Inglese,false,,,,2026-05-18 10:16:12.149244,false,
1779099371086-49,_______________ her yet?,Did you asked,Did you ask,Have you asked,,C,Inglese,false,,,,2026-05-18 10:16:12.149244,false,
1779099371086-50,I don't need anything ______ .,other,whichever,else,,C,Inglese,false,,,,2026-05-18 10:16:12.149244,false,
1779099371086-51,Choose the best verb form to complete this sentence: The party was brilliant after you left. You _______,should stay,should have stayed,should be staying,,B,Inglese,false,,,,2026-05-18 10:16:12.149244,false,
1779099371086-52,Choose the best word to complete the following: I don't have my cell phone. Could I use ____ please?,yours,their,mine,,A,Inglese,false,,,,2026-05-18 10:16:12.149244,false,
1779099371086-53,The human resources manager is responsible for…,bringing and buying,hiring and firing,research and development,,B,Inglese,false,,,,2026-05-18 10:16:12.149244,false,
1779099371086-54,Choose the best phrase to complete this sentence: The receptionist ____ to spell my name.,didn't knew,didn't know how,didn't know,,B,Inglese,false,,,,2026-05-18 10:16:12.149244,false,
1779099371086-55,Choose the best phrase to complete this sentence: He went to university ____ political science.,for study,to study,for to study,,B,Inglese,false,,,,2026-05-18 10:16:12.149244,false,
1779099371086-56,Choose the best verb form to complete this sentence: Are these men really _____ for a single group?,working,works,work,,A,Inglese,false,,,,2026-05-18 10:16:12.149244,false,
1779099371086-57,"You look nice, Anne _________ a new dress?",Are you wearing,Do you wear,It's,,A,Inglese,false,,,,2026-05-18 10:16:12.149244,false,
1779099371086-58,The station is on the ______ side of the road.,over,another,other,,C,Inglese,false,,,,2026-05-18 10:16:12.149244,false,
1779099371086-59,Which of the following adjectives is NOT used to describe music?,fluffy,classical,loud,,A,Inglese,false,,,,2026-05-18 10:16:12.149244,false,
1779099371086-60,Choose the best word to complete this sentence: We have to wait until they have ____ the contract before we can start the new project.,marked,underwrote,signed,,C,Inglese,false,,,,2026-05-18 10:16:12.149244,false,
1779099371086-61,Which word CANNOT be used as a synonym for prevents in the following newspaper headline? The European Union prevents plan to sell arms to African states.,helps,blocks,stops,,A,Inglese,false,,,,2026-05-18 10:16:12.149244,false,
1779099371086-62,"Choose the best word to complete this sentence: She only gave us one week's notice, ____ I thought was very inconsiderate.",but,which,what,,B,Inglese,false,,,,2026-05-18 10:16:12.149244,false,
1779099371086-63,We have parked our car _____ the house.,below,in front of,front of,,B,Inglese,false,,,,2026-05-18 10:16:12.149244,false,
1779099371086-64,Choose the best phrase to complete this sentence: The office ____ open on Saturdays.,is not,it isn't,don't,,A,Inglese,false,,,,2026-05-18 10:16:12.149244,false,
1779099371086-65,Diplomacy is a science ______ rules international relationships.,which,whose,what,,A,Inglese,false,,,,2026-05-18 10:16:12.149244,false,
1779099371086-66,Choose the best word to complete this sentence: I'm sorry but I'm afraid I can't give out ____.,informations,those informations,that information,,C,Inglese,false,,,,2026-05-18 10:16:12.149244,false,
1779099371086-67,The author ______ we talk about is American.,which,what,that,,C,Inglese,false,,,,2026-05-18 10:16:12.149244,false,
1779099371086-68,Choose the best word to complete this question: ___ do Melissa and Alice have in common?,What,Which element,Which,,A,Inglese,false,,,,2026-05-18 10:16:12.149244,false,
1779099371086-69,Choose the best word to complete this sentence: Translation can be a lucrative full- or part-time ____ .,job,work,employment,,A,Inglese,false,,,,2026-05-18 10:16:12.149244,false,
1779099371086-70,"Choose the best word to complete this sentence. Mary has three ___, Emily, Anthony and Peter.",childs,child,children,,C,Inglese,false,,,,2026-05-18 10:16:12.149244,false,
1779099371086-71,Choose the best question for this answer: I'm fine thanks.,Who are you?,How are you?,What are you?,,B,Inglese,false,,,,2026-05-18 10:16:12.149244,false,
1779099371086-72,We will go to see ______ .,their,theirs,them,,C,Inglese,false,,,,2026-05-18 10:16:12.149244,false,
1779099371086-73,Which of the following is NOT a part of the body?,eyesight,eyebrow,wrist,,A,Inglese,false,,,,2026-05-18 10:16:12.149244,false,
1779099371086-74,Choose the best phrase to complete the following: There's no point ____ about the future. The future will take care of itself.,in worrying,that worries,to worry,,A,Inglese,false,,,,2026-05-18 10:16:12.149244,false,
1779099371086-75,What are you talking ____ ?,about,about of,of,,A,Inglese,false,,,,2026-05-18 10:16:12.149244,false,
1779099371086-76,"If the weather _____ good, he'll go to the seaside tomorrow.",been,is,will,,B,Inglese,false,,,,2026-05-18 10:16:12.149244,false,
1779099371086-77,Choose the best word or phrase to complete this sentence: What would you do if you ____ the job?,are getting,got,get,,B,Inglese,false,,,,2026-05-18 10:16:12.149244,false,
1779099371086-78,Choose the best phrase to complete this question. ____ money did the government ask Griffiths for?,A lot of,How much,How many,,B,Inglese,false,,,,2026-05-18 10:16:12.149244,false,
1779099371086-79,Choose the correct word to complete this sentence: I believe that watching television is a complete ____ of time.,waste,loss,lack,,A,Inglese,false,,,,2026-05-18 10:16:12.149244,false,
1779099371086-80,Choose the best word to complete the following: He said I was overweight and should go on a diet. After all the problems I've had this year I think that is so ____ !,rude,polite,kind,,A,Inglese,false,,,,2026-05-18 10:16:12.149244,false,
1779099371086-81,Choose the best word to complete this sentence: Are there ____ CDs in stock?,of,a,any,,C,Inglese,false,,,,2026-05-18 10:16:12.149244,false,
1779099371086-82,Your photos are bigger _____ .,to mine,than my,than mine,,C,Inglese,false,,,,2026-05-18 10:16:12.149244,false,
1779099371086-83,____ course of action ____ compulsory from now onwards.,Those / will,Tis / are,This / will be,,C,Inglese,false,,,,2026-05-18 10:16:12.149244,false,
1779099371086-84,Europe was _____ by Napoleon.,been conquered,conquer,conquered,,C,Inglese,false,,,,2026-05-18 10:16:12.149244,false,
1779099371086-85,"Choose the best word or phrase to complete this sentence: However you want to express yourself, ____ it's writing an email using a keyboard, sending an image by MMS, or texting, the most up-to-date messaging devices provide you with a range of options for communicating.",either,even,whether,,C,Inglese,false,,,,2026-05-18 10:16:12.149244,false,
1779099371086-86,Choose the best verb form to complete this sentence: You will feel more confident about your new job when you ____ in it for another month.,have been,will be,are,,A,Inglese,false,,,,2026-05-18 10:16:12.149244,false,
1779099371086-87,Choose the best word to complete this sentence: The areas close to the University have a _____ student population.,short,large,tall,,B,Inglese,false,,,,2026-05-18 10:16:12.149244,false,
1779099371086-88,Choose the best word to complete this sentence: The government's ____ policy is not working.,economical,economic,economist,,B,Inglese,false,,,,2026-05-18 10:16:12.149244,false,
1779099371086-89,I have ____ ____ tell you.,something / to,some / for,thing / to,,A,Inglese,false,,,,2026-05-18 10:16:12.149244,false,
1779099371086-90,"I'm ____, ____ there's nothing to eat.",hungry / end,hungry / but,hungry / bat,,B,Inglese,false,,,,2026-05-18 10:16:12.149244,false,
1779099371086-91,____ here one more day !,Let's,Let's stay,Stay us,,B,Inglese,false,,,,2026-05-18 10:16:12.149244,false,
1779099371086-92,"Choose the best word or words to complete the following: I love Berlin. It's a really lively and exciting place, and the people ____ friendly.",they are a lot,are much,are very,,C,Inglese,false,,,,2026-05-18 10:16:12.149244,false,
1779099371086-93,Choose the best phrase to complete the following: Is there anything to eat? We ____ .,have hungry,are hungry,are angry,,B,Inglese,false,,,,2026-05-18 10:16:12.149244,false,
1779099371086-94,You are at an office party with your husband and encounter a senior colleague who hasn't met your husband before. What do you say?,Would you mind knowing my husband?,Let me present you with my husband.,May I introduce you to my husband?,,C,Inglese,false,,,,2026-05-18 10:16:12.149244,false,
1779099371086-95,Choose the best word to complete this sentence: My friend Judy's going to have her fiftieth birthday party ____.,quite soon,nearly,just,,A,Inglese,false,,,,2026-05-18 10:16:12.149244,false,
1779099371086-96,"____ a job? No, I don't. I'm a student.",Did you have,Do you have,Does you have,,B,Inglese,false,,,,2026-05-18 10:16:12.149244,false,
1779099371086-97,Choose the best word to complete this sentence: There will soon be wireless computers in ____ office.,all,every,both,,B,Inglese,false,,,,2026-05-18 10:16:12.149244,false,
1779099371086-98,Choose the best word to complete the following: My friend Catherine is a journalist. ____ job is very interesting.,Her,His,She's,,A,Inglese,false,,,,2026-05-18 10:16:12.149244,false,
1779109290755-1,"Secondo la Legge 150/2000, quale tra le seguenti affermazioni definisce il ruolo e i limiti del portavoce nella PA?",È nominato per dirigere le campagne di comunicazione istituzionale dell'ente,È responsabile delle attività editoriali e promozionali dell'amministrazione,È un consulente incaricato di curare le relazioni con i cittadini e i dipendenti,È un dirigente interno che coordina l'ufficio stampa e rappresenta la PA nei media,E,Comunicazione_Istituzionale,false,,,,2026-05-18 13:01:31.6792,false,È un collaboratore del vertice politico con funzioni nei rapporti politico-istituzionali con i media
1779109290755-2,"Nella teoria della comunicazione, cosa si intende per ""decodifica""?",Il feedback che il mittente riceve dopo l'invio del messaggio,L'atto di codificare il messaggio in un linguaggio tecnico,Il momento in cui il mittente sceglie il contenuto del messaggio,Il processo attraverso cui il destinatario interpreta il messaggio ricevuto,D,Teoria_Comunicazione,false,,,,2026-05-18 13:01:31.6792,false,Il passaggio del messaggio attraverso il canale fisico
1779109290756-10,Quale tra le seguenti affermazioni descrive correttamente uno degli obiettivi principali dell'adozione di un chatbot?,Sostituire completamente il personale umano nell'assistenza agli utenti,Ridurre i tempi di risposta e migliorare l'accessibilità alle informazioni,Limitare la diffusione delle informazioni per garantire la sicurezza,Aumentare i costi operativi per migliorare la qualità del servizio,B,Comunicazione_Istituzionale,false,,,,2026-05-18 13:01:31.6792,false,Eliminare l'uso dei social media nella comunicazione istituzionale
1779109290756-11,Quale tra le seguenti affermazioni rappresenta correttamente l'uso combinato di open data e data visualisation nella PA?,Favorisce la trasparenza e la partecipazione dei cittadini attraverso la rappresentazione accessibile dei dati pubblici,Consente di creare report esclusivamente a uso interno per i dirigenti pubblici,È uno strumento di supporto alle campagne elettorali degli amministratori locali,"Serve principalmente a ottimizzare i flussi interni di dati tra uffici, senza finalità di pubblicazione esterna",A,Comunicazione_Istituzionale,false,,,,2026-05-18 13:01:31.6792,false,È utilizzata per oscurare i dati sensibili tramite mascheramento grafico
1779109290756-12,"Secondo le conoscenze più aggiornate, quali emozioni di base tendono a promuovere un'elaborazione più profonda delle informazioni soprattutto su temi controversiali?",Rabbia e disgusto,Paura e tristezza,Gioia e sorpresa,Gioia e fiducia,B,Teoria_Comunicazione,false,,,,2026-05-18 13:01:31.6792,false,Sorpresa e attesa
1779109290756-13,"Come viene costruito principalmente il feed ""Per Te"" su TikTok rispetto al feed home di Instagram?",Entrambi usano lo stesso algoritmo di Meta per la personalizzazione,"TikTok si basa sulla cronologia di navigazione web, Instagram no","TikTok si affida ai contenuti sponsorizzati, Instagram solo agli hashtag","TikTok analizza in tempo reale il comportamento dell'utente (durata visione, interazione), mentre Instagram si basa su like e commenti tra follower",D,Teoria_Comunicazione,false,,,,2026-05-18 13:01:31.6792,false,"Instagram aggiorna il feed manualmente, TikTok in modo automatico"
1779109290756-14,La pertinenza in un annuncio Meta si calcola con quale delle seguenti formule,Copertura + estimated action rate + user value,Budget giornaliero + punteggio di qualità + frequenza,Bid + estimated action rate + copertura,Impression+ estimated action rate + user value,E,Comunicazione_Istituzionale,false,,,,2026-05-18 13:01:31.6792,false,Bid+ estimated action rate + user value
1779109290756-15,"Secondo i principi fondamentali del marketing e della gestione delle relazioni con gli utenti, così come delineati da Philip Kotler e applicati al contesto contemporaneo, quale dei seguenti è il principale obiettivo strategico dell'attività di community management?",Generare direttamente lead immediati attraverso interazioni mirate sui social media,"Identificare e rimuovere tutti i contenuti negativi o le critiche pubblicate dagli utenti, al fine di mantenere un'immagine pubblica immacolata","Sviluppare e implementare campagne pubblicitarie a pagamento all'interno delle piattaforme social, gestendo il budget e le performance delle inserzioni",Misurare e analizzare la frequenza di pubblicazione dei contenuti da parte degli utenti all'interno di un gruppo o forum online,E,Teoria_Comunicazione,false,,,,2026-05-18 13:01:31.6792,false,"Costruire e mantenere relazioni durature e significative con gli utenti, favorendo l'engagement e il senso di appartenenza"
1779109290756-16,"Quale delle seguenti affermazioni, relativa ai disclaimer per le inserzioni su temi sociali, elezioni o politica su Meta, non corrisponde alle linee guida della piattaforma?",L'analisi e l'approvazione di un disclaimer possono richiedere un tempo massimo di 72 ore per essere completate,"Anche se un'inserzione con disclaimer viene condivisa da un utente, le informazioni del disclaimer rimangono visibili nella versione condivisa","I disclaimer non devono contenere URL o acronimi, a meno che questi non siano parte integrante del nome dell'organizzazione e chiaramente riportati sul sito web fornito",Il disclaimer deve riportare in modo esatto e veritiero il nome dell'entità o della persona responsabile del finanziamento dell'inserzione,A,Comunicazione_Istituzionale,false,,,,2026-05-18 13:01:31.6792,false,"Le inserzioni che menzionano un personaggio politico che ha partecipato a elezioni passate, anche se non è attualmente candidato, richiedono comunque l'uso di un disclaimer"
1779109290756-17,Da quale delle seguenti caratteristiche è definito un meme efficace?,"Brevità, autorevolezza e firma dell'autore","Adattabilità immediata a diversi formati mediali (GIF, audio, video)","Complessità concettuale, originalità e ironia","Fedeltà, fecondità e longevità nella trasmissione culturale",D,Teoria_Comunicazione,false,,,,2026-05-18 13:01:31.6792,false,Capacità di emozionare e commuovere un pubblico vasto
1779109290756-18,"Quale funzione ha il ""lead"" in un articolo di cronaca?",Proporre l'opinione dell'autore per orientare il lettore,Dare subito le informazioni principali per catturare l'attenzione,Inserire dati tecnici e statistici di supporto,Anticipare i commenti dei lettori raccolti sui social,B,Comunicazione_Istituzionale,false,,,,2026-05-18 13:01:31.6792,false,Fornire il background storico completo del fatto trattato
1779109290756-19,"In che modo il ""Sistema 1"" del cervello descritto dallo psicologo Daniel Kahneman condiziona la comunicazione?",Elimina i pregiudizi grazie alla riflessione logica,Favorisce processi decisionali lenti e razionali,Opera solo in situazioni di emergenza,Stimola la comunicazione argomentata e deliberativa,E,Teoria_Comunicazione,false,,,,2026-05-18 13:01:31.6792,false,Genera giudizi automatici basati su intuizioni rapide
1779109290756-20,"Quale strumento di Meta consente di tracciare dati sulle azioni degli utenti per ottimizzare le campagne pubblicitarie, misurane l'efficacia e costruire liste di pubblico personalizzate?",Gestione inserzioni,Disclaimer pubblicitario,Pixel,Business Suite,C,Comunicazione_Istituzionale,false,,,,2026-05-18 13:01:31.6792,false,Business API
1779109290756-21,"Riferendosi alle tre macro aree della SEO, quale delle seguenti azioni rientra specificamente nell'ambito della SEO On-Page?",L'inserimento strategico di parole chiave e l'ottimizzazione dei titoli e delle meta description delle singole pagine,La configurazione dei file robots.txt per controllare la scansione dei motori di ricerca,La promozione dei contenuti attraverso il social sharing su diverse piattaforme,La creazione di una strategia di link building per acquisire backlink da siti esterni,A,Comunicazione_Istituzionale,false,,,,2026-05-18 13:01:31.6792,false,L'ottimizzazione della velocità di caricamento del sito web e la gestione della sitemap
1779109290756-22,"Secondo le metodologie per la ricerca delle parole chiave (keywords) più adatte a un articolo, quale dei seguenti passaggi è corretto?",Le varianti correlate all'argomento possono essere individuate utilizzando strumenti come Google Suggest o Answer The Public,La scelta delle keyword secondarie è superflua per un buon posizionamento SEO,È consigliabile scegliere un numero illimitato di keyword principali per massimizzare la visibilità,"Dopo aver definito l'argomento, è utile studiare cosa funziona già nei risultati di ricerca prima di trovare varianti",A,Comunicazione_Istituzionale,false,,,,2026-05-18 13:01:31.6792,false,"Si deve prioritariamente analizzare la concorrenza, senza considerare il volume di ricerca"
1779109290756-23,"Quale tra le seguenti affermazioni riflette correttamente, secondo la Legge 150/2000, il limite funzionale che distingue la comunicazione istituzionale da quella politica?","La comunicazione istituzionale è finalizzata a promuovere l'immagine dell'amministrazione e l'interesse generale, senza contenuti di parte o di indirizzo politico",La comunicazione istituzionale può includere opinioni sui programmi futuri se approvati dall'organo di vertice,"La comunicazione politica è ammessa solo nei periodi di campagna elettorale, mentre quella istituzionale è permanente","La comunicazione politica è svolta dagli uffici stampa, mentre quella istituzionale spetta esclusivamente ai portavoce",A,Comunicazione_Istituzionale,false,,,,2026-05-18 13:01:31.6792,false,La comunicazione istituzionale può essere gestita direttamente da rappresentanti politici se riguarda iniziative governative
1779109290756-24,Qual è l'effetto principale di una strategia di framing nella comunicazione?,Attirare visualizzazioni attraverso titoli provocatori,"Orientare l'attenzione su alcuni aspetti del messaggio, oscurandone altri",Indurre il destinatario a condividere un contenuto senza verificarlo,Garantire la neutralità informativa nel dibattito pubblico,B,Teoria_Comunicazione,false,,,,2026-05-18 13:01:31.6792,false,Aumentare la leggibilità dei testi attraverso semplificazione visiva
1779109290756-25,Quale tra le seguenti attività rientra tra i compiti fondamentali dell'URP secondo la Legge 150/2000?,Definire le strategie politiche dell'ente in materia di comunicazione,Redigere pareri tecnici su proposte legislative,"Garantire l'esercizio dei diritti di informazione, accesso e partecipazione dei cittadini",Promuovere l'immagine del dirigente politico dell'amministrazione,C,Comunicazione_Istituzionale,false,,,,2026-05-18 13:01:31.6792,false,Gestire i rapporti con la stampa per conto dell'ente
1779109290756-26,Qual è il principio di funzionamento di base della sentiment analysis nei sistemi automatici?,Misurare il numero di like e condividerli come indicatore di gradimento,Classificare le emozioni osservando il linguaggio del corpo nei video,"Determinare le emozioni con sondaggi online diffusi su vasta scala, non solo sui social network, tra utenti registrati",Usare keyword visive per identificare immagini positive o negative,E,Teoria_Comunicazione,false,,,,2026-05-18 13:01:31.6792,false,Riconoscere il tono emotivo dei contenuti attraverso dizionari o modelli linguistici pre-allenati
1779109290756-27,Quale tra i seguenti effetti è frequentemente associato alla permanenza prolungata in un'echo chamber?,L'incremento della fiducia nelle istituzioni pubbliche,L'indebolimento delle convinzioni personali attraverso il confronto costante,Il rafforzamento delle proprie opinioni a discapito della diversità informativa,L'esposizione continua a contenuti contrari alle proprie opinioni,C,Teoria_Comunicazione,false,,,,2026-05-18 13:01:31.6792,false,La riduzione del tempo trascorso sulle piattaforme digitali
1779109290756-28,In quale situazione un influencer si distingue maggiormente da un content creator per obiettivo comunicativo?,Quando partecipa a campagne con lo scopo di fidelizzare follower e orientare comportamenti,Quando crea contenuti senza apparire in prima persona,Quando sviluppa tutorial informativi su tecnologie emergenti,Quando cura la qualità tecnica di video e foto per un canale YouTube,A,Teoria_Comunicazione,false,,,,2026-05-18 13:01:31.6792,false,Quando lavora come grafico freelance per aziende editoriali
1779109290756-29,Quale delle seguenti funzioni è svolta dall'Ordine dei Giornalisti?,Gestisce la distribuzione delle notizie alle agenzie di stampa,Redige i contenuti editoriali per le testate nazionali,Supervisiona le campagne pubblicitarie dei media,Organizza eventi promozionali per le testate giornalistiche,E,Comunicazione_Istituzionale,false,,,,2026-05-18 13:01:31.6792,false,Cura la tenuta dell'Albo professionale dei giornalisti
1779109290756-3,"In una situazione di crisi, quale tra i seguenti elementi organizzativi è più importante per garantire una comunicazione istituzionale efficace nella PA?",L'autonomia dei singoli uffici nel diffondere informazioni sul territorio,La predisposizione di un piano comunicativo integrato e condiviso prima dell'emergenza,La delega della comunicazione a consulenti esterni per evitare pressioni interne,La gestione diretta dei media da parte del dirigente amministrativo più anziano,B,Comunicazione_Istituzionale,false,,,,2026-05-18 13:01:31.6792,false,L'utilizzo esclusivo dei social network per accelerare la diffusione del messaggio
1779109290756-30,Quale tra le seguenti affermazioni sintetizza meglio i dati ISTAT sull'interazione digitale tra cittadini e PA nel 2024?,L'uso dei servizi digitali è omogeneo per tutti i cittadini,I servizi online sono largamente utilizzati per tutte le tipologie di interazione con la PA,L'accesso digitale alla PA è diffuso soprattutto per funzioni informative e documentali,I cittadini preferiscono ancora recarsi fisicamente agli sportelli,C,Comunicazione_Istituzionale,false,,,,2026-05-18 13:01:31.6792,false,Le procedure digitali hanno sostituito in massima parte quelle cartacee
1779109290756-4,"Quale tra le seguenti opzioni identifica correttamente le implicazioni legali, etiche e pratiche legate alla pubblicazione di immagini su un sito web di una PA italiana?","È necessario rispettare il diritto d'autore, tutelare la privacy dei soggetti ritratti e garantire l'accessibilità e la pertinenza delle immagini ai fini istituzionali","Le uniche limitazioni riguardano la qualità tecnica delle immagini, non i contenuti o i diritti connessi",Le pubbliche amministrazioni possono pubblicare liberamente qualsiasi immagine se il sito ha finalità non commerciali,"Le immagini sono escluse dalle norme sulla privacy, purché riguardino eventi pubblici",A,Comunicazione_Istituzionale,false,,,,2026-05-18 13:01:31.6792,false,"È sufficiente utilizzare immagini scaricate da internet, purché non abbiano watermark o loghi"
1779109290756-5,Quale tra i seguenti fattori rappresenta una criticità ricorrente nella relazione tra comunicatori pubblici e giornalisti?,Il ricorso esclusivo alla comunicazione visiva nei messaggi istituzionali,La scarsa chiarezza e rilevanza dei contenuti diffusi nei comunicati stampa,Il rifiuto dei giornalisti di collaborare con enti pubblici,L'eccessiva lunghezza dei documenti amministrativi,B,Comunicazione_Istituzionale,false,,,,2026-05-18 13:01:31.6792,false,L'assenza di canali digitali per la trasmissione delle informazioni
1779109290756-6,Cosa si intende con il concetto di user-centered writing nella scrittura per il web?,Creare contenuti personalizzati per ciascun lettore registrato,Scrivere contenuti pensati per generare dibattito tra gli utenti,Redigere testi focalizzati sui bisogni informativi e le domande dell'utente,Usare linguaggio colloquiale e soggettivo in ogni situazione,C,Comunicazione_Istituzionale,false,,,,2026-05-18 13:01:31.6792,false,Pubblicare articoli in base alle tendenze dei social media
1779109290756-7,Quale tra questi effetti può derivare dall'esposizione selettiva alla comunicazione?,Incremento dell'alfabetizzazione mediatica automatica,Riduzione dell'interesse verso i media digitali,Aumento dell'imparzialità individuale nel giudizio delle notizie,Maggiore apertura verso opinioni divergenti,E,Teoria_Comunicazione,false,,,,2026-05-18 13:01:31.6792,false,Polarizzazione delle opinioni e rafforzamento dei pregiudizi
1779109290756-8,Quale tra le seguenti affermazioni è falsa secondo la teoria della spirale del silenzio di Elisabeth Noelle-Neumann?,Gli individui tendono a non esprimere opinioni percepite come minoritarie per timore di isolamento,Il clima d'opinione percepito influisce sull'espressione individuale delle opinioni,Chi percepisce di essere in minoranza può rafforzare la propria esposizione pubblica,Il silenzio può essere un effetto sociale e psicologico dell'esposizione mediatica,C,Teoria_Comunicazione,false,,,,2026-05-18 13:01:31.6792,false,I media possono contribuire a definire quali opinioni sono maggioritarie o marginali
1779109290756-9,In che anno la RAI ha introdotto ufficialmente l'informazione regionale nei suoi palinsesti?,1954,1962,1970,1979,D,Comunicazione_Istituzionale,false,,,,2026-05-18 13:01:31.6792,false,1985
1779114515772-1,Quale tra le seguenti non è una finalità delle attività di informazione e comunicazione istituzionale secondo l'art. 1 della Legge 150/2000?,Favorire l'accesso ai servizi pubblici,Fornire supporto legale ai cittadini in difficoltà,Semplificare le procedure amministrative,Promuovere l'immagine dell'Italia in ambito internazionale,B,Comunicazione_Istituzionale,false,,,,2026-05-18 14:28:36.000839,false,Promuovere la conoscenza delle normative per facilitarne l'applicazione
1779114515772-10,Quale tra le seguenti pratiche è considerata fondamentale per aumentare l'efficacia di una newsletter?,Inviare la newsletter quotidianamente per mantenere alta l'attenzione del pubblico.,Utilizzare esclusivamente contenuti promozionali per massimizzare le vendite,Evitare l'uso di immagini per garantire una maggiore velocità di caricamento,Inserire il maggior numero possibile di call-to-action per stimolare l'interazione,E,Comunicazione_Istituzionale,false,,,,2026-05-18 14:28:36.000839,false,Personalizzare il contenuto in base ai segmenti di pubblico per aumentare la rilevanza.
1779114515772-11,Quale tra i seguenti software per l'editoria professionale è comunemente utilizzato per la visualizzazione di dati?,WordPress,SPSS,Notepad++,Tableau,D,Comunicazione_Istituzionale,false,,,,2026-05-18 14:28:36.000839,false,Adobe Illustrator
1779114515772-12,Quale tra le seguenti emozioni di base è risultata secondo gli studi più efficace nel generare engagement sui social media?,Fiducia,Gioia,Entusiasmo,Paura,D,Teoria_Comunicazione,false,,,,2026-05-18 14:28:36.000839,false,Sorpresa
1779114515772-13,Qual è una delle principali differenze nel funzionamento dell'algoritmo tra TikTok e Instagram?,Entrambi mostrano contenuti casuali senza logica algoritmica di profilazione personale,Instagram si basa solo sul numero di like mentre TikTok ignora le interazioni,TikTok mostra contenuti basati sugli interessi individuali anche da profili sconosciuti mentre Instagram privilegia i contenuti dei contatti già seguiti,TikTok privilegia i contenuti delle persone seguite mentre Instagram mostra solo contenuti suggeriti,C,Comunicazione_Istituzionale,false,,,,2026-05-18 14:28:36.000839,false,Instagram usa solo la geolocalizzazione per personalizzare i contenuti TikTok no
1779114515772-14,Cosa si intende per copertura (Reach) di un contenuto social?,Il valore dell'utente costituito da l'esperienza dell'utente il feedback positivo o negativo condiviso previsioni di feedback rispetto ad azioni passate,Il numero di volte che una pubblicità viene visualizzata,Il numero totale di interazioni del contenuto,Il numero di volte in cui un contenuto è stato mostrato nel feed di un utente anche se non visualizzato attivamente,E,Comunicazione_Istituzionale,false,,,,2026-05-18 14:28:36.000839,false,Il numero totale di utenti unici che hanno visualizzato un contenuto
1779114515772-15,Quale tra queste tipologie di contenuti Instagram non è quello adatto a raggiungere nuovi target?,Caroselli,Contenuti Adv,Stories,Reels,C,Comunicazione_Istituzionale,false,,,,2026-05-18 14:28:36.000839,false,Immagini
1779114515772-16,Qual è l'affermazione corretta tra le seguenti riguardo la durata massima dei video su TikTok considerando le attuali funzionalità e gli sviluppi della piattaforma?,I video in diretta (Live) sono l'unica tipologia di contenuto che può superare i 5 minuti su TikTok,TikTok supporta unicamente video da 15 secondi per tutti gli utenti,Indipendentemente dal metodo di caricamento i video su TikTok non possono superare i 3 minuti di durata,I video caricati sulla piattaforma possono raggiungere una durata massima di 10 minuti con Tik Tok che sta testando limiti ancora maggiori,D,Comunicazione_Istituzionale,false,,,,2026-05-18 14:28:36.000839,false,La durata massima dei video registrati direttamente dall'app è sempre e solo di 60 secondi
1779114515772-17,Quale tra le seguenti affermazioni descrive correttamente un tratto distintivo del meme rispetto ad altri contenuti virali online?,Un meme mantiene sempre intatta la sua forma originale,Un meme è un contenuto che viene modificato e reinterpretato durante la sua diffusione,Un meme nasce esclusivamente a fini commerciali,Un meme è sempre creato da un autore identificabile e riconosciuto,B,Teoria_Comunicazione,false,,,,2026-05-18 14:28:36.000839,false,Un meme si diffonde solo tra persone con competenze grafiche
1779114515772-18,Quale tra queste caratteristiche è tipica di un lead efficace?,Linguaggio tecnico e particolareggiato,Contenuti generali e tono narrativo,Assenza di riferimenti temporali,Sintesi semplicità e immediatezza informativa,D,Comunicazione_Istituzionale,false,,,,2026-05-18 14:28:36.000839,false,Informazioni secondarie e struttura a suspense
1779114515772-19,Quale tra i seguenti bias cognitivi è particolarmente rilevante nella comunicazione perché spinge le persone a cercare ricordare e condividere solo le informazioni che rinforzano le proprie opinioni pregresse?,Bias di proiezione,Bias della negatività,Bias dell'ancoraggio,Bias della disponibilità,E,Teoria_Comunicazione,false,,,,2026-05-18 14:28:36.000839,false,Bias di conferma
1779114515772-2,Quale delle seguenti situazioni rappresenta una decodifica critica da parte del destinatario di un messaggio comunicativo?,Il destinatario non comprende il messaggio e lo ignora,Il destinatario rielabora il significato del messaggio in modo autonomo e potenzialmente contrario all'intento originale,Il destinatario interpreta il messaggio esattamente come inteso dal mittente,Il destinatario condivide il messaggio senza leggerlo,B,Teoria_Comunicazione,false,,,,2026-05-18 14:28:36.000839,false,Il destinatario interpreta il messaggio in modo passivo senza rifletterci
1779114515772-20,Quali tra le seguenti sono metriche chiave dell'engagement?,Costo per click (CPC) costo per mille impressioni (CPM) ritorno sulla spesa pubblicitaria (ROAS),Budget pubblicitario giornaliero numero di campagne attive dati demografici del pubblico target,Membri follower iscritti download,Frequenza di pubblicazione numero di pagine web visualizzate punteggio SEO,C,Comunicazione_Istituzionale,false,,,,2026-05-18 14:28:36.000839,false,Reach impression visualizzazioni
1779114515772-21,Considerando le diverse aree della SEO (Search Engine Optimization) quale delle seguenti pratiche rientra nella SEO Off-Page?,La creazione della sitemap del sito e l'ottimizzazione della sua velocità di caricamento,La gestione della link building e la promozione dei contenuti tramite il social sharing,L'analisi delle keyword e l'inserimento strategico all'interno dei testi del sito,La configurazione dei file robots.txt per indicare ai motori di ricerca quali pagine scansionare,B,Comunicazione_Istituzionale,false,,,,2026-05-18 14:28:36.000839,false,L'ottimizzazione dei titoli e delle meta description delle singole pagine web
1779114515772-22,Quale delle seguenti affermazioni sulla meta description è corretta?,La meta description ha una valenza per quanto riguarda il Click-Through Rate (CTR),La lunghezza massima consigliata per la meta description è di 200 caratteri,La meta description non dovrebbe mai contenere keyword,È sconsigliato inserire una call-to-action (CTA) nella meta description,A,Comunicazione_Istituzionale,false,,,,2026-05-18 14:28:36.000839,false,La meta description influisce direttamente sul posizionamento (ranking) dell'articolo nei risultati di ricerca
1779114515772-23,Quale tra le seguenti affermazioni riflette correttamente secondo la Legge 150/2000 il limite funzionale che distingue la comunicazione istituzionale da quella politica?,La comunicazione istituzionale può essere gestita direttamente da rappresentanti politici se riguarda iniziative governative,La comunicazione istituzionale è finalizzata a promuovere l'immagine dell'amministrazione e l'interesse generale senza contenuti di parte o di indirizzo politico,La comunicazione istituzionale può includere opinioni sui programmi futuri se approvati dall'organo di vertice,La comunicazione politica è ammessa solo nei periodi di campagna elettorale mentre quella istituzionale è permanente,B,Comunicazione_Istituzionale,false,,,,2026-05-18 14:28:36.000839,false,La comunicazione politica è svolta dagli uffici stampa mentre quella istituzionale spetta esclusivamente ai portavoce
1779114515772-24,Quale tra i seguenti è un esempio pratico di framing nella comunicazione di una crisi sanitaria?,Pubblicare comunicati stampa giornalieri con dati grezzi,Usare immagini di repertorio generiche per illustrare i contenuti,Diffondere informazioni esclusivamente tramite canali interni,Descrivere una misura restrittiva come protezione collettiva invece che come limitazione della libertà,D,Teoria_Comunicazione,false,,,,2026-05-18 14:28:36.000839,false,Rilasciare dati solo dopo la fine della crisi
1779114515772-25,Secondo la Legge 150/2000 quale tra le seguenti affermazioni descrive correttamente l'organizzazione e i compiti dell'URP?,L'URP opera sotto la direzione esclusiva del portavoce dell'amministrazione,L'URP ha come obiettivo principale il coordinamento tra amministrazione e mezzi di informazione,L'URP è un servizio obbligatorio solo per le amministrazioni centrali dello Stato,L'URP svolge esclusivamente funzioni di protocollo e archivio documentale,E,Comunicazione_Istituzionale,false,,,,2026-05-18 14:28:36.000839,false,L'URP è una struttura finalizzata a garantire informazione accesso partecipazione e qualità dei servizi
1779114515772-26,Quale tra i seguenti approcci è comunemente utilizzato nella sentiment analysis per identificare il tono emotivo dei contenuti testuali?,Osservazione comportamentale degli utenti su piattaforme social,Conteggio delle interazioni ricevute dai post come misura diretta di emozione,Interviste qualitative per valutare il sentimento percepito,Analisi del contenuto grafico e visivo dei post,E,Teoria_Comunicazione,false,,,,2026-05-18 14:28:36.000839,false,Utilizzo di dizionari semantici o modelli di linguaggio addestrati su grandi quantità di testo
1779114515772-27,Quale meccanismo digitale contribuisce più direttamente alla formazione delle echo chambers sui social media?,Il sistema di hashtag nelle ricerche,I filtri antispam automatici,La visualizzazione casuale dei contenuti sulla home page,L'autenticazione a due fattori per la privacy,E,Teoria_Comunicazione,false,,,,2026-05-18 14:28:36.000839,false,Gli algoritmi che selezionano i contenuti in base alle interazioni precedenti degli utenti
1779114515772-28,Quale tra i seguenti aspetti è più comunemente associato alla figura del content creator rispetto all'influencer?,La monetizzazione diretta del traffico attraverso affiliazioni e sponsorizzazioni,L'ideazione e produzione autonoma di contenuti multimediali spesso con uno stile riconoscibile,La capacità di generare engagement intorno alla propria immagine personale,L'utilizzo della notorietà per promuovere prodotti di terzi,B,Comunicazione_Istituzionale,false,,,,2026-05-18 14:28:36.000839,false,La partecipazione a eventi pubblici per amplificare la propria visibilità
1779114515772-29,Quale tra i seguenti poteri è attribuito all'Ordine dei Giornalisti in materia disciplinare?,Può sospendere o radiare un iscritto per violazioni deontologiche,Può nominare direttori responsabili delle testate giornalistiche,Può revocare la licenza di pubblicazione di una testata,Può emettere sanzioni penali contro i giornalisti,A,Comunicazione_Istituzionale,false,,,,2026-05-18 14:28:36.000839,false,Può imporre multe amministrative per articoli diffamatori
1779114515772-3,Qual è la priorità strategica della comunicazione di crisi in una PA?,Assicurare trasparenza e tempestività tutelando la fiducia dei cittadini e l'interesse collettivo,Evitare l'eccessiva esposizione mediatica dei dirigenti coinvolti nella gestione dell'emergenza,Mantenere la coerenza comunicativa tra i diversi livelli istituzionali anche a scapito della tempestività,Contenere l'impatto mediatico della crisi per limitare le reazioni del pubblico,A,Comunicazione_Istituzionale,false,,,,2026-05-18 14:28:36.000839,false,Ridurre il rischio di danni reputazionali ricorrendo a un controllo rigido delle informazioni
1779114515772-30,Secondo i dati ISTAT 2024 quale tra le seguenti azioni risulta essere la più diffusa tra i cittadini italiani nell'uso di Internet verso la PA?,Ottenere informazioni sui servizi pubblici,Scaricare moduli da compilare,Inviare moduli compilati online,Consultare statistiche pubbliche,A,Comunicazione_Istituzionale,false,,,,2026-05-18 14:28:36.000839,false,Prenotare appuntamenti per visite mediche
1779114515772-4,Quale delle seguenti affermazioni rappresenta correttamente il concetto di usabilità e il suo ruolo nella progettazione di un sito web della PA includendo anche una metrica utile per valutarla?,L'usabilità è il grado in cui un sito è facile da usare efficiente e comprensibile per l'utente; si misura ad esempio con il tasso di completamento delle attività senza errori,L'usabilità è la capacità di un sito di contenere tutte le normative e i documenti ufficiali; si misura con il numero di pagine indicizzate,L'usabilità è data dalla quantità di moduli digitali offerti online; si valuta attraverso il tasso di download,L'usabilità riguarda la sicurezza informatica e si valuta principalmente attraverso test di vulnerabilità,A,Comunicazione_Istituzionale,false,,,,2026-05-18 14:28:36.000839,false,L'usabilità consiste nell'utilizzo di contenuti visivi accattivanti per rendere il sito più attuale; si misura osservando il tempo medio di permanenza
1779114515772-5,Quale approccio risulta più efficace secondo le attuali prospettive sulla comunicazione pubblica digitale per rafforzare il rapporto tra PA cittadini e media?,Implementare un ecosistema comunicativo integrato che favorisca trasparenza interazione multicanale e accesso informativo diffuso,Conservare un impianto comunicativo unidirezionale con flussi informativi pre-approvati e centralizzati,Accorpare le funzioni comunicative sotto un'unica figura apicale per garantire coerenza istituzionale e controllo del messaggio,Orientare la comunicazione esterna a momenti formali e cerimoniali per rafforzare l'autorevolezza dell'ente pubblico,A,Comunicazione_Istituzionale,false,,,,2026-05-18 14:28:36.000839,false,Limitare la produzione informativa alle sole evidenze tecnico-normative riducendo il rischio di sovracomunicazione
1779114515772-6,Qual è uno dei principi fondamentali della scrittura per il web rispetto alla lettura su carta?,Adottare uno stile chiaro diretto e facilmente scansionabile,Favorire frasi lunghe e articolate per mostrare un tono più istituzionale,Inserire il contenuto più rilevante solo alla fine per mantenere suspense,Scrivere testi pensati per una lettura lineare dall'inizio alla fine,A,Comunicazione_Istituzionale,false,,,,2026-05-18 14:28:36.000839,false,Usare un linguaggio tecnico e specialistico per dimostrare autorevolezza
1779114515772-7,Quale tra le seguenti affermazioni è falsa rispetto all'esposizione selettiva ai contenuti?,Implica che gli utenti cerchino contenuti che contraddicono sistematicamente le loro convinzioni,È favorita dagli algoritmi delle piattaforme digitali che personalizzano i contenuti,Ha un impatto diretto sulla formazione dell'opinione sui temi di discussione pubblica,Coinvolge meccanismi psicologici legati alla riduzione della dissonanza cognitiva,A,Teoria_Comunicazione,false,,,,2026-05-18 14:28:36.000839,false,Può rafforzare la percezione di una realtà distorta confermando solo una visione parziale dei fatti
1779114515772-8,Quale tra le seguenti affermazioni esprime correttamente il principio della teoria dell'agenda-setting?,I media dicono al pubblico cosa pensare su un determinato argomento,I media riflettono semplicemente ciò che la società considera importante,I media hanno un'influenza diretta e immediata sul comportamento del pubblico,I media neutralizzano completamente l'influenza dell'opinione pubblica,E,Teoria_Comunicazione,false,,,,2026-05-18 14:28:36.000839,false,I media stabiliscono cosa è rilevante nell'opinione pubblica suggerendo su cosa pensare
1779114515772-9,In quale anno fu fondato il quotidiano La Stampa storico giornale italiano con sede a Torino?,1908,1895,1901,1836,E,Comunicazione_Istituzionale,false,,,,2026-05-18 14:28:36.000839,false,1867
1779114523970-1,Quale tra i seguenti soggetti deve essere iscritto all'albo nazionale dei giornalisti secondo l'art. 9 legge 150/2000?,I dirigenti amministrativi,Il portavoce,Il capo di gabinetto,Il responsabile dell'ufficio per le relazioni con il pubblico,E,Comunicazione_Istituzionale,false,,,,2026-05-18 14:28:44.157513,false,I componenti dell'ufficio stampa
1779114523970-10,Quale tra le seguenti affermazioni identifica correttamente un valore strategico dell'uso dei podcast nella comunicazione digitale contemporanea?,L'uso dei podcast è consigliato solo in contesti aziendali interni come la comunicazione tra dipendenti e management,I podcast si prestano unicamente a narrazioni di intrattenimento e non sono adatti alla comunicazione istituzionale o educativa,I podcast a causa della loro natura audio risultano meno adatti a costruire relazioni di fiducia con il pubblico rispetto ai video,I podcast sono efficaci per approfondire contenuti già trattati nei canali scritti favorendo l'engagement in contesti di fruizione non lineare (es. multitasking),D,Comunicazione_Istituzionale,false,,,,2026-05-18 14:28:44.157513,false,I podcast sono strumenti utili soltanto se accompagnati da campagne sponsorizzate ad alto budget
1779114523970-11,Quale tra le seguenti pratiche è correttamente classificabile come data visualisation?,Il mapping,La bot news,Il community engagement,Lo scraping,A,Comunicazione_Istituzionale,false,,,,2026-05-18 14:28:44.157513,false,Il data-gathering
1779114523970-12,Quale combinazione di emozioni è più frequentemente utilizzata nella comunicazione politica sui social per rafforzare l'identità di gruppo e polarizzare gli utenti?,Rabbia e disgusto,Paura e fiducia,Tristezza e sorpresa,Attesa e sorpresa,A,Teoria_Comunicazione,false,,,,2026-05-18 14:28:44.157513,false,Fiducia e gioia
1779114523970-13,Perché un contenuto può diventare virale più facilmente su TikTok che su Instagram?,Perché TikTok rimuove meno contenuti,Perché Instagram applica una censura più severa su tutti i video,Perché TikTok non ha limiti di tempo nei video,Perché TikTok usa un sistema di hashtag obbligatori per spingere i contenuti,E,Comunicazione_Istituzionale,false,,,,2026-05-18 14:28:44.157513,false,Perché TikTok promuove anche i contenuti di utenti con pochi follower basandosi sulle performance del singolo video
1779114523970-14,Quale delle seguenti affermazioni riguardo ai disclaimer delle inserzioni su temi sociali elezioni o politica su Meta è vera secondo le linee guida fornite?,I disclaimer non devono mai contenere URL o acronimi in nessuna circostanza,Se un'inserzione con disclaimer viene condivisa da un utente il disclaimer scompare dalla versione condivisa,L'analisi di un disclaimer può richiedere fino a 72 ore per essere completata,Il disclaimer deve rappresentare con precisione il nome dell'entità o della persona responsabile dell'inserzione,D,Comunicazione_Istituzionale,false,,,,2026-05-18 14:28:44.157513,false,Le inserzioni che fanno riferimento a un personaggio politico che ha concorso a elezioni precedenti ma non è attualmente in corsa non richiedono un disclaimer
1779114523970-2,In un processo comunicativo rivolto a un pubblico eterogeneo quale tra questi elementi può rendere meno efficace la decodifica del messaggio anche se il contenuto è formalmente corretto?,L'adozione di una struttura logica e sequenziale del discorso,La presenza di immagini che supportano il contenuto testuale,La coerenza tra forma e contenuto del messaggio,L'uso di un lessico specialistico non spiegato comprensibile solo a una parte del pubblico,E,Teoria_Comunicazione,false,,,,2026-05-18 14:28:44.157513,false,La mancanza di riferimenti culturali accessibili a tutti i destinatari
1779114523970-3,In una situazione di crisi quale tra i seguenti comportamenti è più rischioso per la credibilità della PA?,Utilizzare più canali per raggiungere un pubblico ampio,Offrire aggiornamenti regolari anche se parziali,Coordinarsi con le autorità competenti e gli stakeholder,Ritardare o omettere informazioni rilevanti per evitare allarme,D,Comunicazione_Istituzionale,false,,,,2026-05-18 14:28:44.157513,false,Centralizzare la comunicazione in un'unica figura istituzionale
1779114523970-4,Quale delle seguenti affermazioni descrive correttamente la struttura a piramide invertita nella scrittura per il web e i suoi vantaggi in termini di esperienza utente e SEO?,Si basa sull'uso esclusivo di contenuti visivi e video evitando testi scritti per migliorare l'accessibilità,È un modello che privilegia uno stile narrativo progressivo utile soprattutto nei testi creativi o letterari,È una tecnica usata solo nei titoli per aumentare il tasso di clic (CTR) sui motori di ricerca,Consiste nel presentare subito le informazioni principali seguite da dettagli secondari rendendo il contenuto facilmente scansionabile e utile anche per l'indicizzazione SEO,D,Comunicazione_Istituzionale,false,,,,2026-05-18 14:28:44.157513,false,Prevede una disposizione gerarchica dei paragrafi in ordine alfabetico per facilitarne l'archiviazione digitale
1779114523970-5,Quale condizione è essenziale affinché il comunicatore pubblico possa instaurare un rapporto efficace con i giornalisti?,Demandare la comunicazione a uffici esterni con esperienza in marketing,Fornire informazioni strutturate affidabili e tempestive in linguaggio giornalistico,Coordinare le attività con il portavoce del governo centrale,Limitare il flusso informativo per proteggere l'amministrazione da critiche,B,Comunicazione_Istituzionale,false,,,,2026-05-18 14:28:44.157513,false,Produrre solo contenuti destinati ai social e non alla stampa tradizionale
1779114523970-6,Quale tecnica è efficace per rendere un contenuto online più accessibile e leggibile nella comunicazione pubblica?,Utilizzare grassetti elenchi puntati e sottotitoli per organizzare il testo,Scrivere in forma narrativa per coinvolgere emotivamente il lettore,Usare paragrafi lunghi e densi per concentrare le informazioni,Inserire paragrafi senza titoli per lasciare spazio alla libertà interpretativa,A,Comunicazione_Istituzionale,false,,,,2026-05-18 14:28:44.157513,false,Includere solo testo evitando immagini e grafica
1779114523970-7,Cosa si intende per esposizione selettiva nella comunicazione?,La tendenza degli individui a esporsi a contenuti che confermano le proprie opinioni preesistenti,La strategia dei comunicatori pubblici di segmentare il pubblico in base all'età,Il comportamento di chi evita completamente ogni forma di comunicazione digitale,La scelta dei media di diffondere solo contenuti ritenuti rilevanti per il pubblico generale,A,Teoria_Comunicazione,false,,,,2026-05-18 14:28:44.157513,false,Il fenomeno per cui i contenuti più cliccati diventano automaticamente più visibili online
1779114523970-8,Quale affermazione è vera secondo il modello del flusso a due fasi della comunicazione?,I social media hanno eliminato il ruolo dei leader d'opinione tradizionali,L'opinione pubblica si forma esclusivamente attraverso l'esposizione ai mass media,I leader d'opinione mediano e filtrano l'informazione dei media verso gruppi più ampi,I media influenzano direttamente tutti i cittadini in modo uniforme,A,Teoria_Comunicazione,false,,,,2026-05-18 14:28:44.157513,false,Il modello è valido solo per le campagne pubblicitarie non per l'informazione politica
1779114523970-9,Qual è stata la prima testata giornalistica italiana a lanciare un sito web e in che anno?,La Repubblica nel 1997,L'Unità nel 1996,Il Corriere della Sera nel 1991,L'Unione Sarda nel 1994,D,Comunicazione_Istituzionale,false,,,,2026-05-18 14:28:44.157513,false,Il Sole 24 Ore nel 1995
1779114523971-15,Cosa si intende per impression nel contesto della comunicazione digitale?,Il numero di utenti unici che hanno visualizzato un contenuto o un annuncio,La percentuale di persone che hanno cliccato su un link dopo aver visualizzato un annuncio,Il numero totale di volte in cui un contenuto o un annuncio è stato mostrato agli utenti anche se più volte alla stessa persona,La metrica che misura il coinvolgimento emotivo del pubblico con un messaggio,C,Comunicazione_Istituzionale,false,,,,2026-05-18 14:28:44.157513,false,Il numero di condivisioni organiche generate da un post sui social media
1779114523971-16,Dal punto di vista della strategia di marketing e comunicazione digitale perché l'attività di community management sui social media è considerata di fondamentale importanza?,È essenziale per spingere messaggi positivi al fine di massimizzare le conversioni immediate,Per automatizzare la pubblicazione di contenuti e monitorare le metriche come il numero di follower,Consente di stabilire e coltivare relazioni autentiche con il pubblico raccogliere feedback gestire la reputazione,Serve a identificare e bloccare gli utenti che pubblicano contenuti negativi o critiche severe verso il brand,C,Comunicazione_Istituzionale,false,,,,2026-05-18 14:28:44.157513,false,Il suo scopo si limita alla gestione delle campagne pubblicitarie a pagamento e all'ottimizzazione del loro budget
1779114523971-17,Quale tra i seguenti elementi è fondamentale per comprendere il successo di un meme nella cultura digitale contemporanea?,La sua registrazione legale come proprietà intellettuale,L'approvazione da parte di influencer o creator certificati,Il legame tra contenuto forma relazioni sociali e ideologia veicolata,La qualità grafica professionale del contenuto,C,Teoria_Comunicazione,false,,,,2026-05-18 14:28:44.157513,false,La capacità di essere decifrato esclusivamente dagli addetti ai lavori
1779114523971-18,Quale tra le seguenti definizioni descrive correttamente un lead nel giornalismo?,È una nota di redazione sull'origine della fonte,È un breve riassunto iniziale con i dati essenziali della notizia,È un paragrafo finale che riassume i punti principali dell'articolo,È una sezione grafica che accompagna l'articolo e lo visualizza,B,Comunicazione_Istituzionale,false,,,,2026-05-18 14:28:44.157513,false,È una citazione diretta inserita per attirare l'attenzione del lettore
1779114523971-19,Quale tra le seguenti affermazioni descrive meglio l'effetto dei bias cognitivi nella comunicazione politica digitale?,I bias eliminano i conflitti ideologici e favoriscono il dialogo costruttivo,I bias non hanno impatto sul comportamento politico online,I bias possono rafforzare l'attaccamento emotivo e ostacolare il cambiamento di opinione,I bias aumentano la consapevolezza dei cittadini e la qualità del confronto,C,Teoria_Comunicazione,false,,,,2026-05-18 14:28:44.157513,false,I bias rendono più efficace la comunicazione tecnica e neutrale
1779114523971-20,Qual è la funzione principale e strategica del Pixel di Meta per un inserzionista?,Serve a monitorare il tempo di caricamento delle pagine del sito web per migliorarne la performance SEO,Permette di tracciare le visualizzazioni di pagina sul sito web per calcolare la reach totale,È un tool di intelligenza artificiale per generare automaticamente contenuti video brevi per le inserzioni,Consente di creare e gestire direttamente le campagne pubblicitarie a pagamento su Facebook e Instagram definendone il budget e il pubblico,E,Comunicazione_Istituzionale,false,,,,2026-05-18 14:28:44.157513,false,È un pezzo di codice che una volta installato su un sito web raccoglie dati sulle azioni degli utenti per ottimizzare le campagne pubblicitarie misurarne i risultati e creare segmenti di pubblico personalizzati
1779114523971-21,Secondo la classificazione delle macro aree della SEO quale delle seguenti attività rientra specificamente nella SEO Tecnica?,L'analisi delle intenzioni di ricerca degli utenti per selezionare le keyword più pertinenti,L'organizzazione delle gerarchie di contenuti e la struttura dei link interni per migliorare la navigazione dell'utente,L'ottenimento di backlink di qualità da altri siti web autorevoli e la gestione della presenza sui social media,La creazione e gestione della sitemap del sito web e l'ottimizzazione della sua velocità di caricamento,D,Comunicazione_Istituzionale,false,,,,2026-05-18 14:28:44.157513,false,La scrittura di meta description accattivanti e l'ottimizzazione dei contenuti testuali delle pagine
1779114523971-22,Quali di questi strumenti è utile per la ricerca delle keywords?,Trello Asana Click-up,Buzzoole Klear Traack,Google Trends Answer the Public SEMrush,Hootsuite PostPikr Later,C,Comunicazione_Istituzionale,false,,,,2026-05-18 14:28:44.157513,false,Google Facebook Instagram
1779114523971-24,Che cosa si intende con framing in ambito comunicativo?,La diffusione automatizzata di contenuti in ambienti social,L'insieme di scelte narrative e linguistiche che orientano l'interpretazione di un contenuto,La misurazione delle reazioni emotive a un messaggio comunicativo,La selezione di un target da raggiungere con una campagna promozionale,B,Teoria_Comunicazione,false,,,,2026-05-18 14:28:44.157513,false,L'applicazione di regole formali alla scrittura di un discorso pubblico
1779114523971-25,Quale principio guida l'attività dell'URP nella relazione tra amministrazione e cittadini?,Coordinamento tra rappresentanze politiche e stampa,Ascolto attivo e verifica della qualità dei servizi attraverso il gradimento degli utenti,Centralizzazione dell'informazione su base ministeriale,Promozione della carriera dirigenziale interna,B,Comunicazione_Istituzionale,false,,,,2026-05-18 14:28:44.157513,false,Promozione di eventi istituzionali su scala internazionale
1779114523971-26,Per quale scopo viene comunemente utilizzata la sentiment analysis nell'ambito della comunicazione digitale?,Per misurare la velocità di condivisione di una notizia tra le reti sociali,Per tradurre i contenuti in più lingue in tempo reale,Per calcolare il numero totale di visualizzazioni di un contenuto,Per determinare quali post sono stati scritti da intelligenze artificiali,E,Teoria_Comunicazione,false,,,,2026-05-18 14:28:44.157513,false,Per individuare il tono emotivo di contenuti online e valutare la reazione del pubblico
1779114523971-28,Quale tra le seguenti affermazioni distingue correttamente un content creator da un influencer?,Il content creator produce contenuti originali mentre l'influencer si limita a condividerli,Il content creator punta alla generazione di contenuti mentre l'influencer alla costruzione di visibilità e fiducia personale,L'influencer non usa i social media mentre il content creator sì,L'influencer lavora sempre per i media tradizionali mentre il creator opera solo sui social,B,Comunicazione_Istituzionale,false,,,,2026-05-18 14:28:44.157513,false,Il creator è una figura secondaria che supporta il lavoro dell'influencer
1779114523971-29,Quale delle seguenti attività rientra tra gli obblighi formativi degli iscritti all'Ordine dei Giornalisti secondo la normativa attuale?,Presentazione di un bilancio etico al Consiglio regionale di competenza,Partecipazione a corsi di aggiornamento professionale accreditati,Pubblicazione annuale su una testata registrata,Compilazione mensile di una dichiarazione di attività giornalistica,B,Comunicazione_Istituzionale,false,,,,2026-05-18 14:28:44.157513,false,Sottoscrizione di un contratto editoriale con una casa editrice nazionale
1779114523971-30,Cosa si può dedurre in termini generali sull'evoluzione dell'interazione digitale tra cittadini e PA secondo i dati ISTAT 2024?,I servizi digitali sono utilizzati solo in ambito sanitario e previdenziale,Tutti i cittadini italiani usano ormai esclusivamente canali digitali per dialogare con la PA,L'adozione dei servizi online appare consolidata per funzioni semplici mentre le pratiche più complesse restano meno diffuse,La comunicazione istituzionale online è riservata ai soli enti centrali,C,Comunicazione_Istituzionale,false,,,,2026-05-18 14:28:44.157513,false,L'uso del digitale nella PA è in calo rispetto ai servizi di sportello