user_id,question_id,study_seen,study_result,updated_at
4e48f266-e823-45bf-8bfa-c86fecc36f44,1778786034500-1,true,correct,2026-06-28 17:15:34.828+00
4e48f266-e823-45bf-8bfa-c86fecc36f44,1778786034500-10,true,correct,2026-07-09 06:39:50.721+00
4e48f266-e823-45bf-8bfa-c86fecc36f44,1778786034500-2,true,correct,2026-06-28 17:03:23.841+00
4e48f266-e823-45bf-8bfa-c86fecc36f44,1778786034500-4,true,wrong,2026-07-08 08:43:35.986+00
4e48f266-e823-45bf-8bfa-c86fecc36f44,1778786034500-5,true,correct,2026-07-11 12:06:27.18+00
4e48f266-e823-45bf-8bfa-c86fecc36f44,1778786034500-6,true,correct,2026-07-11 07:31:21.721+00
4e48f266-e823-45bf-8bfa-c86fecc36f44,1778786034500-7,true,correct,2026-07-14 09:17:28.165+00
4e48f266-e823-45bf-8bfa-c86fecc36f44,1778786034500-8,true,correct,2026-07-14 09:21:45.215+00
4e48f266-e823-45bf-8bfa-c86fecc36f44,1778786034500-9,true,correct,2026-07-14 09:26:42.421+00
4e48f266-e823-45bf-8bfa-c86fecc36f44,1778786095045-3,true,correct,2026-07-01 08:27:25.507+00
4e48f266-e823-45bf-8bfa-c86fecc36f44,1778789460875-1,true,correct,2026-05-21 08:41:49.755+00
4e48f266-e823-45bf-8bfa-c86fecc36f44,1778789460875-10,true,correct,2026-06-27 16:14:16.199+00
4e48f266-e823-45bf-8bfa-c86fecc36f44,1778789460875-12,true,wrong,2026-07-14 16:00:32.824+00
4e48f266-e823-45bf-8bfa-c86fecc36f44,1778789460875-13,true,wrong,2026-07-14 15:58:40.12+00
4e48f266-e823-45bf-8bfa-c86fecc36f44,1778789460875-14,true,correct,2026-07-14 15:53:21.723+00
4e48f266-e823-45bf-8bfa-c86fecc36f44,1778789460875-15,true,correct,2026-07-11 07:29:49.476+00
4e48f266-e823-45bf-8bfa-c86fecc36f44,1778789460875-16,true,correct,2026-07-11 07:30:45.518+00
4e48f266-e823-45bf-8bfa-c86fecc36f44,1778789460875-18,true,correct,2026-07-14 09:32:53.997+00
4e48f266-e823-45bf-8bfa-c86fecc36f44,1778789460875-19,true,correct,2026-07-14 09:23:32.322+00
4e48f266-e823-45bf-8bfa-c86fecc36f44,1778789460875-2,true,correct,2026-07-01 08:29:17.847+00
4e48f266-e823-45bf-8bfa-c86fecc36f44,1778789460875-20,true,correct,2026-07-09 12:48:08.374+00
4e48f266-e823-45bf-8bfa-c86fecc36f44,1778789460875-21,true,correct,2026-07-08 08:51:58.256+00
4e48f266-e823-45bf-8bfa-c86fecc36f44,1778789460875-22,true,correct,2026-07-08 08:50:43.163+00
4e48f266-e823-45bf-8bfa-c86fecc36f44,1778789460875-23,true,correct,2026-07-10 07:28:53.687+00
4e48f266-e823-45bf-8bfa-c86fecc36f44,1778789460875-24,true,correct,2026-07-10 07:14:50.444+00
4e48f266-e823-45bf-8bfa-c86fecc36f44,1778789460875-25,true,correct,2026-07-10 07:09:03.877+00
4e48f266-e823-45bf-8bfa-c86fecc36f44,1778789460875-26,true,correct,2026-07-09 06:46:45.335+00
4e48f266-e823-45bf-8bfa-c86fecc36f44,1778789460875-27,true,correct,2026-07-10 08:01:48.983+00
4e48f266-e823-45bf-8bfa-c86fecc36f44,1778789460875-28,true,correct,2026-07-14 09:28:04.279+00
4e48f266-e823-45bf-8bfa-c86fecc36f44,1778789460875-29,true,correct,2026-07-14 15:41:01.254+00
4e48f266-e823-45bf-8bfa-c86fecc36f44,1778789460875-3,true,correct,2026-07-01 08:37:25.127+00
4e48f266-e823-45bf-8bfa-c86fecc36f44,1778789460875-30,true,correct,2026-07-14 15:59:37.938+00
4e48f266-e823-45bf-8bfa-c86fecc36f44,1778789460875-31,true,correct,2026-07-14 16:01:26.575+00
4e48f266-e823-45bf-8bfa-c86fecc36f44,1778789460875-32,true,correct,2026-07-14 15:38:26.727+00
4e48f266-e823-45bf-8bfa-c86fecc36f44,1778789460875-33,true,correct,2026-07-14 15:50:30.49+00
4e48f266-e823-45bf-8bfa-c86fecc36f44,1778789460875-34,true,correct,2026-06-28 17:10:55.075+00
4e48f266-e823-45bf-8bfa-c86fecc36f44,1778789460875-36,true,correct,2026-07-14 09:23:28.213+00
4e48f266-e823-45bf-8bfa-c86fecc36f44,1778789460875-9,true,correct,2026-06-29 08:54:44.646+00
4e48f266-e823-45bf-8bfa-c86fecc36f44,1778789460876-37,true,correct,2026-07-14 15:48:50.799+00
4e48f266-e823-45bf-8bfa-c86fecc36f44,1778789460876-38,true,correct,2026-06-29 08:27:08.997+00
4e48f266-e823-45bf-8bfa-c86fecc36f44,1778789460876-39,true,correct,2026-06-29 08:44:26.927+00
4e48f266-e823-45bf-8bfa-c86fecc36f44,1778789460876-40,true,correct,2026-07-11 07:29:40.344+00
4e48f266-e823-45bf-8bfa-c86fecc36f44,1778789460876-41,true,correct,2026-07-11 07:34:13.391+00
4e48f266-e823-45bf-8bfa-c86fecc36f44,1778789460876-42,true,correct,2026-07-14 16:00:53.23+00
4e48f266-e823-45bf-8bfa-c86fecc36f44,1778789460876-43,true,correct,2026-07-14 15:55:10.229+00
4e48f266-e823-45bf-8bfa-c86fecc36f44,1778789460876-48,true,correct,2026-07-14 15:51:07.121+00
4e48f266-e823-45bf-8bfa-c86fecc36f44,1778789460876-49,true,correct,2026-07-14 16:01:35.139+00
4e48f266-e823-45bf-8bfa-c86fecc36f44,1778789460876-50,true,correct,2026-07-14 15:38:51.719+00
4e48f266-e823-45bf-8bfa-c86fecc36f44,1778789460876-51,true,correct,2026-07-01 08:36:26.768+00
4e48f266-e823-45bf-8bfa-c86fecc36f44,1778789460876-52,true,correct,2026-07-08 08:52:20.666+00
4e48f266-e823-45bf-8bfa-c86fecc36f44,1778789460876-53,true,correct,2026-07-10 07:51:00.148+00
4e48f266-e823-45bf-8bfa-c86fecc36f44,1778790466083-11,true,correct,2026-06-29 08:33:35.871+00
4e48f266-e823-45bf-8bfa-c86fecc36f44,1778790466083-12,true,correct,2026-07-14 15:52:49.948+00
4e48f266-e823-45bf-8bfa-c86fecc36f44,1778790466083-13,true,correct,2026-07-14 15:52:58.963+00
4e48f266-e823-45bf-8bfa-c86fecc36f44,1778790466083-14,true,correct,2026-07-14 15:50:05.203+00
4e48f266-e823-45bf-8bfa-c86fecc36f44,1778790466083-20,true,correct,2026-07-08 13:05:17.636+00
4e48f266-e823-45bf-8bfa-c86fecc36f44,1778790466083-21,true,wrong,2026-07-09 16:22:33.533+00
4e48f266-e823-45bf-8bfa-c86fecc36f44,1778790466083-22,true,wrong,2026-07-08 08:32:00.216+00
4e48f266-e823-45bf-8bfa-c86fecc36f44,1778790466083-23,true,correct,2026-07-08 13:02:58.797+00
4e48f266-e823-45bf-8bfa-c86fecc36f44,1778790466083-24,true,correct,2026-07-10 07:56:40.097+00
4e48f266-e823-45bf-8bfa-c86fecc36f44,1778790466083-25,true,correct,2026-07-10 06:53:26.839+00
4e48f266-e823-45bf-8bfa-c86fecc36f44,1778790466083-26,true,correct,2026-07-08 16:33:16.462+00
4e48f266-e823-45bf-8bfa-c86fecc36f44,1778790466083-27,true,correct,2026-07-09 12:33:31.563+00
4e48f266-e823-45bf-8bfa-c86fecc36f44,1778790466083-28,true,correct,2026-07-14 15:39:45.473+00
4e48f266-e823-45bf-8bfa-c86fecc36f44,1778790466083-29,true,correct,2026-07-14 09:05:15.304+00
4e48f266-e823-45bf-8bfa-c86fecc36f44,1778790466083-3,true,correct,2026-07-01 08:41:34.923+00
4e48f266-e823-45bf-8bfa-c86fecc36f44,1778790466083-9,true,correct,2026-06-27 16:11:58.857+00
4e48f266-e823-45bf-8bfa-c86fecc36f44,1778790466084-30,true,correct,2026-07-14 15:38:58.468+00
4e48f266-e823-45bf-8bfa-c86fecc36f44,1778790466084-31,true,correct,2026-07-14 15:46:48.434+00
4e48f266-e823-45bf-8bfa-c86fecc36f44,1778790466084-32,true,correct,2026-07-14 15:34:05.814+00
4e48f266-e823-45bf-8bfa-c86fecc36f44,1778790466084-33,true,correct,2026-07-14 15:30:51.426+00
4e48f266-e823-45bf-8bfa-c86fecc36f44,1778790466084-40,true,correct,2026-07-11 07:53:57.337+00
4e48f266-e823-45bf-8bfa-c86fecc36f44,1778790466084-41,true,correct,2026-07-11 06:34:28.719+00
4e48f266-e823-45bf-8bfa-c86fecc36f44,1778790466084-42,true,correct,2026-07-14 15:57:12.908+00
4e48f266-e823-45bf-8bfa-c86fecc36f44,1778790466084-48,true,correct,2026-07-14 09:23:55.872+00
4e48f266-e823-45bf-8bfa-c86fecc36f44,1778790466084-49,true,correct,2026-07-14 15:50:56.283+00
4e48f266-e823-45bf-8bfa-c86fecc36f44,1778790466084-50,true,correct,2026-07-14 15:52:31.783+00
4e48f266-e823-45bf-8bfa-c86fecc36f44,1778790466084-51,true,correct,2026-07-01 08:36:45.728+00
4e48f266-e823-45bf-8bfa-c86fecc36f44,1778790466084-52,true,correct,2026-07-09 07:30:00.105+00
4e48f266-e823-45bf-8bfa-c86fecc36f44,1778790778767-1,true,correct,2026-05-21 19:28:57.717+00
4e48f266-e823-45bf-8bfa-c86fecc36f44,1778790778767-10,true,correct,2026-06-29 09:11:49.459+00
4e48f266-e823-45bf-8bfa-c86fecc36f44,1778790778767-11,true,correct,2026-06-29 09:10:26.995+00
4e48f266-e823-45bf-8bfa-c86fecc36f44,1778790778767-12,true,correct,2026-07-14 15:31:48.299+00
4e48f266-e823-45bf-8bfa-c86fecc36f44,1778790778767-13,true,correct,2026-07-14 15:58:11.905+00
4e48f266-e823-45bf-8bfa-c86fecc36f44,1778790778767-14,true,correct,2026-07-14 15:40:09.307+00
4e48f266-e823-45bf-8bfa-c86fecc36f44,1778790778767-15,true,correct,2026-07-11 07:38:30.16+00
4e48f266-e823-45bf-8bfa-c86fecc36f44,1778790778767-16,true,correct,2026-07-11 07:29:25.179+00
4e48f266-e823-45bf-8bfa-c86fecc36f44,1778790778767-19,true,correct,2026-07-14 09:28:38.748+00
4e48f266-e823-45bf-8bfa-c86fecc36f44,1778790778767-2,true,correct,2026-07-01 08:27:50.386+00
4e48f266-e823-45bf-8bfa-c86fecc36f44,1778790778767-20,true,correct,2026-07-08 13:36:21.541+00
4e48f266-e823-45bf-8bfa-c86fecc36f44,1778790778767-21,true,correct,2026-07-08 16:18:55.29+00
4e48f266-e823-45bf-8bfa-c86fecc36f44,1778790778767-22,true,correct,2026-07-14 15:36:57.731+00
4e48f266-e823-45bf-8bfa-c86fecc36f44,1778790778767-23,true,correct,2026-07-14 15:59:44.899+00
4e48f266-e823-45bf-8bfa-c86fecc36f44,1778790778767-24,true,correct,2026-07-14 15:30:36.125+00
4e48f266-e823-45bf-8bfa-c86fecc36f44,1778790778767-26,true,correct,2026-07-14 09:28:15.543+00
4e48f266-e823-45bf-8bfa-c86fecc36f44,1778790778767-27,true,wrong,2026-07-14 15:59:05.253+00
4e48f266-e823-45bf-8bfa-c86fecc36f44,1778790778767-3,true,correct,2026-06-28 17:11:39.933+00
4e48f266-e823-45bf-8bfa-c86fecc36f44,1778791002997-22,true,correct,2026-07-10 06:53:09.153+00
4e48f266-e823-45bf-8bfa-c86fecc36f44,1778791002997-23,true,wrong,2026-07-08 16:26:12.69+00
4e48f266-e823-45bf-8bfa-c86fecc36f44,1778791002997-24,true,correct,2026-07-09 12:25:02.573+00
4e48f266-e823-45bf-8bfa-c86fecc36f44,1778791002997-25,true,wrong,2026-07-09 07:29:54.497+00
4e48f266-e823-45bf-8bfa-c86fecc36f44,1778791002997-26,true,correct,2026-07-08 08:33:42.878+00
4e48f266-e823-45bf-8bfa-c86fecc36f44,1778791002997-27,true,correct,2026-07-09 12:36:54.587+00
4e48f266-e823-45bf-8bfa-c86fecc36f44,1778791002997-28,true,correct,2026-07-14 15:38:18.162+00
4e48f266-e823-45bf-8bfa-c86fecc36f44,1778791002998-42,true,correct,2026-07-14 15:45:05.345+00
4e48f266-e823-45bf-8bfa-c86fecc36f44,1778792120837-27,true,wrong,2026-07-08 12:50:17.731+00
4e48f266-e823-45bf-8bfa-c86fecc36f44,1778792120837-31,true,wrong,2026-07-08 16:12:49.429+00
4e48f266-e823-45bf-8bfa-c86fecc36f44,1778792120837-32,true,wrong,2026-07-08 08:42:37.103+00
4e48f266-e823-45bf-8bfa-c86fecc36f44,1778835788401-14,true,correct,2026-06-27 16:10:06.018+00
4e48f266-e823-45bf-8bfa-c86fecc36f44,1778835788402-19,true,correct,2026-06-29 08:48:21.62+00
4e48f266-e823-45bf-8bfa-c86fecc36f44,1778835788402-20,true,correct,2026-06-29 09:15:35.792+00
4e48f266-e823-45bf-8bfa-c86fecc36f44,1778835788402-22,true,wrong,2026-07-07 08:56:58.495+00
4e48f266-e823-45bf-8bfa-c86fecc36f44,1778835788402-26,true,correct,2026-07-08 12:50:29.138+00
4e48f266-e823-45bf-8bfa-c86fecc36f44,1778835788402-27,true,correct,2026-07-08 16:13:28.373+00
4e48f266-e823-45bf-8bfa-c86fecc36f44,1778835788402-28,true,correct,2026-07-09 12:30:34.919+00
4e48f266-e823-45bf-8bfa-c86fecc36f44,1778835788402-29,true,correct,2026-07-10 07:32:10.962+00
4e48f266-e823-45bf-8bfa-c86fecc36f44,1778835788402-30,true,correct,2026-07-10 07:57:18.887+00
4e48f266-e823-45bf-8bfa-c86fecc36f44,1778835788402-31,true,correct,2026-07-09 07:23:30.593+00
4e48f266-e823-45bf-8bfa-c86fecc36f44,1778835788402-32,true,correct,2026-07-08 12:56:21.406+00
4e48f266-e823-45bf-8bfa-c86fecc36f44,1778835788402-33,true,wrong,2026-07-08 13:45:50.743+00
4e48f266-e823-45bf-8bfa-c86fecc36f44,1778835788402-40,true,correct,2026-07-08 08:45:24.9+00
4e48f266-e823-45bf-8bfa-c86fecc36f44,1778836081857-13,true,wrong,2026-07-12 06:40:16.039+00
4e48f266-e823-45bf-8bfa-c86fecc36f44,1778836081857-14,true,correct,2026-06-27 16:03:27.689+00
4e48f266-e823-45bf-8bfa-c86fecc36f44,1778836081857-20,true,correct,2026-06-29 08:57:05.309+00
4e48f266-e823-45bf-8bfa-c86fecc36f44,1778836081857-21,true,correct,2026-06-29 09:33:42.429+00
4e48f266-e823-45bf-8bfa-c86fecc36f44,1778836081857-26,true,correct,2026-07-09 12:25:18.165+00
4e48f266-e823-45bf-8bfa-c86fecc36f44,1778836081857-27,true,correct,2026-07-08 08:52:34.375+00
4e48f266-e823-45bf-8bfa-c86fecc36f44,1778836081857-28,true,correct,2026-07-08 16:13:45.367+00
4e48f266-e823-45bf-8bfa-c86fecc36f44,1778836081857-29,true,correct,2026-07-09 12:39:09.839+00
4e48f266-e823-45bf-8bfa-c86fecc36f44,1778836081857-30,true,correct,2026-07-09 13:41:29.434+00
4e48f266-e823-45bf-8bfa-c86fecc36f44,1778836081857-31,true,correct,2026-07-08 12:47:22.371+00
4e48f266-e823-45bf-8bfa-c86fecc36f44,1778836081857-32,true,correct,2026-07-09 07:27:51.38+00
4e48f266-e823-45bf-8bfa-c86fecc36f44,1778836081857-33,true,correct,2026-07-08 16:11:13.967+00
4e48f266-e823-45bf-8bfa-c86fecc36f44,1778836081857-39,true,wrong,2026-07-07 08:51:21.511+00
4e48f266-e823-45bf-8bfa-c86fecc36f44,1778836917210-12,true,correct,2026-05-21 19:31:38.945+00
4e48f266-e823-45bf-8bfa-c86fecc36f44,1778836917210-13,true,correct,2026-07-02 08:53:53.391+00
4e48f266-e823-45bf-8bfa-c86fecc36f44,1778836917210-14,true,correct,2026-06-28 17:03:31.769+00
4e48f266-e823-45bf-8bfa-c86fecc36f44,1778836917210-15,true,correct,2026-07-02 08:55:07.078+00
4e48f266-e823-45bf-8bfa-c86fecc36f44,1778836917211-20,true,correct,2026-06-29 09:09:57.353+00
4e48f266-e823-45bf-8bfa-c86fecc36f44,1778836917211-22,true,correct,2026-07-07 08:52:52.284+00
4e48f266-e823-45bf-8bfa-c86fecc36f44,1778836917211-26,true,correct,2026-07-10 07:06:30.739+00
4e48f266-e823-45bf-8bfa-c86fecc36f44,1778836917211-27,true,correct,2026-07-08 16:31:29.49+00
4e48f266-e823-45bf-8bfa-c86fecc36f44,1778836917211-28,true,correct,2026-07-09 13:41:19.853+00
4e48f266-e823-45bf-8bfa-c86fecc36f44,1778836917211-29,true,correct,2026-07-09 06:42:06.752+00
4e48f266-e823-45bf-8bfa-c86fecc36f44,1778836917211-30,true,correct,2026-07-08 16:23:13.333+00
4e48f266-e823-45bf-8bfa-c86fecc36f44,1778836917211-31,true,correct,2026-07-09 07:28:05.04+00
4e48f266-e823-45bf-8bfa-c86fecc36f44,1778836917211-32,true,correct,2026-07-08 08:42:31.961+00
4e48f266-e823-45bf-8bfa-c86fecc36f44,1778836917211-33,true,correct,2026-07-09 16:18:11.276+00
4e48f266-e823-45bf-8bfa-c86fecc36f44,1778836982354-1,true,correct,2026-05-21 19:33:56.558+00
4e48f266-e823-45bf-8bfa-c86fecc36f44,1778836982354-3,true,correct,2026-06-27 16:10:41.366+00
4e48f266-e823-45bf-8bfa-c86fecc36f44,1778836982354-4,true,correct,2026-07-13 06:28:23.802+00
4e48f266-e823-45bf-8bfa-c86fecc36f44,1778836982354-5,true,correct,2026-05-20 21:05:12.523+00
4e48f266-e823-45bf-8bfa-c86fecc36f44,1778836982355-14,true,correct,2026-06-29 08:56:00.438+00
4e48f266-e823-45bf-8bfa-c86fecc36f44,1778836982355-17,true,correct,2026-07-12 06:37:17.791+00
4e48f266-e823-45bf-8bfa-c86fecc36f44,1778836982355-18,true,wrong,2026-07-12 09:48:42.772+00
4e48f266-e823-45bf-8bfa-c86fecc36f44,1778836982355-19,true,correct,2026-06-29 08:53:14.283+00
4e48f266-e823-45bf-8bfa-c86fecc36f44,1778836982355-21,true,correct,2026-07-07 08:46:54.38+00
4e48f266-e823-45bf-8bfa-c86fecc36f44,1778836982355-23,true,correct,2026-07-07 08:53:46.906+00
4e48f266-e823-45bf-8bfa-c86fecc36f44,1778836982355-26,true,correct,2026-07-09 12:55:23.563+00
4e48f266-e823-45bf-8bfa-c86fecc36f44,1778836982355-27,true,correct,2026-07-09 12:55:15.816+00
4e48f266-e823-45bf-8bfa-c86fecc36f44,1778836982355-28,true,correct,2026-07-09 12:30:51.111+00
4e48f266-e823-45bf-8bfa-c86fecc36f44,1778836982355-29,true,correct,2026-07-09 16:24:35.267+00
4e48f266-e823-45bf-8bfa-c86fecc36f44,1778836982355-30,true,correct,2026-07-08 16:20:14.741+00
4e48f266-e823-45bf-8bfa-c86fecc36f44,1778836982355-31,true,correct,2026-07-09 16:20:46.109+00
4e48f266-e823-45bf-8bfa-c86fecc36f44,1778836982355-32,true,correct,2026-07-08 08:33:34.79+00
4e48f266-e823-45bf-8bfa-c86fecc36f44,1778836982355-33,true,correct,2026-07-08 16:15:25.079+00
4e48f266-e823-45bf-8bfa-c86fecc36f44,1778836982355-34,true,correct,2026-07-13 06:26:59.716+00
4e48f266-e823-45bf-8bfa-c86fecc36f44,1778836982355-37,true,correct,2026-06-29 09:31:42.335+00
4e48f266-e823-45bf-8bfa-c86fecc36f44,1778836982355-40,true,correct,2026-07-10 07:47:35.289+00
4e48f266-e823-45bf-8bfa-c86fecc36f44,1778837350935-1,true,correct,2026-07-13 06:27:27.31+00
4e48f266-e823-45bf-8bfa-c86fecc36f44,1778837350935-3,true,correct,2026-07-13 06:29:19.751+00
4e48f266-e823-45bf-8bfa-c86fecc36f44,1778837350935-5,true,correct,2026-06-28 17:14:50.051+00
4e48f266-e823-45bf-8bfa-c86fecc36f44,1778837350936-18,true,correct,2026-06-29 08:44:42.17+00
4e48f266-e823-45bf-8bfa-c86fecc36f44,1778837350936-19,true,wrong,2026-07-12 06:36:43.55+00
4e48f266-e823-45bf-8bfa-c86fecc36f44,1778837350936-21,true,correct,2026-07-07 08:47:14.466+00
4e48f266-e823-45bf-8bfa-c86fecc36f44,1778837350936-22,true,correct,2026-07-12 06:31:59.646+00
4e48f266-e823-45bf-8bfa-c86fecc36f44,1778837350936-23,true,correct,2026-07-07 08:48:11.983+00
4e48f266-e823-45bf-8bfa-c86fecc36f44,1778837350936-24,true,correct,2026-07-07 08:45:53.15+00
4e48f266-e823-45bf-8bfa-c86fecc36f44,1778837350936-26,true,wrong,2026-07-10 07:13:08.031+00
4e48f266-e823-45bf-8bfa-c86fecc36f44,1778837350936-27,true,correct,2026-07-10 09:19:38.221+00
4e48f266-e823-45bf-8bfa-c86fecc36f44,1778837350936-28,true,correct,2026-07-09 16:20:29.075+00
4e48f266-e823-45bf-8bfa-c86fecc36f44,1778837350936-29,true,correct,2026-07-09 13:46:45.368+00
4e48f266-e823-45bf-8bfa-c86fecc36f44,1778837350936-30,true,correct,2026-07-09 13:41:38.756+00
4e48f266-e823-45bf-8bfa-c86fecc36f44,1778837350936-31,true,correct,2026-07-10 07:25:31.421+00
4e48f266-e823-45bf-8bfa-c86fecc36f44,1778837350936-32,true,correct,2026-07-08 13:03:43.918+00
4e48f266-e823-45bf-8bfa-c86fecc36f44,1778837350936-33,true,correct,2026-07-10 07:45:11.152+00
4e48f266-e823-45bf-8bfa-c86fecc36f44,1778837350936-34,true,correct,2026-07-13 06:27:03.497+00
4e48f266-e823-45bf-8bfa-c86fecc36f44,1778837350936-37,true,correct,2026-06-29 08:52:55.398+00
4e48f266-e823-45bf-8bfa-c86fecc36f44,1778837350936-38,true,correct,2026-07-12 06:36:23.082+00
4e48f266-e823-45bf-8bfa-c86fecc36f44,1778838531792-14,true,correct,2026-07-01 08:43:42.291+00
4e48f266-e823-45bf-8bfa-c86fecc36f44,1778838531792-15,true,correct,2026-05-21 19:34:49.03+00
4e48f266-e823-45bf-8bfa-c86fecc36f44,1778838531792-17,true,correct,2026-06-29 09:12:00.485+00
4e48f266-e823-45bf-8bfa-c86fecc36f44,1778838531792-19,true,correct,2026-06-29 09:03:35.021+00
4e48f266-e823-45bf-8bfa-c86fecc36f44,1778838531792-26,true,correct,2026-07-08 13:45:58.464+00
4e48f266-e823-45bf-8bfa-c86fecc36f44,1778838531792-27,true,correct,2026-07-08 13:01:52.872+00
4e48f266-e823-45bf-8bfa-c86fecc36f44,1778838531792-28,true,correct,2026-07-10 08:04:23.323+00
4e48f266-e823-45bf-8bfa-c86fecc36f44,1778838531792-29,true,correct,2026-07-08 16:18:48.666+00
4e48f266-e823-45bf-8bfa-c86fecc36f44,1778838531792-30,true,correct,2026-07-10 06:51:05.552+00
4e48f266-e823-45bf-8bfa-c86fecc36f44,1778838531792-31,true,correct,2026-07-10 07:45:18.54+00
4e48f266-e823-45bf-8bfa-c86fecc36f44,1778838531792-32,true,correct,2026-07-10 07:32:25.542+00
4e48f266-e823-45bf-8bfa-c86fecc36f44,1778838531792-33,true,correct,2026-07-10 07:12:40.605+00
4e48f266-e823-45bf-8bfa-c86fecc36f44,1778838531792-5,true,correct,2026-07-13 06:21:21.878+00
4e48f266-e823-45bf-8bfa-c86fecc36f44,1778838531792-9,true,correct,2026-07-07 08:54:02.115+00
4e48f266-e823-45bf-8bfa-c86fecc36f44,1778839295002-1,true,wrong,2026-07-13 14:25:06.451+00
4e48f266-e823-45bf-8bfa-c86fecc36f44,1778839295002-17,true,correct,2026-06-29 08:46:51.176+00
4e48f266-e823-45bf-8bfa-c86fecc36f44,1778839295002-19,true,correct,2026-06-29 08:55:49.055+00
4e48f266-e823-45bf-8bfa-c86fecc36f44,1778839295002-20,true,correct,2026-06-29 09:31:28.183+00
4e48f266-e823-45bf-8bfa-c86fecc36f44,1778839295002-21,true,correct,2026-07-07 08:47:58.446+00
4e48f266-e823-45bf-8bfa-c86fecc36f44,1778839295002-23,true,wrong,2026-07-07 08:56:28.478+00
4e48f266-e823-45bf-8bfa-c86fecc36f44,1778839295002-26,true,correct,2026-07-08 08:34:19.349+00
4e48f266-e823-45bf-8bfa-c86fecc36f44,1778839295002-27,true,correct,2026-07-09 06:47:29.1+00
4e48f266-e823-45bf-8bfa-c86fecc36f44,1778839295002-28,true,correct,2026-07-10 07:06:04.076+00
4e48f266-e823-45bf-8bfa-c86fecc36f44,1778839295002-29,true,correct,2026-07-08 12:48:35.796+00
4e48f266-e823-45bf-8bfa-c86fecc36f44,1778839295002-30,true,correct,2026-07-10 07:25:36.806+00
4e48f266-e823-45bf-8bfa-c86fecc36f44,1778839295002-31,true,correct,2026-07-09 07:36:00.499+00
4e48f266-e823-45bf-8bfa-c86fecc36f44,1778839295002-32,true,correct,2026-07-08 16:31:35.879+00
4e48f266-e823-45bf-8bfa-c86fecc36f44,1778839295002-33,true,correct,2026-07-10 07:56:31.767+00
4e48f266-e823-45bf-8bfa-c86fecc36f44,1778839295002-39,true,wrong,2026-05-21 19:33:39.652+00
4e48f266-e823-45bf-8bfa-c86fecc36f44,1778839295002-5,true,correct,2026-06-27 16:08:24.587+00
4e48f266-e823-45bf-8bfa-c86fecc36f44,1778839295003-40,true,correct,2026-07-13 06:24:49.284+00
4e48f266-e823-45bf-8bfa-c86fecc36f44,1778839295003-41,true,correct,2026-07-13 06:29:31.509+00
4e48f266-e823-45bf-8bfa-c86fecc36f44,1778839295003-42,true,correct,2026-07-13 06:30:07.076+00
4e48f266-e823-45bf-8bfa-c86fecc36f44,1778839295003-43,true,correct,2026-07-13 06:27:38.057+00
4e48f266-e823-45bf-8bfa-c86fecc36f44,1778839295003-44,true,correct,2026-07-13 06:25:03.46+00
4e48f266-e823-45bf-8bfa-c86fecc36f44,1778839295003-45,true,correct,2026-06-29 08:55:30.102+00
4e48f266-e823-45bf-8bfa-c86fecc36f44,1778839295003-46,true,correct,2026-06-29 08:56:47.792+00
4e48f266-e823-45bf-8bfa-c86fecc36f44,1778839295003-47,true,correct,2026-06-29 08:59:35.339+00
4e48f266-e823-45bf-8bfa-c86fecc36f44,1778839295003-48,true,correct,2026-06-29 08:47:45.24+00
4e48f266-e823-45bf-8bfa-c86fecc36f44,1778839295003-49,true,correct,2026-06-29 09:31:15.134+00
4e48f266-e823-45bf-8bfa-c86fecc36f44,1778839295003-52,true,wrong,2026-07-07 08:55:44.566+00
4e48f266-e823-45bf-8bfa-c86fecc36f44,1778839295003-54,true,correct,2026-05-20 20:56:49.478+00
4e48f266-e823-45bf-8bfa-c86fecc36f44,1778839295003-57,true,wrong,2026-07-07 08:56:32.319+00
4e48f266-e823-45bf-8bfa-c86fecc36f44,1778839295003-61,true,correct,2026-06-29 08:43:36.109+00
4e48f266-e823-45bf-8bfa-c86fecc36f44,1778839295003-62,true,correct,2026-06-29 09:30:10.586+00
4e48f266-e823-45bf-8bfa-c86fecc36f44,1778839295003-70,true,correct,2026-07-09 06:42:22.389+00
4e48f266-e823-45bf-8bfa-c86fecc36f44,1778839295003-71,true,correct,2026-07-09 12:39:01.508+00
4e48f266-e823-45bf-8bfa-c86fecc36f44,1778839295003-72,true,wrong,2026-07-08 16:26:57.388+00
4e48f266-e823-45bf-8bfa-c86fecc36f44,1778839295003-73,true,correct,2026-07-10 07:50:20.464+00
4e48f266-e823-45bf-8bfa-c86fecc36f44,1778839295003-74,true,correct,2026-07-09 12:44:04.662+00
4e48f266-e823-45bf-8bfa-c86fecc36f44,1778839295003-75,true,wrong,2026-07-08 08:45:11.977+00
4e48f266-e823-45bf-8bfa-c86fecc36f44,1778839295003-76,true,wrong,2026-07-09 12:56:46.207+00
4e48f266-e823-45bf-8bfa-c86fecc36f44,1778839295003-77,true,correct,2026-07-09 07:26:37.827+00
4e48f266-e823-45bf-8bfa-c86fecc36f44,1778847294888-1,true,correct,2026-06-27 16:05:19.173+00
4e48f266-e823-45bf-8bfa-c86fecc36f44,1778847294888-2,true,correct,2026-06-27 16:03:41.603+00
4e48f266-e823-45bf-8bfa-c86fecc36f44,1778847294888-3,true,correct,2026-06-29 08:47:52.642+00
4e48f266-e823-45bf-8bfa-c86fecc36f44,1778847294888-4,true,correct,2026-07-02 08:47:34.903+00
4e48f266-e823-45bf-8bfa-c86fecc36f44,1778847294888-5,true,correct,2026-06-29 09:14:12.419+00
4e48f266-e823-45bf-8bfa-c86fecc36f44,1778847294888-6,true,correct,2026-06-29 08:59:43.279+00
4e48f266-e823-45bf-8bfa-c86fecc36f44,1778847294888-7,true,correct,2026-07-07 08:46:42.192+00
4e48f266-e823-45bf-8bfa-c86fecc36f44,1778847294889-10,true,correct,2026-07-13 06:28:30.364+00
4e48f266-e823-45bf-8bfa-c86fecc36f44,1778847294889-16,true,correct,2026-06-29 08:39:20.101+00
4e48f266-e823-45bf-8bfa-c86fecc36f44,1778847294889-17,true,correct,2026-06-29 09:09:12.076+00
4e48f266-e823-45bf-8bfa-c86fecc36f44,1778847294889-18,true,correct,2026-06-29 08:39:37.215+00
4e48f266-e823-45bf-8bfa-c86fecc36f44,1778847294890-26,true,correct,2026-06-29 08:43:58.337+00
4e48f266-e823-45bf-8bfa-c86fecc36f44,1778847294890-28,true,correct,2026-07-07 08:48:25.363+00
4e48f266-e823-45bf-8bfa-c86fecc36f44,1778847294890-30,true,correct,2026-07-09 07:30:32.133+00
4e48f266-e823-45bf-8bfa-c86fecc36f44,1778847477225-10,true,correct,2026-06-29 09:09:30.834+00
4e48f266-e823-45bf-8bfa-c86fecc36f44,1778847477225-2,true,correct,2026-06-28 17:15:51.329+00
4e48f266-e823-45bf-8bfa-c86fecc36f44,1778847477225-3,true,correct,2026-05-20 17:17:46.689+00
4e48f266-e823-45bf-8bfa-c86fecc36f44,1778847477225-4,true,correct,2026-06-27 16:08:47.475+00
4e48f266-e823-45bf-8bfa-c86fecc36f44,1778847477225-7,true,correct,2026-06-29 08:34:30.77+00
4e48f266-e823-45bf-8bfa-c86fecc36f44,1778847477225-8,true,correct,2026-06-29 08:53:23.861+00
4e48f266-e823-45bf-8bfa-c86fecc36f44,1778847477225-9,true,correct,2026-06-29 08:32:51.357+00
4e48f266-e823-45bf-8bfa-c86fecc36f44,1778847477226-15,true,correct,2026-07-10 07:48:27.348+00
4e48f266-e823-45bf-8bfa-c86fecc36f44,1778847571353-2,true,correct,2026-06-28 17:16:28.469+00
4e48f266-e823-45bf-8bfa-c86fecc36f44,1778847571354-10,true,correct,2026-06-29 09:11:36.963+00
4e48f266-e823-45bf-8bfa-c86fecc36f44,1778847571354-11,true,correct,2026-06-29 08:28:56.489+00
4e48f266-e823-45bf-8bfa-c86fecc36f44,1778847571354-15,true,correct,2026-07-07 08:45:16.069+00
4e48f266-e823-45bf-8bfa-c86fecc36f44,1778847571354-16,true,correct,2026-07-07 08:46:24.568+00
4e48f266-e823-45bf-8bfa-c86fecc36f44,1778847571354-17,true,correct,2026-07-10 07:55:11.092+00
4e48f266-e823-45bf-8bfa-c86fecc36f44,1778847571354-18,true,correct,2026-07-10 09:10:22.452+00
4e48f266-e823-45bf-8bfa-c86fecc36f44,1778847571354-20,true,correct,2026-07-08 08:30:56.565+00
4e48f266-e823-45bf-8bfa-c86fecc36f44,1778847571354-21,true,correct,2026-07-09 12:32:04.995+00
4e48f266-e823-45bf-8bfa-c86fecc36f44,1778847571354-22,true,correct,2026-07-09 06:39:39.205+00
4e48f266-e823-45bf-8bfa-c86fecc36f44,1778847571354-23,true,correct,2026-07-08 08:44:07.375+00
4e48f266-e823-45bf-8bfa-c86fecc36f44,1778847571354-24,true,correct,2026-07-09 12:50:13.903+00
4e48f266-e823-45bf-8bfa-c86fecc36f44,1778847571354-4,true,correct,2026-06-27 16:04:29.348+00
4e48f266-e823-45bf-8bfa-c86fecc36f44,1778847571354-7,true,wrong,2026-07-02 08:58:03.419+00
4e48f266-e823-45bf-8bfa-c86fecc36f44,1778847571354-8,true,correct,2026-06-29 08:40:16.83+00
4e48f266-e823-45bf-8bfa-c86fecc36f44,1778847571354-9,true,correct,2026-06-29 09:10:44.434+00
4e48f266-e823-45bf-8bfa-c86fecc36f44,1778847571356-49,true,correct,2026-07-07 08:44:06.557+00
4e48f266-e823-45bf-8bfa-c86fecc36f44,1778847716463-1,true,correct,2026-07-12 06:41:23.519+00
4e48f266-e823-45bf-8bfa-c86fecc36f44,1778847716463-2,true,correct,2026-07-13 06:23:51.481+00
4e48f266-e823-45bf-8bfa-c86fecc36f44,1778847716463-3,true,correct,2026-06-27 16:11:13.61+00
4e48f266-e823-45bf-8bfa-c86fecc36f44,1778847716464-10,true,correct,2026-06-29 09:08:04.62+00
4e48f266-e823-45bf-8bfa-c86fecc36f44,1778847716464-11,true,correct,2026-06-29 09:32:00.98+00
4e48f266-e823-45bf-8bfa-c86fecc36f44,1778847716464-14,true,wrong,2026-07-12 06:37:01.664+00
4e48f266-e823-45bf-8bfa-c86fecc36f44,1778847716464-15,true,correct,2026-07-07 08:54:15.996+00
4e48f266-e823-45bf-8bfa-c86fecc36f44,1778847716464-17,true,correct,2026-07-09 13:41:56.943+00
4e48f266-e823-45bf-8bfa-c86fecc36f44,1778847716464-18,true,wrong,2026-07-09 13:41:48.228+00
4e48f266-e823-45bf-8bfa-c86fecc36f44,1778847716464-19,true,correct,2026-07-08 08:34:10.515+00
4e48f266-e823-45bf-8bfa-c86fecc36f44,1778847716464-20,true,correct,2026-07-08 12:52:00.141+00
4e48f266-e823-45bf-8bfa-c86fecc36f44,1778847716464-21,true,correct,2026-07-09 13:45:40.297+00
4e48f266-e823-45bf-8bfa-c86fecc36f44,1778847716464-22,true,correct,2026-07-10 07:57:35.06+00
4e48f266-e823-45bf-8bfa-c86fecc36f44,1778847716464-4,true,correct,2026-06-27 16:02:59.61+00
4e48f266-e823-45bf-8bfa-c86fecc36f44,1778847716464-5,true,correct,2026-06-27 16:06:01.766+00
4e48f266-e823-45bf-8bfa-c86fecc36f44,1778847716464-9,true,correct,2026-06-29 09:30:57.881+00
4e48f266-e823-45bf-8bfa-c86fecc36f44,1778848643496-1,true,correct,2026-06-27 16:17:43.666+00
4e48f266-e823-45bf-8bfa-c86fecc36f44,1778848643496-11,true,correct,2026-07-07 08:53:18.615+00
4e48f266-e823-45bf-8bfa-c86fecc36f44,1778848643496-13,true,correct,2026-07-07 08:54:48.615+00
4e48f266-e823-45bf-8bfa-c86fecc36f44,1778848643496-14,true,correct,2026-07-07 08:54:29.024+00
4e48f266-e823-45bf-8bfa-c86fecc36f44,1778848643496-15,true,correct,2026-07-08 08:30:04.08+00
4e48f266-e823-45bf-8bfa-c86fecc36f44,1778848643496-16,true,correct,2026-07-09 12:53:44.224+00
4e48f266-e823-45bf-8bfa-c86fecc36f44,1778848643496-17,true,correct,2026-07-09 06:19:23.086+00
4e48f266-e823-45bf-8bfa-c86fecc36f44,1778848643496-18,true,correct,2026-07-10 07:48:20.297+00
4e48f266-e823-45bf-8bfa-c86fecc36f44,1778848643496-19,true,correct,2026-07-09 12:49:00.262+00
4e48f266-e823-45bf-8bfa-c86fecc36f44,1778848643496-2,true,correct,2026-06-27 16:06:54.965+00
4e48f266-e823-45bf-8bfa-c86fecc36f44,1778848643496-20,true,correct,2026-07-08 08:33:48.494+00
4e48f266-e823-45bf-8bfa-c86fecc36f44,1778848643496-21,true,correct,2026-07-09 16:22:45.211+00
4e48f266-e823-45bf-8bfa-c86fecc36f44,1778848643496-22,true,correct,2026-07-08 16:11:34.855+00
4e48f266-e823-45bf-8bfa-c86fecc36f44,1778848643496-28,true,wrong,2026-07-08 16:28:44.653+00
4e48f266-e823-45bf-8bfa-c86fecc36f44,1778848643496-3,true,wrong,2026-05-20 21:05:26.202+00
4e48f266-e823-45bf-8bfa-c86fecc36f44,1778848643496-4,true,correct,2026-05-21 19:31:43.641+00
4e48f266-e823-45bf-8bfa-c86fecc36f44,1778848643496-8,true,correct,2026-06-29 08:44:12.761+00
4e48f266-e823-45bf-8bfa-c86fecc36f44,1778848747332-1,true,correct,2026-07-12 06:32:41.708+00
4e48f266-e823-45bf-8bfa-c86fecc36f44,1778848747332-10,true,wrong,2026-07-12 06:39:55.547+00
4e48f266-e823-45bf-8bfa-c86fecc36f44,1778848747332-12,true,wrong,2026-07-07 08:52:31.758+00
4e48f266-e823-45bf-8bfa-c86fecc36f44,1778848747332-14,true,correct,2026-07-09 12:40:40.839+00
4e48f266-e823-45bf-8bfa-c86fecc36f44,1778848747332-15,true,correct,2026-07-09 12:37:16.707+00
4e48f266-e823-45bf-8bfa-c86fecc36f44,1778848747332-16,true,correct,2026-07-08 13:10:11.704+00
4e48f266-e823-45bf-8bfa-c86fecc36f44,1778848747332-17,true,correct,2026-07-08 16:28:09.209+00
4e48f266-e823-45bf-8bfa-c86fecc36f44,1778848747332-18,true,correct,2026-07-10 09:18:28.67+00
4e48f266-e823-45bf-8bfa-c86fecc36f44,1778848747332-19,true,correct,2026-07-10 08:00:10.282+00
4e48f266-e823-45bf-8bfa-c86fecc36f44,1778848747332-20,true,wrong,2026-07-09 12:34:35.884+00
4e48f266-e823-45bf-8bfa-c86fecc36f44,1778848747332-21,true,correct,2026-07-09 13:49:36.536+00
4e48f266-e823-45bf-8bfa-c86fecc36f44,1778848747332-7,true,correct,2026-06-29 09:34:09.685+00
4e48f266-e823-45bf-8bfa-c86fecc36f44,1778848747332-9,true,correct,2026-06-29 08:27:59.992+00
4e48f266-e823-45bf-8bfa-c86fecc36f44,1778848839592-12,true,correct,2026-07-07 08:56:44.011+00
4e48f266-e823-45bf-8bfa-c86fecc36f44,1778848839592-13,true,wrong,2026-07-07 08:51:52.862+00
4e48f266-e823-45bf-8bfa-c86fecc36f44,1778848839592-14,true,wrong,2026-07-07 08:53:33.334+00
4e48f266-e823-45bf-8bfa-c86fecc36f44,1778848839592-15,true,correct,2026-07-08 12:50:04.431+00
4e48f266-e823-45bf-8bfa-c86fecc36f44,1778848839592-16,true,correct,2026-07-10 07:21:34.562+00
4e48f266-e823-45bf-8bfa-c86fecc36f44,1778848839592-17,true,correct,2026-07-10 07:17:48.86+00
4e48f266-e823-45bf-8bfa-c86fecc36f44,1778848839592-18,true,wrong,2026-07-08 13:00:49.978+00
4e48f266-e823-45bf-8bfa-c86fecc36f44,1778848839592-19,true,correct,2026-07-10 09:10:42.191+00
4e48f266-e823-45bf-8bfa-c86fecc36f44,1778848839592-20,true,correct,2026-07-08 08:50:58.74+00
4e48f266-e823-45bf-8bfa-c86fecc36f44,1778848839592-21,true,correct,2026-07-10 08:04:28.954+00
4e48f266-e823-45bf-8bfa-c86fecc36f44,1778848839592-8,true,correct,2026-06-29 09:12:29.122+00
4e48f266-e823-45bf-8bfa-c86fecc36f44,1778848839592-9,true,correct,2026-06-29 09:33:27.96+00
4e48f266-e823-45bf-8bfa-c86fecc36f44,1778848839593-22,true,correct,2026-07-09 13:51:54.155+00
4e48f266-e823-45bf-8bfa-c86fecc36f44,1778848839593-24,true,correct,2026-07-08 13:05:50.006+00
4e48f266-e823-45bf-8bfa-c86fecc36f44,1778848949964-1,true,correct,2026-07-13 06:30:25.384+00
4e48f266-e823-45bf-8bfa-c86fecc36f44,1778848949964-3,true,correct,2026-07-08 08:38:28.156+00
4e48f266-e823-45bf-8bfa-c86fecc36f44,1778848949964-4,true,correct,2026-07-08 13:07:24.993+00
4e48f266-e823-45bf-8bfa-c86fecc36f44,1778848949964-5,true,correct,2026-07-10 07:48:40.06+00
4e48f266-e823-45bf-8bfa-c86fecc36f44,1778848949964-6,true,correct,2026-07-10 06:53:35.479+00
4e48f266-e823-45bf-8bfa-c86fecc36f44,1778848949964-7,true,correct,2026-07-08 08:52:10.893+00
4e48f266-e823-45bf-8bfa-c86fecc36f44,1778848949965-10,true,correct,2026-07-10 06:52:10.377+00
4e48f266-e823-45bf-8bfa-c86fecc36f44,1778848949965-17,true,correct,2026-07-13 06:28:34.406+00
4e48f266-e823-45bf-8bfa-c86fecc36f44,1778848949965-18,true,wrong,2026-07-08 13:10:01.587+00
4e48f266-e823-45bf-8bfa-c86fecc36f44,1778848949965-8,true,correct,2026-07-10 07:16:29.494+00
4e48f266-e823-45bf-8bfa-c86fecc36f44,1778848949965-9,true,wrong,2026-07-10 07:18:48.139+00
4e48f266-e823-45bf-8bfa-c86fecc36f44,1778849096632-1,true,correct,2026-07-13 06:27:17.612+00
4e48f266-e823-45bf-8bfa-c86fecc36f44,1778849279714-10,true,correct,2026-07-08 08:32:25.065+00
4e48f266-e823-45bf-8bfa-c86fecc36f44,1778849279714-3,true,correct,2026-07-09 06:19:53.662+00
4e48f266-e823-45bf-8bfa-c86fecc36f44,1778849279714-4,true,correct,2026-07-08 08:32:31.8+00
4e48f266-e823-45bf-8bfa-c86fecc36f44,1778849279714-5,true,correct,2026-07-10 08:01:56.635+00
4e48f266-e823-45bf-8bfa-c86fecc36f44,1778849279714-6,true,correct,2026-07-09 12:32:56.904+00
4e48f266-e823-45bf-8bfa-c86fecc36f44,1778849279714-7,true,correct,2026-07-08 12:56:29.965+00
4e48f266-e823-45bf-8bfa-c86fecc36f44,1778849279714-8,true,correct,2026-07-08 16:19:11.187+00
4e48f266-e823-45bf-8bfa-c86fecc36f44,1778849279714-9,true,correct,2026-07-08 13:38:11.488+00
4e48f266-e823-45bf-8bfa-c86fecc36f44,1778849279715-12,true,correct,2026-06-29 08:43:53.778+00
4e48f266-e823-45bf-8bfa-c86fecc36f44,1778849279715-14,true,correct,2026-07-13 06:21:52.194+00
4e48f266-e823-45bf-8bfa-c86fecc36f44,1778849279715-16,true,wrong,2026-07-02 08:56:10.489+00
4e48f266-e823-45bf-8bfa-c86fecc36f44,1778849659981-10,true,correct,2026-07-08 08:31:19.135+00
4e48f266-e823-45bf-8bfa-c86fecc36f44,1778849659981-14,true,correct,2026-07-13 06:25:31.42+00
4e48f266-e823-45bf-8bfa-c86fecc36f44,1778849659981-15,true,correct,2026-07-13 06:25:57.437+00
4e48f266-e823-45bf-8bfa-c86fecc36f44,1778849659981-3,true,correct,2026-07-09 06:27:19.697+00
4e48f266-e823-45bf-8bfa-c86fecc36f44,1778849659981-4,true,correct,2026-07-08 16:08:50.741+00
4e48f266-e823-45bf-8bfa-c86fecc36f44,1778849659981-5,true,correct,2026-07-10 07:18:09.815+00
4e48f266-e823-45bf-8bfa-c86fecc36f44,1778849659981-6,true,correct,2026-07-09 07:40:09.527+00
4e48f266-e823-45bf-8bfa-c86fecc36f44,1778849659981-7,true,correct,2026-07-08 16:25:55.656+00
4e48f266-e823-45bf-8bfa-c86fecc36f44,1778849659981-8,true,correct,2026-07-10 07:48:02.882+00
4e48f266-e823-45bf-8bfa-c86fecc36f44,1778849659981-9,true,correct,2026-07-10 08:04:37.13+00
4e48f266-e823-45bf-8bfa-c86fecc36f44,1778849664417-7,true,wrong,2026-05-22 08:10:18.226+00
4e48f266-e823-45bf-8bfa-c86fecc36f44,1778850180814-1,true,correct,2026-06-27 16:06:22.346+00
4e48f266-e823-45bf-8bfa-c86fecc36f44,1778850180814-10,true,correct,2026-07-14 15:49:56.342+00
4e48f266-e823-45bf-8bfa-c86fecc36f44,1778850180814-11,true,correct,2026-07-14 15:29:51.425+00
4e48f266-e823-45bf-8bfa-c86fecc36f44,1778850180814-12,true,correct,2026-07-10 06:54:52.939+00
4e48f266-e823-45bf-8bfa-c86fecc36f44,1778850180814-13,true,correct,2026-07-08 12:51:53.055+00
4e48f266-e823-45bf-8bfa-c86fecc36f44,1778850180814-14,true,correct,2026-07-09 06:39:30.501+00
4e48f266-e823-45bf-8bfa-c86fecc36f44,1778850180814-15,true,correct,2026-07-09 13:40:57.805+00
4e48f266-e823-45bf-8bfa-c86fecc36f44,1778850180814-16,true,correct,2026-07-10 07:21:08.459+00
4e48f266-e823-45bf-8bfa-c86fecc36f44,1778850180814-17,true,correct,2026-07-10 07:05:53.472+00
4e48f266-e823-45bf-8bfa-c86fecc36f44,1778850180814-19,true,correct,2026-07-06 08:27:57.828+00
4e48f266-e823-45bf-8bfa-c86fecc36f44,1778850180814-2,true,correct,2026-06-27 16:15:44.212+00
4e48f266-e823-45bf-8bfa-c86fecc36f44,1778850180814-20,true,correct,2026-07-14 15:50:17.808+00
4e48f266-e823-45bf-8bfa-c86fecc36f44,1778850180814-21,true,correct,2026-07-14 15:36:12.618+00
4e48f266-e823-45bf-8bfa-c86fecc36f44,1778850180814-22,true,correct,2026-07-14 09:29:59.779+00
4e48f266-e823-45bf-8bfa-c86fecc36f44,1778850180814-23,true,correct,2026-07-14 09:34:33.524+00
4e48f266-e823-45bf-8bfa-c86fecc36f44,1778850180814-24,true,correct,2026-07-14 16:00:49.736+00
4e48f266-e823-45bf-8bfa-c86fecc36f44,1778850180814-25,true,correct,2026-07-14 09:16:59.663+00
4e48f266-e823-45bf-8bfa-c86fecc36f44,1778850180814-26,true,correct,2026-07-14 09:21:57.343+00
4e48f266-e823-45bf-8bfa-c86fecc36f44,1778850180814-27,true,correct,2026-07-14 09:26:23.063+00
4e48f266-e823-45bf-8bfa-c86fecc36f44,1778850180814-28,true,correct,2026-07-14 09:32:35.474+00
4e48f266-e823-45bf-8bfa-c86fecc36f44,1778850180814-29,true,correct,2026-07-14 09:26:14.197+00
4e48f266-e823-45bf-8bfa-c86fecc36f44,1778850180814-30,true,correct,2026-07-14 09:28:20.139+00
4e48f266-e823-45bf-8bfa-c86fecc36f44,1778850180814-31,true,correct,2026-07-14 09:29:30.679+00
4e48f266-e823-45bf-8bfa-c86fecc36f44,1778850180814-32,true,correct,2026-07-14 09:23:08.226+00
4e48f266-e823-45bf-8bfa-c86fecc36f44,1778850180814-33,true,correct,2026-07-14 15:53:17.696+00
4e48f266-e823-45bf-8bfa-c86fecc36f44,1778850180814-35,true,correct,2026-07-14 15:37:28.43+00
4e48f266-e823-45bf-8bfa-c86fecc36f44,1778850180814-36,true,correct,2026-07-08 16:12:44.506+00
4e48f266-e823-45bf-8bfa-c86fecc36f44,1778850180814-37,true,correct,2026-07-01 08:36:38.153+00
4e48f266-e823-45bf-8bfa-c86fecc36f44,1778850180814-38,true,wrong,2026-07-14 15:41:39.99+00
4e48f266-e823-45bf-8bfa-c86fecc36f44,1778850180814-39,true,correct,2026-07-14 09:26:08.769+00
4e48f266-e823-45bf-8bfa-c86fecc36f44,1778850180814-4,true,correct,2026-07-01 08:29:08.788+00
4e48f266-e823-45bf-8bfa-c86fecc36f44,1778850180814-40,true,correct,2026-07-14 09:33:53.003+00
4e48f266-e823-45bf-8bfa-c86fecc36f44,1778850180814-5,true,correct,2026-07-12 06:36:35.779+00
4e48f266-e823-45bf-8bfa-c86fecc36f44,1778850180814-6,true,correct,2026-07-01 08:35:02.962+00
4e48f266-e823-45bf-8bfa-c86fecc36f44,1778850180814-7,true,correct,2026-07-14 15:57:37.089+00
4e48f266-e823-45bf-8bfa-c86fecc36f44,1778850180814-8,true,correct,2026-07-14 15:49:42.549+00
4e48f266-e823-45bf-8bfa-c86fecc36f44,1778850180814-9,true,correct,2026-07-14 15:31:30.307+00
4e48f266-e823-45bf-8bfa-c86fecc36f44,1778850305252-10,true,correct,2026-07-14 15:39:13.116+00
4e48f266-e823-45bf-8bfa-c86fecc36f44,1778850305252-11,true,correct,2026-07-14 15:54:22.229+00
4e48f266-e823-45bf-8bfa-c86fecc36f44,1778850305252-12,true,correct,2026-07-06 08:07:53.893+00
4e48f266-e823-45bf-8bfa-c86fecc36f44,1778850305252-13,true,correct,2026-07-06 08:02:43.594+00
4e48f266-e823-45bf-8bfa-c86fecc36f44,1778850305252-14,true,wrong,2026-07-09 16:17:52.361+00
4e48f266-e823-45bf-8bfa-c86fecc36f44,1778850305252-15,true,correct,2026-07-10 07:05:33.161+00
4e48f266-e823-45bf-8bfa-c86fecc36f44,1778850305252-16,true,correct,2026-07-09 16:21:28.177+00
4e48f266-e823-45bf-8bfa-c86fecc36f44,1778850305252-17,true,correct,2026-07-09 16:22:54.224+00
4e48f266-e823-45bf-8bfa-c86fecc36f44,1778850305252-18,true,correct,2026-07-10 09:20:28.923+00
4e48f266-e823-45bf-8bfa-c86fecc36f44,1778850305252-19,true,wrong,2026-07-08 13:01:37.443+00
4e48f266-e823-45bf-8bfa-c86fecc36f44,1778850305252-20,true,correct,2026-07-14 16:00:56.779+00
4e48f266-e823-45bf-8bfa-c86fecc36f44,1778850305252-21,true,wrong,2026-07-14 15:59:29.45+00
4e48f266-e823-45bf-8bfa-c86fecc36f44,1778850305252-22,true,correct,2026-07-14 15:40:49.191+00
4e48f266-e823-45bf-8bfa-c86fecc36f44,1778850305252-23,true,correct,2026-07-06 08:02:08.876+00
4e48f266-e823-45bf-8bfa-c86fecc36f44,1778850305252-24,true,correct,2026-07-14 15:30:17.985+00
4e48f266-e823-45bf-8bfa-c86fecc36f44,1778850305252-25,true,correct,2026-07-14 09:29:52.219+00
4e48f266-e823-45bf-8bfa-c86fecc36f44,1778850305252-26,true,correct,2026-07-14 09:34:21.632+00
4e48f266-e823-45bf-8bfa-c86fecc36f44,1778850305252-27,true,correct,2026-07-14 09:27:57.572+00
4e48f266-e823-45bf-8bfa-c86fecc36f44,1778850305252-28,true,correct,2026-07-14 09:05:26.466+00
4e48f266-e823-45bf-8bfa-c86fecc36f44,1778850305252-29,true,correct,2026-07-14 09:27:03.331+00
4e48f266-e823-45bf-8bfa-c86fecc36f44,1778850305252-3,true,correct,2026-06-27 16:14:55.504+00
4e48f266-e823-45bf-8bfa-c86fecc36f44,1778850305252-4,true,correct,2026-07-01 08:37:15.601+00
4e48f266-e823-45bf-8bfa-c86fecc36f44,1778850305252-5,true,correct,2026-07-01 08:28:05.575+00
4e48f266-e823-45bf-8bfa-c86fecc36f44,1778850305252-6,true,correct,2026-07-01 08:36:53.446+00
4e48f266-e823-45bf-8bfa-c86fecc36f44,1778850305252-7,true,correct,2026-07-14 15:54:33.502+00
4e48f266-e823-45bf-8bfa-c86fecc36f44,1778850305252-8,true,correct,2026-07-14 15:49:49.974+00
4e48f266-e823-45bf-8bfa-c86fecc36f44,1778850305252-9,true,correct,2026-07-14 15:47:28.868+00
4e48f266-e823-45bf-8bfa-c86fecc36f44,1778850305253-30,true,correct,2026-07-14 09:11:26+00
4e48f266-e823-45bf-8bfa-c86fecc36f44,1778850305253-31,true,correct,2026-07-14 09:35:53.941+00
4e48f266-e823-45bf-8bfa-c86fecc36f44,1778850305253-32,true,correct,2026-07-14 09:29:10.766+00
4e48f266-e823-45bf-8bfa-c86fecc36f44,1778850305253-33,true,correct,2026-07-14 09:13:04.258+00
4e48f266-e823-45bf-8bfa-c86fecc36f44,1778850503281-11,true,correct,2026-07-14 15:41:16.682+00
4e48f266-e823-45bf-8bfa-c86fecc36f44,1778850503281-12,true,correct,2026-07-09 16:22:58.657+00
4e48f266-e823-45bf-8bfa-c86fecc36f44,1778850503281-13,true,correct,2026-07-09 13:50:11.674+00
4e48f266-e823-45bf-8bfa-c86fecc36f44,1778850503281-14,true,correct,2026-07-08 08:38:46.674+00
4e48f266-e823-45bf-8bfa-c86fecc36f44,1778850503281-15,true,correct,2026-07-08 13:11:20.531+00
4e48f266-e823-45bf-8bfa-c86fecc36f44,1778850503281-16,true,wrong,2026-07-09 13:50:57.388+00
4e48f266-e823-45bf-8bfa-c86fecc36f44,1778850503281-17,true,correct,2026-07-09 06:40:01.792+00
4e48f266-e823-45bf-8bfa-c86fecc36f44,1778850503281-18,true,correct,2026-07-09 06:20:06.914+00
4e48f266-e823-45bf-8bfa-c86fecc36f44,1778850503281-2,true,correct,2026-06-27 16:10:47.329+00
4e48f266-e823-45bf-8bfa-c86fecc36f44,1778850503281-20,true,correct,2026-07-14 15:33:59.993+00
4e48f266-e823-45bf-8bfa-c86fecc36f44,1778850503281-22,true,correct,2026-07-14 15:57:52.631+00
4e48f266-e823-45bf-8bfa-c86fecc36f44,1778850503281-25,true,correct,2026-07-14 09:27:37.816+00
4e48f266-e823-45bf-8bfa-c86fecc36f44,1778850503281-26,true,correct,2026-07-14 09:31:25.761+00
4e48f266-e823-45bf-8bfa-c86fecc36f44,1778850503281-27,true,correct,2026-07-14 09:05:33.427+00
4e48f266-e823-45bf-8bfa-c86fecc36f44,1778850503281-28,true,correct,2026-07-14 09:27:20.635+00
4e48f266-e823-45bf-8bfa-c86fecc36f44,1778850503281-29,true,correct,2026-07-14 09:23:49.296+00
4e48f266-e823-45bf-8bfa-c86fecc36f44,1778850503281-30,true,correct,2026-07-14 09:26:33.381+00
4e48f266-e823-45bf-8bfa-c86fecc36f44,1778850503281-31,true,correct,2026-07-14 09:34:28.507+00
4e48f266-e823-45bf-8bfa-c86fecc36f44,1778850503281-32,true,correct,2026-07-14 09:32:41.174+00
4e48f266-e823-45bf-8bfa-c86fecc36f44,1778850503281-33,true,correct,2026-07-14 09:33:45.75+00
4e48f266-e823-45bf-8bfa-c86fecc36f44,1778850503281-4,true,correct,2026-07-01 08:29:00.424+00
4e48f266-e823-45bf-8bfa-c86fecc36f44,1778850503281-5,true,correct,2026-07-01 08:41:00.599+00
4e48f266-e823-45bf-8bfa-c86fecc36f44,1778850503281-6,true,correct,2026-07-01 08:40:28.225+00
4e48f266-e823-45bf-8bfa-c86fecc36f44,1778850503281-7,true,correct,2026-07-14 15:47:42.361+00
4e48f266-e823-45bf-8bfa-c86fecc36f44,1778850503281-8,true,correct,2026-07-14 15:40:05.7+00
4e48f266-e823-45bf-8bfa-c86fecc36f44,1778850503281-9,true,correct,2026-07-14 16:02:00.01+00
4e48f266-e823-45bf-8bfa-c86fecc36f44,1778850668339-1,true,correct,2026-07-14 15:59:10.498+00
4e48f266-e823-45bf-8bfa-c86fecc36f44,1778850668339-10,true,correct,2026-07-12 06:32:54.914+00
4e48f266-e823-45bf-8bfa-c86fecc36f44,1778850668339-12,true,correct,2026-07-12 06:32:31.778+00
4e48f266-e823-45bf-8bfa-c86fecc36f44,1778850668339-14,true,correct,2026-06-27 16:07:47.692+00
4e48f266-e823-45bf-8bfa-c86fecc36f44,1778850668339-15,true,correct,2026-06-28 17:12:08.466+00
4e48f266-e823-45bf-8bfa-c86fecc36f44,1778850668339-16,true,correct,2026-06-28 17:17:10.163+00
4e48f266-e823-45bf-8bfa-c86fecc36f44,1778850668339-17,true,correct,2026-06-28 17:01:48.483+00
4e48f266-e823-45bf-8bfa-c86fecc36f44,1778850668339-2,true,correct,2026-07-14 16:01:07.002+00
4e48f266-e823-45bf-8bfa-c86fecc36f44,1778850668339-22,true,correct,2026-07-14 15:59:57.349+00
4e48f266-e823-45bf-8bfa-c86fecc36f44,1778850668339-23,true,wrong,2026-07-14 09:35:39.751+00
4e48f266-e823-45bf-8bfa-c86fecc36f44,1778850668339-24,true,correct,2026-07-14 15:29:28.768+00
4e48f266-e823-45bf-8bfa-c86fecc36f44,1778850668339-25,true,correct,2026-07-14 09:17:06.744+00
4e48f266-e823-45bf-8bfa-c86fecc36f44,1778850668339-26,true,correct,2026-07-08 08:46:18.195+00
4e48f266-e823-45bf-8bfa-c86fecc36f44,1778850668339-28,true,correct,2026-07-09 06:29:28.415+00
4e48f266-e823-45bf-8bfa-c86fecc36f44,1778850668339-30,true,correct,2026-07-09 13:44:54.314+00
4e48f266-e823-45bf-8bfa-c86fecc36f44,1778850668339-31,true,correct,2026-07-09 06:27:05.71+00
4e48f266-e823-45bf-8bfa-c86fecc36f44,1778850668339-32,true,correct,2026-07-10 07:15:12.961+00
4e48f266-e823-45bf-8bfa-c86fecc36f44,1778850668339-33,true,correct,2026-07-09 16:18:26.883+00
4e48f266-e823-45bf-8bfa-c86fecc36f44,1778850668339-4,true,correct,2026-07-14 09:21:38.865+00
4e48f266-e823-45bf-8bfa-c86fecc36f44,1778850668339-5,true,correct,2026-07-14 09:32:23.031+00
4e48f266-e823-45bf-8bfa-c86fecc36f44,1778850668339-6,true,correct,2026-07-14 09:34:04.732+00
4e48f266-e823-45bf-8bfa-c86fecc36f44,1778850668339-8,true,correct,2026-07-01 08:27:43.967+00
4e48f266-e823-45bf-8bfa-c86fecc36f44,1778850668339-9,true,correct,2026-07-01 08:37:49.764+00
4e48f266-e823-45bf-8bfa-c86fecc36f44,1778850668340-34,true,correct,2026-07-14 15:44:02.068+00
4e48f266-e823-45bf-8bfa-c86fecc36f44,1778850668340-35,true,correct,2026-07-14 15:43:44.952+00
4e48f266-e823-45bf-8bfa-c86fecc36f44,1778850668340-36,true,correct,2026-07-14 09:32:05.841+00
4e48f266-e823-45bf-8bfa-c86fecc36f44,1778850668340-38,true,correct,2026-07-10 06:58:52.078+00
4e48f266-e823-45bf-8bfa-c86fecc36f44,1778850668340-39,true,correct,2026-07-01 08:27:37.11+00
4e48f266-e823-45bf-8bfa-c86fecc36f44,1778850668340-40,true,correct,2026-07-01 08:33:09.822+00
4e48f266-e823-45bf-8bfa-c86fecc36f44,1778850668340-41,true,correct,2026-06-27 16:16:07.994+00
4e48f266-e823-45bf-8bfa-c86fecc36f44,1778850668340-42,true,correct,2026-06-27 16:17:55.884+00
4e48f266-e823-45bf-8bfa-c86fecc36f44,1778850920941-1,true,correct,2026-07-14 15:57:32.686+00
4e48f266-e823-45bf-8bfa-c86fecc36f44,1778850920941-10,true,correct,2026-07-01 08:39:18.512+00
4e48f266-e823-45bf-8bfa-c86fecc36f44,1778850920941-11,true,correct,2026-06-27 16:18:08.208+00
4e48f266-e823-45bf-8bfa-c86fecc36f44,1778850920941-14,true,correct,2026-06-27 16:11:07.309+00
4e48f266-e823-45bf-8bfa-c86fecc36f44,1778850920941-15,true,correct,2026-06-27 16:15:18.891+00
4e48f266-e823-45bf-8bfa-c86fecc36f44,1778850920941-17,true,correct,2026-06-27 16:12:57.3+00
4e48f266-e823-45bf-8bfa-c86fecc36f44,1778850920941-18,true,correct,2026-06-28 17:15:13.257+00
4e48f266-e823-45bf-8bfa-c86fecc36f44,1778850920941-2,true,correct,2026-07-14 15:56:48.945+00
4e48f266-e823-45bf-8bfa-c86fecc36f44,1778850920941-20,true,correct,2026-07-14 09:31:46.175+00
4e48f266-e823-45bf-8bfa-c86fecc36f44,1778850920941-21,true,correct,2026-07-14 09:23:13.904+00
4e48f266-e823-45bf-8bfa-c86fecc36f44,1778850920941-22,true,wrong,2026-07-14 15:31:24.733+00
4e48f266-e823-45bf-8bfa-c86fecc36f44,1778850920941-23,true,correct,2026-07-14 15:55:17.668+00
4e48f266-e823-45bf-8bfa-c86fecc36f44,1778850920941-24,true,correct,2026-07-14 15:57:09.743+00
4e48f266-e823-45bf-8bfa-c86fecc36f44,1778850920941-25,true,correct,2026-07-14 15:52:20.885+00
4e48f266-e823-45bf-8bfa-c86fecc36f44,1778850920941-26,true,correct,2026-07-10 07:44:31.378+00
4e48f266-e823-45bf-8bfa-c86fecc36f44,1778850920941-27,true,correct,2026-07-10 08:02:44.711+00
4e48f266-e823-45bf-8bfa-c86fecc36f44,1778850920941-28,true,correct,2026-07-08 16:14:15.842+00
4e48f266-e823-45bf-8bfa-c86fecc36f44,1778850920941-29,true,correct,2026-07-08 13:36:15.404+00
4e48f266-e823-45bf-8bfa-c86fecc36f44,1778850920941-3,true,correct,2026-07-14 15:30:29.593+00
4e48f266-e823-45bf-8bfa-c86fecc36f44,1778850920941-30,true,correct,2026-07-10 07:28:39.797+00
4e48f266-e823-45bf-8bfa-c86fecc36f44,1778850920941-4,true,correct,2026-07-14 09:36:00.286+00
4e48f266-e823-45bf-8bfa-c86fecc36f44,1778850920941-5,true,correct,2026-07-14 09:31:55.913+00
4e48f266-e823-45bf-8bfa-c86fecc36f44,1778850920941-6,true,correct,2026-07-14 09:34:38.31+00
4e48f266-e823-45bf-8bfa-c86fecc36f44,1778850920941-8,true,correct,2026-07-01 08:39:09.955+00
4e48f266-e823-45bf-8bfa-c86fecc36f44,1778850920941-9,true,correct,2026-07-01 08:28:33.423+00
4e48f266-e823-45bf-8bfa-c86fecc36f44,1778850920942-31,true,correct,2026-07-10 06:58:23.902+00
4e48f266-e823-45bf-8bfa-c86fecc36f44,1778850920942-32,true,wrong,2026-07-08 16:28:01.011+00
4e48f266-e823-45bf-8bfa-c86fecc36f44,1778850920942-33,true,correct,2026-07-09 12:30:25.596+00
4e48f266-e823-45bf-8bfa-c86fecc36f44,1778851069143-1,true,correct,2026-07-14 15:57:17.762+00
4e48f266-e823-45bf-8bfa-c86fecc36f44,1778851069143-10,true,correct,2026-07-01 08:33:40.635+00
4e48f266-e823-45bf-8bfa-c86fecc36f44,1778851069143-12,true,correct,2026-07-13 14:25:17.578+00
4e48f266-e823-45bf-8bfa-c86fecc36f44,1778851069143-13,true,correct,2026-06-27 16:17:50.785+00
4e48f266-e823-45bf-8bfa-c86fecc36f44,1778851069143-16,true,correct,2026-06-28 17:17:03.158+00
4e48f266-e823-45bf-8bfa-c86fecc36f44,1778851069143-17,true,correct,2026-06-27 16:13:16.027+00
4e48f266-e823-45bf-8bfa-c86fecc36f44,1778851069143-19,true,correct,2026-07-14 15:35:06.954+00
4e48f266-e823-45bf-8bfa-c86fecc36f44,1778851069143-2,true,correct,2026-07-14 15:32:35.37+00
4e48f266-e823-45bf-8bfa-c86fecc36f44,1778851069143-22,true,correct,2026-07-14 15:55:25.704+00
4e48f266-e823-45bf-8bfa-c86fecc36f44,1778851069143-23,true,correct,2026-07-14 15:45:01.64+00
4e48f266-e823-45bf-8bfa-c86fecc36f44,1778851069143-24,true,correct,2026-07-02 08:49:51.638+00
4e48f266-e823-45bf-8bfa-c86fecc36f44,1778851069143-25,true,correct,2026-07-14 15:50:23.094+00
4e48f266-e823-45bf-8bfa-c86fecc36f44,1778851069143-26,true,correct,2026-07-09 06:47:41.183+00
4e48f266-e823-45bf-8bfa-c86fecc36f44,1778851069143-27,true,correct,2026-07-10 07:10:01.023+00
4e48f266-e823-45bf-8bfa-c86fecc36f44,1778851069143-4,true,correct,2026-07-14 09:25:59.837+00
4e48f266-e823-45bf-8bfa-c86fecc36f44,1778851069143-5,true,correct,2026-07-14 09:10:00.34+00
4e48f266-e823-45bf-8bfa-c86fecc36f44,1778851069143-6,true,correct,2026-07-14 09:31:35.854+00
4e48f266-e823-45bf-8bfa-c86fecc36f44,1778851069143-7,true,correct,2026-07-01 08:38:20.41+00
4e48f266-e823-45bf-8bfa-c86fecc36f44,1778851069143-8,true,correct,2026-07-01 08:42:28.451+00
4e48f266-e823-45bf-8bfa-c86fecc36f44,1778851069143-9,true,correct,2026-07-01 08:40:35.777+00
4e48f266-e823-45bf-8bfa-c86fecc36f44,1778851069144-28,true,correct,2026-07-08 13:48:10.633+00
4e48f266-e823-45bf-8bfa-c86fecc36f44,1778851069144-30,true,correct,2026-07-10 06:50:49.126+00
4e48f266-e823-45bf-8bfa-c86fecc36f44,1778851069144-31,true,correct,2026-07-08 08:36:08.056+00
4e48f266-e823-45bf-8bfa-c86fecc36f44,1778851069144-32,true,correct,2026-07-09 13:56:01.256+00
4e48f266-e823-45bf-8bfa-c86fecc36f44,1778851069144-33,true,correct,2026-07-10 09:21:02.848+00
4e48f266-e823-45bf-8bfa-c86fecc36f44,1778852216355-1,true,correct,2026-07-02 08:51:02.184+00
4e48f266-e823-45bf-8bfa-c86fecc36f44,1778852216356-12,true,correct,2026-07-01 08:38:49.292+00
4e48f266-e823-45bf-8bfa-c86fecc36f44,1778852216356-18,true,correct,2026-07-02 08:54:51.884+00
4e48f266-e823-45bf-8bfa-c86fecc36f44,1778852216356-19,true,correct,2026-07-08 13:01:19.525+00
4e48f266-e823-45bf-8bfa-c86fecc36f44,1778852216356-20,true,correct,2026-07-08 08:51:24.222+00
4e48f266-e823-45bf-8bfa-c86fecc36f44,1778852216356-21,true,correct,2026-07-08 12:50:12.667+00
4e48f266-e823-45bf-8bfa-c86fecc36f44,1778852216356-22,true,correct,2026-07-10 07:10:04.738+00
4e48f266-e823-45bf-8bfa-c86fecc36f44,1778852216356-23,true,correct,2026-07-08 16:10:27.226+00
4e48f266-e823-45bf-8bfa-c86fecc36f44,1778852216356-24,true,correct,2026-07-10 07:46:50.971+00
4e48f266-e823-45bf-8bfa-c86fecc36f44,1778852216356-25,true,wrong,2026-07-08 12:47:37.98+00
4e48f266-e823-45bf-8bfa-c86fecc36f44,1778852216356-26,true,correct,2026-07-10 07:06:10.37+00
4e48f266-e823-45bf-8bfa-c86fecc36f44,1778852216356-34,true,wrong,2026-07-02 08:51:33.007+00
4e48f266-e823-45bf-8bfa-c86fecc36f44,1778852216356-35,true,correct,2026-06-29 09:12:09.119+00
4e48f266-e823-45bf-8bfa-c86fecc36f44,1778852216356-37,true,correct,2026-07-11 07:51:57.66+00
4e48f266-e823-45bf-8bfa-c86fecc36f44,1778852216356-39,true,correct,2026-07-12 06:34:15.692+00
4e48f266-e823-45bf-8bfa-c86fecc36f44,1778852216356-4,true,correct,2026-06-27 16:02:51.908+00
4e48f266-e823-45bf-8bfa-c86fecc36f44,1778852216356-41,true,correct,2026-07-10 07:44:59.399+00
4e48f266-e823-45bf-8bfa-c86fecc36f44,1778852216356-42,true,correct,2026-07-02 08:49:02.538+00
4e48f266-e823-45bf-8bfa-c86fecc36f44,1778852216356-7,true,correct,2026-07-11 06:32:38.278+00
4e48f266-e823-45bf-8bfa-c86fecc36f44,1778852216356-8,true,correct,2026-07-11 08:58:36.275+00
4e48f266-e823-45bf-8bfa-c86fecc36f44,1778852661754-1,true,wrong,2026-07-13 08:53:04.792+00
4e48f266-e823-45bf-8bfa-c86fecc36f44,1778852661754-12,true,correct,2026-07-01 08:33:55.267+00
4e48f266-e823-45bf-8bfa-c86fecc36f44,1778852661754-17,true,correct,2026-07-02 08:52:42.344+00
4e48f266-e823-45bf-8bfa-c86fecc36f44,1778852661754-19,true,correct,2026-07-09 06:47:56.618+00
4e48f266-e823-45bf-8bfa-c86fecc36f44,1778852661754-2,true,correct,2026-07-13 08:51:21.965+00
4e48f266-e823-45bf-8bfa-c86fecc36f44,1778852661754-20,true,correct,2026-07-08 16:18:37.844+00
4e48f266-e823-45bf-8bfa-c86fecc36f44,1778852661754-22,true,correct,2026-07-10 07:57:26.619+00
4e48f266-e823-45bf-8bfa-c86fecc36f44,1778852661754-23,true,correct,2026-07-10 07:07:58.15+00
4e48f266-e823-45bf-8bfa-c86fecc36f44,1778852661754-24,true,correct,2026-07-09 13:50:51.86+00
4e48f266-e823-45bf-8bfa-c86fecc36f44,1778852661754-25,true,correct,2026-07-09 16:16:13.208+00
4e48f266-e823-45bf-8bfa-c86fecc36f44,1778852661754-26,true,correct,2026-07-09 12:39:16.491+00
4e48f266-e823-45bf-8bfa-c86fecc36f44,1778852661754-3,true,correct,2026-06-29 08:56:26.359+00
4e48f266-e823-45bf-8bfa-c86fecc36f44,1778852661754-4,true,correct,2026-06-29 08:29:25.329+00
4e48f266-e823-45bf-8bfa-c86fecc36f44,1778852661754-7,true,correct,2026-07-11 07:50:33.312+00
4e48f266-e823-45bf-8bfa-c86fecc36f44,1778852661754-8,true,correct,2026-07-11 07:32:50.846+00
4e48f266-e823-45bf-8bfa-c86fecc36f44,1778852921765-1,true,correct,2026-07-02 08:44:58.778+00
4e48f266-e823-45bf-8bfa-c86fecc36f44,1778852921765-2,true,correct,2026-07-02 08:45:05.782+00
4e48f266-e823-45bf-8bfa-c86fecc36f44,1778852921765-3,true,correct,2026-05-20 16:52:00.689+00
4e48f266-e823-45bf-8bfa-c86fecc36f44,1778852921765-7,true,correct,2026-07-11 07:49:45.642+00
4e48f266-e823-45bf-8bfa-c86fecc36f44,1778852921765-8,true,correct,2026-07-11 07:32:29.171+00
4e48f266-e823-45bf-8bfa-c86fecc36f44,1778852921766-18,true,correct,2026-07-12 06:40:58.385+00
4e48f266-e823-45bf-8bfa-c86fecc36f44,1778852921766-19,true,correct,2026-07-08 16:18:05.457+00
4e48f266-e823-45bf-8bfa-c86fecc36f44,1778852921766-20,true,correct,2026-07-10 09:20:52.535+00
4e48f266-e823-45bf-8bfa-c86fecc36f44,1778852921766-21,true,correct,2026-07-08 12:57:22.568+00
4e48f266-e823-45bf-8bfa-c86fecc36f44,1778852921766-22,true,correct,2026-07-09 06:42:30.498+00
4e48f266-e823-45bf-8bfa-c86fecc36f44,1778852921766-23,true,wrong,2026-07-08 12:48:54.682+00
4e48f266-e823-45bf-8bfa-c86fecc36f44,1778852921766-24,true,correct,2026-07-08 13:46:29.37+00
4e48f266-e823-45bf-8bfa-c86fecc36f44,1778852921766-25,true,correct,2026-07-09 06:20:15.832+00
4e48f266-e823-45bf-8bfa-c86fecc36f44,1778852921766-26,true,correct,2026-07-09 16:22:16.201+00
4e48f266-e823-45bf-8bfa-c86fecc36f44,1778853432196-1,true,correct,2026-07-13 06:22:55.59+00
4e48f266-e823-45bf-8bfa-c86fecc36f44,1778853432196-10,true,correct,2026-07-10 08:02:22.353+00
4e48f266-e823-45bf-8bfa-c86fecc36f44,1778853432196-11,true,correct,2026-07-10 07:16:38.33+00
4e48f266-e823-45bf-8bfa-c86fecc36f44,1778853432196-12,true,correct,2026-07-10 07:12:53.224+00
4e48f266-e823-45bf-8bfa-c86fecc36f44,1778853432196-13,true,correct,2026-07-09 12:24:24.547+00
4e48f266-e823-45bf-8bfa-c86fecc36f44,1778853432196-14,true,correct,2026-07-10 07:09:13.107+00
4e48f266-e823-45bf-8bfa-c86fecc36f44,1778853432196-15,true,correct,2026-07-11 07:55:18.423+00
4e48f266-e823-45bf-8bfa-c86fecc36f44,1778853432196-16,true,correct,2026-07-11 07:51:43.912+00
4e48f266-e823-45bf-8bfa-c86fecc36f44,1778853432196-7,true,correct,2026-07-09 13:51:32.904+00
4e48f266-e823-45bf-8bfa-c86fecc36f44,1778853432196-8,true,correct,2026-07-08 08:51:49.195+00
4e48f266-e823-45bf-8bfa-c86fecc36f44,1778853432196-9,true,correct,2026-07-09 16:20:38.311+00
4e48f266-e823-45bf-8bfa-c86fecc36f44,1778853432197-17,true,correct,2026-07-12 06:40:45.073+00
4e48f266-e823-45bf-8bfa-c86fecc36f44,1778853432197-18,true,correct,2026-06-29 09:32:24.42+00
4e48f266-e823-45bf-8bfa-c86fecc36f44,1778853432197-21,true,correct,2026-07-11 12:03:20.206+00
4e48f266-e823-45bf-8bfa-c86fecc36f44,1778853432197-24,true,correct,2026-07-09 06:20:52.6+00
4e48f266-e823-45bf-8bfa-c86fecc36f44,1778853566667-1,true,correct,2026-07-13 06:27:46.982+00
4e48f266-e823-45bf-8bfa-c86fecc36f44,1778853566667-10,true,correct,2026-07-09 06:46:57.428+00
4e48f266-e823-45bf-8bfa-c86fecc36f44,1778853566667-11,true,correct,2026-07-09 16:21:16.829+00
4e48f266-e823-45bf-8bfa-c86fecc36f44,1778853566667-7,true,correct,2026-07-09 12:52:38.538+00
4e48f266-e823-45bf-8bfa-c86fecc36f44,1778853566667-9,true,correct,2026-07-10 06:54:01.766+00
4e48f266-e823-45bf-8bfa-c86fecc36f44,1778853566668-13,true,correct,2026-07-08 08:52:28.937+00
4e48f266-e823-45bf-8bfa-c86fecc36f44,1778853566668-14,true,correct,2026-07-10 09:19:21.43+00
4e48f266-e823-45bf-8bfa-c86fecc36f44,1778853566668-15,true,correct,2026-07-11 07:33:13.924+00
4e48f266-e823-45bf-8bfa-c86fecc36f44,1778853566668-16,true,correct,2026-07-11 06:29:19.022+00
4e48f266-e823-45bf-8bfa-c86fecc36f44,1778853566668-17,true,correct,2026-06-29 09:13:40.356+00
4e48f266-e823-45bf-8bfa-c86fecc36f44,1778853566668-18,true,correct,2026-06-27 16:05:31.052+00
4e48f266-e823-45bf-8bfa-c86fecc36f44,1778963783489-10,true,correct,2026-07-08 16:09:43.66+00
4e48f266-e823-45bf-8bfa-c86fecc36f44,1778963783489-12,true,correct,2026-07-13 06:29:38.773+00
4e48f266-e823-45bf-8bfa-c86fecc36f44,1778963783489-13,true,correct,2026-07-13 06:21:35.334+00
4e48f266-e823-45bf-8bfa-c86fecc36f44,1778963783489-14,true,correct,2026-06-27 16:16:34.08+00
4e48f266-e823-45bf-8bfa-c86fecc36f44,1778963783489-3,true,wrong,2026-07-08 12:47:02.421+00
4e48f266-e823-45bf-8bfa-c86fecc36f44,1778963783489-4,true,correct,2026-07-08 08:43:28.665+00
4e48f266-e823-45bf-8bfa-c86fecc36f44,1778963783489-5,true,correct,2026-07-08 13:38:35.036+00
4e48f266-e823-45bf-8bfa-c86fecc36f44,1778963783489-6,true,correct,2026-07-08 16:35:50.331+00
4e48f266-e823-45bf-8bfa-c86fecc36f44,1778963783489-7,true,wrong,2026-07-08 13:40:46.054+00
4e48f266-e823-45bf-8bfa-c86fecc36f44,1778963783489-8,true,correct,2026-07-08 08:45:32.214+00
4e48f266-e823-45bf-8bfa-c86fecc36f44,1778963783489-9,true,correct,2026-07-10 06:52:03.446+00
4e48f266-e823-45bf-8bfa-c86fecc36f44,1778963783490-16,true,correct,2026-05-20 21:07:12.741+00
4e48f266-e823-45bf-8bfa-c86fecc36f44,1778963783490-20,true,correct,2026-07-11 06:37:33.125+00
4e48f266-e823-45bf-8bfa-c86fecc36f44,1778963783490-21,true,correct,2026-07-11 08:55:52.853+00
4e48f266-e823-45bf-8bfa-c86fecc36f44,1778963791144-1,true,correct,2026-07-13 06:23:34.134+00
4e48f266-e823-45bf-8bfa-c86fecc36f44,1778963791144-3,true,correct,2026-07-13 06:29:26.456+00
4e48f266-e823-45bf-8bfa-c86fecc36f44,1778963791145-10,true,correct,2026-07-10 09:19:49.805+00
4e48f266-e823-45bf-8bfa-c86fecc36f44,1778963791145-11,true,correct,2026-07-10 07:18:59.325+00
4e48f266-e823-45bf-8bfa-c86fecc36f44,1778963791145-12,true,correct,2026-07-10 07:18:23.269+00
4e48f266-e823-45bf-8bfa-c86fecc36f44,1778963791145-13,true,correct,2026-07-09 06:47:18.18+00
4e48f266-e823-45bf-8bfa-c86fecc36f44,1778963791145-14,true,correct,2026-06-29 09:09:45.46+00
4e48f266-e823-45bf-8bfa-c86fecc36f44,1778963791145-16,true,correct,2026-06-29 09:02:58.367+00
4e48f266-e823-45bf-8bfa-c86fecc36f44,1778963791145-19,true,correct,2026-07-11 08:52:14.651+00
4e48f266-e823-45bf-8bfa-c86fecc36f44,1778963791145-5,true,correct,2026-07-01 08:43:55.521+00
4e48f266-e823-45bf-8bfa-c86fecc36f44,1778963791145-6,true,correct,2026-07-08 16:10:58.044+00
4e48f266-e823-45bf-8bfa-c86fecc36f44,1778963791145-7,true,correct,2026-07-08 08:42:56.619+00
4e48f266-e823-45bf-8bfa-c86fecc36f44,1778963791145-8,true,correct,2026-07-10 07:48:44.83+00
4e48f266-e823-45bf-8bfa-c86fecc36f44,1778963791145-9,true,correct,2026-07-09 16:16:23.251+00
4e48f266-e823-45bf-8bfa-c86fecc36f44,1778965316878-10,true,correct,2026-07-09 12:25:23.289+00
4e48f266-e823-45bf-8bfa-c86fecc36f44,1778965316878-11,true,wrong,2026-07-10 09:10:04.474+00
4e48f266-e823-45bf-8bfa-c86fecc36f44,1778965316878-12,true,correct,2026-07-10 09:20:43.75+00
4e48f266-e823-45bf-8bfa-c86fecc36f44,1778965316878-13,true,correct,2026-07-08 16:15:01.748+00
4e48f266-e823-45bf-8bfa-c86fecc36f44,1778965316878-15,true,wrong,2026-07-12 09:49:15.668+00
4e48f266-e823-45bf-8bfa-c86fecc36f44,1778965316878-16,true,correct,2026-06-29 08:41:36.091+00
4e48f266-e823-45bf-8bfa-c86fecc36f44,1778965316878-19,true,correct,2026-07-11 07:53:16.11+00
4e48f266-e823-45bf-8bfa-c86fecc36f44,1778965316878-2,true,correct,2026-07-13 06:23:40.059+00
4e48f266-e823-45bf-8bfa-c86fecc36f44,1778965316878-20,true,correct,2026-07-11 07:55:24.849+00
4e48f266-e823-45bf-8bfa-c86fecc36f44,1778965316878-3,true,correct,2026-07-13 06:22:29.183+00
4e48f266-e823-45bf-8bfa-c86fecc36f44,1778965316878-6,true,correct,2026-07-09 12:31:57.437+00
4e48f266-e823-45bf-8bfa-c86fecc36f44,1778965316878-7,true,correct,2026-07-10 06:48:56.674+00
4e48f266-e823-45bf-8bfa-c86fecc36f44,1778965316878-8,true,correct,2026-07-08 13:38:55.94+00
4e48f266-e823-45bf-8bfa-c86fecc36f44,1778965316878-9,true,correct,2026-07-09 16:20:51.291+00
4e48f266-e823-45bf-8bfa-c86fecc36f44,1778965490226-1,true,correct,2026-05-20 21:06:28.526+00
4e48f266-e823-45bf-8bfa-c86fecc36f44,1778965490226-10,true,correct,2026-07-10 06:52:56.223+00
4e48f266-e823-45bf-8bfa-c86fecc36f44,1778965490226-11,true,correct,2026-07-08 16:10:18.047+00
4e48f266-e823-45bf-8bfa-c86fecc36f44,1778965490226-12,true,correct,2026-07-08 13:44:59.504+00
4e48f266-e823-45bf-8bfa-c86fecc36f44,1778965490226-13,true,correct,2026-07-08 13:02:49.698+00
4e48f266-e823-45bf-8bfa-c86fecc36f44,1778965490226-14,true,correct,2026-07-08 13:49:59.957+00
4e48f266-e823-45bf-8bfa-c86fecc36f44,1778965490226-2,true,correct,2026-06-27 16:02:11.046+00
4e48f266-e823-45bf-8bfa-c86fecc36f44,1778965490226-5,true,correct,2026-07-11 07:29:56.197+00
4e48f266-e823-45bf-8bfa-c86fecc36f44,1778965490226-6,true,correct,2026-07-11 06:29:07.427+00
4e48f266-e823-45bf-8bfa-c86fecc36f44,1778965490226-7,true,correct,2026-07-10 07:45:05.278+00
4e48f266-e823-45bf-8bfa-c86fecc36f44,1778965490226-8,true,correct,2026-07-09 06:47:49.8+00
4e48f266-e823-45bf-8bfa-c86fecc36f44,1778965490226-9,true,correct,2026-07-09 12:48:23.397+00
4e48f266-e823-45bf-8bfa-c86fecc36f44,1778965490227-15,true,correct,2026-05-20 17:14:39.583+00
4e48f266-e823-45bf-8bfa-c86fecc36f44,1778965490227-17,true,correct,2026-07-11 06:40:30.775+00
4e48f266-e823-45bf-8bfa-c86fecc36f44,1778965490227-19,true,correct,2026-07-11 07:29:17.632+00
4e48f266-e823-45bf-8bfa-c86fecc36f44,1778965490227-20,true,correct,2026-06-29 08:34:52.569+00
4e48f266-e823-45bf-8bfa-c86fecc36f44,1778965490227-21,true,correct,2026-07-08 16:10:48.514+00
4e48f266-e823-45bf-8bfa-c86fecc36f44,1778965490227-22,true,correct,2026-07-08 13:03:02.74+00
4e48f266-e823-45bf-8bfa-c86fecc36f44,1779020930059-1,true,correct,2026-06-29 09:32:54.524+00
4e48f266-e823-45bf-8bfa-c86fecc36f44,1779020930059-10,true,correct,2026-07-08 16:18:11.825+00
4e48f266-e823-45bf-8bfa-c86fecc36f44,1779020930059-11,true,correct,2026-07-10 07:21:59.622+00
4e48f266-e823-45bf-8bfa-c86fecc36f44,1779020930059-12,true,correct,2026-07-08 12:55:10.192+00
4e48f266-e823-45bf-8bfa-c86fecc36f44,1779020930059-13,true,correct,2026-07-08 13:46:40.454+00
4e48f266-e823-45bf-8bfa-c86fecc36f44,1779020930059-14,true,correct,2026-07-09 06:43:28.712+00
4e48f266-e823-45bf-8bfa-c86fecc36f44,1779020930059-5,true,correct,2026-07-11 07:05:53.684+00
4e48f266-e823-45bf-8bfa-c86fecc36f44,1779020930059-6,true,correct,2026-07-11 12:07:33.909+00
4e48f266-e823-45bf-8bfa-c86fecc36f44,1779020930059-7,true,correct,2026-07-08 08:36:17.378+00
4e48f266-e823-45bf-8bfa-c86fecc36f44,1779020930059-8,true,correct,2026-07-10 07:54:20.961+00
4e48f266-e823-45bf-8bfa-c86fecc36f44,1779020930059-9,true,correct,2026-07-09 12:38:01.489+00
4e48f266-e823-45bf-8bfa-c86fecc36f44,1779021155600-10,true,correct,2026-07-08 13:04:29.485+00
4e48f266-e823-45bf-8bfa-c86fecc36f44,1779021155600-11,true,correct,2026-07-09 06:29:47.136+00
4e48f266-e823-45bf-8bfa-c86fecc36f44,1779021155600-12,true,correct,2026-07-09 07:35:36.863+00
4e48f266-e823-45bf-8bfa-c86fecc36f44,1779021155600-13,true,correct,2026-07-08 16:09:19.137+00
4e48f266-e823-45bf-8bfa-c86fecc36f44,1779021155600-14,true,correct,2026-07-09 07:33:00.606+00
4e48f266-e823-45bf-8bfa-c86fecc36f44,1779021155600-2,true,correct,2026-06-29 09:14:18.966+00
4e48f266-e823-45bf-8bfa-c86fecc36f44,1779021155600-5,true,correct,2026-07-11 07:52:48.299+00
4e48f266-e823-45bf-8bfa-c86fecc36f44,1779021155600-6,true,wrong,2026-07-11 12:01:48.41+00
4e48f266-e823-45bf-8bfa-c86fecc36f44,1779021155600-7,true,correct,2026-07-10 07:22:31.54+00
4e48f266-e823-45bf-8bfa-c86fecc36f44,1779021155600-8,true,correct,2026-07-08 16:09:32.08+00
4e48f266-e823-45bf-8bfa-c86fecc36f44,1779021155600-9,true,wrong,2026-07-09 16:17:29.335+00
4e48f266-e823-45bf-8bfa-c86fecc36f44,1779021729283-1,true,correct,2026-07-01 08:39:04.284+00
4e48f266-e823-45bf-8bfa-c86fecc36f44,1779021729283-10,true,correct,2026-07-11 06:22:15.721+00
4e48f266-e823-45bf-8bfa-c86fecc36f44,1779021729283-11,true,correct,2026-07-09 06:43:18.76+00
4e48f266-e823-45bf-8bfa-c86fecc36f44,1779021729283-12,true,correct,2026-07-09 06:24:45.155+00
4e48f266-e823-45bf-8bfa-c86fecc36f44,1779021729283-13,true,correct,2026-07-08 13:52:11.741+00
4e48f266-e823-45bf-8bfa-c86fecc36f44,1779021729283-14,true,correct,2026-07-09 13:55:15.467+00
4e48f266-e823-45bf-8bfa-c86fecc36f44,1779021729283-15,true,correct,2026-07-08 16:10:00.1+00
4e48f266-e823-45bf-8bfa-c86fecc36f44,1779021729283-16,true,correct,2026-07-10 09:19:46.576+00
4e48f266-e823-45bf-8bfa-c86fecc36f44,1779021729283-2,true,correct,2026-07-01 08:42:48.32+00
4e48f266-e823-45bf-8bfa-c86fecc36f44,1779021729283-3,true,correct,2026-07-02 08:47:24.167+00
4e48f266-e823-45bf-8bfa-c86fecc36f44,1779021729283-4,true,correct,2026-06-27 16:01:47.419+00
4e48f266-e823-45bf-8bfa-c86fecc36f44,1779021729283-6,true,correct,2026-07-13 06:23:08.274+00
4e48f266-e823-45bf-8bfa-c86fecc36f44,1779021729283-7,true,correct,2026-06-28 17:17:54.885+00
4e48f266-e823-45bf-8bfa-c86fecc36f44,1779021729283-9,true,correct,2026-07-11 12:03:15.6+00
4e48f266-e823-45bf-8bfa-c86fecc36f44,1779021729284-17,true,correct,2026-07-10 07:08:54.911+00
4e48f266-e823-45bf-8bfa-c86fecc36f44,1779021729284-18,true,correct,2026-07-08 08:32:11.528+00
4e48f266-e823-45bf-8bfa-c86fecc36f44,1779021729284-19,true,correct,2026-07-09 06:42:35.237+00
4e48f266-e823-45bf-8bfa-c86fecc36f44,1779021944722-10,true,correct,2026-07-08 13:12:46.849+00
4e48f266-e823-45bf-8bfa-c86fecc36f44,1779021944722-11,true,correct,2026-07-08 13:48:22.566+00
4e48f266-e823-45bf-8bfa-c86fecc36f44,1779021944722-13,true,correct,2026-07-10 09:10:13.028+00
4e48f266-e823-45bf-8bfa-c86fecc36f44,1779021944722-4,true,correct,2026-07-09 06:40:13.176+00
4e48f266-e823-45bf-8bfa-c86fecc36f44,1779022110347-14,true,correct,2026-07-11 06:38:36.306+00
4e48f266-e823-45bf-8bfa-c86fecc36f44,1779022110347-16,true,correct,2026-07-11 06:35:39.146+00
4e48f266-e823-45bf-8bfa-c86fecc36f44,1779022110347-19,true,correct,2026-07-09 12:52:44.043+00
4e48f266-e823-45bf-8bfa-c86fecc36f44,1779022110348-21,true,correct,2026-07-08 08:30:13.393+00
4e48f266-e823-45bf-8bfa-c86fecc36f44,1779022110349-25,true,wrong,2026-07-08 13:02:19.405+00
4e48f266-e823-45bf-8bfa-c86fecc36f44,1779023235908-83,true,wrong,2026-07-01 08:46:33.901+00
4e48f266-e823-45bf-8bfa-c86fecc36f44,1779023235908-99,true,correct,2026-07-01 08:43:45.995+00
4e48f266-e823-45bf-8bfa-c86fecc36f44,1779024543278-1,true,correct,2026-07-02 08:46:36.055+00
4e48f266-e823-45bf-8bfa-c86fecc36f44,1779024543278-2,true,correct,2026-07-02 08:52:07.025+00
4e48f266-e823-45bf-8bfa-c86fecc36f44,1779024543278-3,true,wrong,2026-07-13 08:51:13.403+00
4e48f266-e823-45bf-8bfa-c86fecc36f44,1779024543278-5,true,correct,2026-07-02 08:52:18.994+00
4e48f266-e823-45bf-8bfa-c86fecc36f44,1779024543279-10,true,correct,2026-07-13 08:51:51.379+00
4e48f266-e823-45bf-8bfa-c86fecc36f44,1779024543279-12,true,correct,2026-07-01 08:42:06.035+00
4e48f266-e823-45bf-8bfa-c86fecc36f44,1779024543279-14,true,correct,2026-07-13 08:52:06.013+00
4e48f266-e823-45bf-8bfa-c86fecc36f44,1779024543279-17,true,correct,2026-07-13 08:50:23.703+00
4e48f266-e823-45bf-8bfa-c86fecc36f44,1779024543279-18,true,correct,2026-07-02 08:53:31.338+00
4e48f266-e823-45bf-8bfa-c86fecc36f44,1779024543279-24,true,correct,2026-07-12 09:50:34.409+00
4e48f266-e823-45bf-8bfa-c86fecc36f44,1779024543279-28,true,wrong,2026-07-12 06:36:05.922+00
4e48f266-e823-45bf-8bfa-c86fecc36f44,1779024543279-29,true,correct,2026-07-12 09:51:07.54+00
4e48f266-e823-45bf-8bfa-c86fecc36f44,1779024543279-30,true,wrong,2026-07-07 08:53:00.544+00
4e48f266-e823-45bf-8bfa-c86fecc36f44,1779024543279-33,true,correct,2026-07-02 08:49:40.986+00
4e48f266-e823-45bf-8bfa-c86fecc36f44,1779024543279-34,true,wrong,2026-07-07 08:54:51.285+00
4e48f266-e823-45bf-8bfa-c86fecc36f44,1779024543279-36,true,correct,2026-07-01 08:34:08.496+00
4e48f266-e823-45bf-8bfa-c86fecc36f44,1779024543279-37,true,correct,2026-07-02 08:58:19.23+00
4e48f266-e823-45bf-8bfa-c86fecc36f44,1779024543279-40,true,correct,2026-07-02 08:44:40.275+00
4e48f266-e823-45bf-8bfa-c86fecc36f44,1779024543279-43,true,correct,2026-07-02 08:46:19.628+00
4e48f266-e823-45bf-8bfa-c86fecc36f44,1779024543279-45,true,wrong,2026-07-02 08:50:52.449+00
4e48f266-e823-45bf-8bfa-c86fecc36f44,1779024543279-49,true,correct,2026-07-02 08:56:04.278+00
4e48f266-e823-45bf-8bfa-c86fecc36f44,1779024543279-51,true,correct,2026-07-02 08:53:15.696+00
4e48f266-e823-45bf-8bfa-c86fecc36f44,1779024543279-56,true,correct,2026-07-12 06:37:51.126+00
4e48f266-e823-45bf-8bfa-c86fecc36f44,1779024543279-58,true,correct,2026-07-02 08:46:54.475+00
4e48f266-e823-45bf-8bfa-c86fecc36f44,1779025862145-1,true,correct,2026-06-28 17:01:57.118+00
4e48f266-e823-45bf-8bfa-c86fecc36f44,1779025862145-10,true,correct,2026-07-12 06:34:03.76+00
4e48f266-e823-45bf-8bfa-c86fecc36f44,1779025862145-12,true,correct,2026-06-28 17:19:40.704+00
4e48f266-e823-45bf-8bfa-c86fecc36f44,1779025862145-13,true,correct,2026-06-28 17:20:44.189+00
4e48f266-e823-45bf-8bfa-c86fecc36f44,1779025862145-14,true,correct,2026-06-28 17:15:07.256+00
4e48f266-e823-45bf-8bfa-c86fecc36f44,1779025862145-15,true,correct,2026-06-28 17:12:25.558+00
4e48f266-e823-45bf-8bfa-c86fecc36f44,1779025862145-16,true,correct,2026-06-28 17:00:57.726+00
4e48f266-e823-45bf-8bfa-c86fecc36f44,1779025862145-17,true,correct,2026-06-28 17:16:17.52+00
4e48f266-e823-45bf-8bfa-c86fecc36f44,1779025862145-18,true,correct,2026-06-28 17:14:57.52+00
4e48f266-e823-45bf-8bfa-c86fecc36f44,1779025862145-19,true,correct,2026-06-28 17:16:06.181+00
4e48f266-e823-45bf-8bfa-c86fecc36f44,1779025862145-2,true,correct,2026-06-28 17:11:11.343+00
4e48f266-e823-45bf-8bfa-c86fecc36f44,1779025862145-21,true,correct,2026-06-28 17:18:53.885+00
4e48f266-e823-45bf-8bfa-c86fecc36f44,1779025862145-22,true,correct,2026-06-28 17:10:47.754+00
4e48f266-e823-45bf-8bfa-c86fecc36f44,1779025862145-24,true,correct,2026-06-28 17:19:09.117+00
4e48f266-e823-45bf-8bfa-c86fecc36f44,1779025862145-25,true,correct,2026-06-28 17:11:57.08+00
4e48f266-e823-45bf-8bfa-c86fecc36f44,1779025862145-26,true,correct,2026-06-28 17:13:29.364+00
4e48f266-e823-45bf-8bfa-c86fecc36f44,1779025862145-27,true,wrong,2026-07-02 08:57:28.951+00
4e48f266-e823-45bf-8bfa-c86fecc36f44,1779025862145-28,true,wrong,2026-07-12 09:51:40.956+00
4e48f266-e823-45bf-8bfa-c86fecc36f44,1779025862145-29,true,correct,2026-05-20 21:02:46.932+00
4e48f266-e823-45bf-8bfa-c86fecc36f44,1779025862145-3,true,correct,2026-07-12 09:49:40.335+00
4e48f266-e823-45bf-8bfa-c86fecc36f44,1779025862145-30,true,correct,2026-07-02 08:53:01.881+00
4e48f266-e823-45bf-8bfa-c86fecc36f44,1779025862145-31,true,correct,2026-06-28 17:11:47.686+00
4e48f266-e823-45bf-8bfa-c86fecc36f44,1779025862145-32,true,correct,2026-06-28 17:20:11.016+00
4e48f266-e823-45bf-8bfa-c86fecc36f44,1779025862145-33,true,correct,2026-06-28 17:20:37.109+00
4e48f266-e823-45bf-8bfa-c86fecc36f44,1779025862145-34,true,correct,2026-07-12 06:40:08.877+00
4e48f266-e823-45bf-8bfa-c86fecc36f44,1779025862145-4,true,correct,2026-06-28 17:16:40.576+00
4e48f266-e823-45bf-8bfa-c86fecc36f44,1779025862145-5,true,correct,2026-07-01 08:28:51.719+00
4e48f266-e823-45bf-8bfa-c86fecc36f44,1779025862145-6,true,correct,2026-06-28 17:13:05.332+00
4e48f266-e823-45bf-8bfa-c86fecc36f44,1779025862145-7,true,correct,2026-07-12 06:41:16.341+00
4e48f266-e823-45bf-8bfa-c86fecc36f44,1779025862145-8,true,correct,2026-06-28 17:12:54.592+00
4e48f266-e823-45bf-8bfa-c86fecc36f44,1779025862145-9,true,correct,2026-06-28 17:11:20.62+00
4e48f266-e823-45bf-8bfa-c86fecc36f44,1779025862146-35,true,correct,2026-06-28 17:15:29.877+00
4e48f266-e823-45bf-8bfa-c86fecc36f44,1779025862146-36,true,correct,2026-06-28 17:15:19.513+00
4e48f266-e823-45bf-8bfa-c86fecc36f44,1779025862146-37,true,correct,2026-05-20 16:52:28.268+00
4e48f266-e823-45bf-8bfa-c86fecc36f44,1779025862146-39,true,correct,2026-06-28 17:19:43.705+00
4e48f266-e823-45bf-8bfa-c86fecc36f44,1779025862146-40,true,correct,2026-06-28 17:20:17.107+00
4e48f266-e823-45bf-8bfa-c86fecc36f44,1779025862146-41,true,correct,2026-05-23 14:37:03.803+00
4e48f266-e823-45bf-8bfa-c86fecc36f44,1779025862146-42,true,correct,2026-05-23 14:37:38.013+00
4e48f266-e823-45bf-8bfa-c86fecc36f44,1779025862146-43,true,correct,2026-06-28 17:12:19.94+00
4e48f266-e823-45bf-8bfa-c86fecc36f44,1779025862146-44,true,correct,2026-06-28 17:20:21.741+00
4e48f266-e823-45bf-8bfa-c86fecc36f44,1779025862146-45,true,correct,2026-06-28 17:12:39.35+00
4e48f266-e823-45bf-8bfa-c86fecc36f44,1779025862146-47,true,correct,2026-06-28 17:12:47.385+00
4e48f266-e823-45bf-8bfa-c86fecc36f44,1779025862146-48,true,correct,2026-06-28 17:19:00.695+00
4e48f266-e823-45bf-8bfa-c86fecc36f44,1779025862146-50,true,correct,2026-06-28 17:10:23.671+00
4e48f266-e823-45bf-8bfa-c86fecc36f44,1779025862146-51,true,wrong,2026-07-13 08:51:16.392+00
4e48f266-e823-45bf-8bfa-c86fecc36f44,1779025862146-52,true,correct,2026-06-28 17:01:10.501+00
4e48f266-e823-45bf-8bfa-c86fecc36f44,1779025862146-53,true,correct,2026-06-28 17:19:29.296+00
4e48f266-e823-45bf-8bfa-c86fecc36f44,1779025862146-54,true,correct,2026-06-28 17:02:15.726+00
4e48f266-e823-45bf-8bfa-c86fecc36f44,1779025862146-58,true,correct,2026-06-28 17:19:19.586+00
4e48f266-e823-45bf-8bfa-c86fecc36f44,1779025862146-59,true,correct,2026-06-28 17:14:09.999+00
4e48f266-e823-45bf-8bfa-c86fecc36f44,1779025862146-60,true,correct,2026-06-28 17:01:19.266+00
4e48f266-e823-45bf-8bfa-c86fecc36f44,1779027017010-10,true,correct,2026-07-12 06:33:48.233+00
4e48f266-e823-45bf-8bfa-c86fecc36f44,1779027017010-11,true,correct,2026-06-27 16:09:31.166+00
4e48f266-e823-45bf-8bfa-c86fecc36f44,1779027017010-16,true,correct,2026-07-12 06:33:01.433+00
4e48f266-e823-45bf-8bfa-c86fecc36f44,1779027017010-18,true,correct,2026-05-23 14:37:14.213+00
4e48f266-e823-45bf-8bfa-c86fecc36f44,1779027017010-2,true,correct,2026-06-27 16:10:56.645+00
4e48f266-e823-45bf-8bfa-c86fecc36f44,1779027017010-25,true,correct,2026-05-20 17:14:22.868+00
4e48f266-e823-45bf-8bfa-c86fecc36f44,1779027017010-3,true,correct,2026-06-29 09:30:24.49+00
4e48f266-e823-45bf-8bfa-c86fecc36f44,1779027017010-4,true,correct,2026-06-27 16:10:20.072+00
4e48f266-e823-45bf-8bfa-c86fecc36f44,1779027017010-7,true,correct,2026-05-20 16:56:49.428+00
4e48f266-e823-45bf-8bfa-c86fecc36f44,1779027017011-32,true,correct,2026-06-30 16:33:26.885+00
4e48f266-e823-45bf-8bfa-c86fecc36f44,1779095978012-1,true,correct,2026-06-29 08:34:39.773+00
4e48f266-e823-45bf-8bfa-c86fecc36f44,1779095978012-10,true,correct,2026-07-12 06:29:34.936+00
4e48f266-e823-45bf-8bfa-c86fecc36f44,1779095978012-15,true,correct,2026-07-12 06:32:23.587+00
4e48f266-e823-45bf-8bfa-c86fecc36f44,1779095978012-16,true,wrong,2026-07-01 08:46:32.941+00
4e48f266-e823-45bf-8bfa-c86fecc36f44,1779095978012-18,true,correct,2026-07-13 06:26:26.995+00
4e48f266-e823-45bf-8bfa-c86fecc36f44,1779095978012-21,true,correct,2026-07-01 08:32:47.159+00
4e48f266-e823-45bf-8bfa-c86fecc36f44,1779095978012-22,true,wrong,2026-07-07 08:54:54.644+00
4e48f266-e823-45bf-8bfa-c86fecc36f44,1779095978012-23,true,correct,2026-06-28 17:13:21.629+00
4e48f266-e823-45bf-8bfa-c86fecc36f44,1779095978012-25,true,correct,2026-07-13 08:51:43.413+00
4e48f266-e823-45bf-8bfa-c86fecc36f44,1779095978012-27,true,correct,2026-06-27 16:07:58.559+00
4e48f266-e823-45bf-8bfa-c86fecc36f44,1779095978012-29,true,correct,2026-06-27 16:18:02.596+00
4e48f266-e823-45bf-8bfa-c86fecc36f44,1779095978012-3,true,correct,2026-06-28 17:10:59.612+00
4e48f266-e823-45bf-8bfa-c86fecc36f44,1779095978012-33,true,correct,2026-07-01 08:31:13.115+00
4e48f266-e823-45bf-8bfa-c86fecc36f44,1779095978012-34,true,correct,2026-06-27 16:11:30.516+00
4e48f266-e823-45bf-8bfa-c86fecc36f44,1779095978012-40,true,correct,2026-07-02 08:54:13.459+00
4e48f266-e823-45bf-8bfa-c86fecc36f44,1779095978012-8,true,correct,2026-05-21 19:34:36.249+00
4e48f266-e823-45bf-8bfa-c86fecc36f44,1779095978012-9,true,correct,2026-05-20 21:09:20.344+00
4e48f266-e823-45bf-8bfa-c86fecc36f44,1779095978013-43,true,correct,2026-05-20 20:59:56.327+00
4e48f266-e823-45bf-8bfa-c86fecc36f44,1779095978013-46,true,correct,2026-05-20 20:54:10.306+00
4e48f266-e823-45bf-8bfa-c86fecc36f44,1779095978013-50,true,correct,2026-06-27 16:01:58.58+00
4e48f266-e823-45bf-8bfa-c86fecc36f44,1779095978013-51,true,correct,2026-07-12 06:41:04.205+00
4e48f266-e823-45bf-8bfa-c86fecc36f44,1779095978013-52,true,correct,2026-06-27 16:13:04.723+00
4e48f266-e823-45bf-8bfa-c86fecc36f44,1779095978013-56,true,correct,2026-07-01 08:46:31.179+00
4e48f266-e823-45bf-8bfa-c86fecc36f44,1779095978013-57,true,correct,2026-07-13 06:30:19.287+00
4e48f266-e823-45bf-8bfa-c86fecc36f44,1779096455789-10,true,correct,2026-06-30 16:32:53.157+00
4e48f266-e823-45bf-8bfa-c86fecc36f44,1779096455789-11,true,wrong,2026-07-12 06:29:14.372+00
4e48f266-e823-45bf-8bfa-c86fecc36f44,1779096455789-12,true,correct,2026-06-27 16:16:27.052+00
4e48f266-e823-45bf-8bfa-c86fecc36f44,1779096455789-13,true,correct,2026-06-30 16:32:45.524+00
4e48f266-e823-45bf-8bfa-c86fecc36f44,1779096455789-19,true,correct,2026-05-20 16:51:47.143+00
4e48f266-e823-45bf-8bfa-c86fecc36f44,1779096455789-2,true,correct,2026-06-29 08:48:01.242+00
4e48f266-e823-45bf-8bfa-c86fecc36f44,1779096455789-22,true,wrong,2026-07-12 06:37:29.001+00
4e48f266-e823-45bf-8bfa-c86fecc36f44,1779096455789-23,true,correct,2026-07-01 08:28:14.626+00
4e48f266-e823-45bf-8bfa-c86fecc36f44,1779096455789-28,true,correct,2026-06-27 16:02:19.512+00
4e48f266-e823-45bf-8bfa-c86fecc36f44,1779096455789-30,true,correct,2026-06-28 17:17:17.349+00
4e48f266-e823-45bf-8bfa-c86fecc36f44,1779096455789-32,true,wrong,2026-07-02 08:52:51.195+00
4e48f266-e823-45bf-8bfa-c86fecc36f44,1779096455789-33,true,correct,2026-06-28 17:13:40.178+00
4e48f266-e823-45bf-8bfa-c86fecc36f44,1779096455789-39,true,correct,2026-07-12 09:51:46.209+00
4e48f266-e823-45bf-8bfa-c86fecc36f44,1779096455789-4,true,correct,2026-06-27 16:16:54.376+00
4e48f266-e823-45bf-8bfa-c86fecc36f44,1779096455789-5,true,correct,2026-07-01 08:33:27.42+00
4e48f266-e823-45bf-8bfa-c86fecc36f44,1779096455789-7,true,correct,2026-06-27 16:03:16.8+00
4e48f266-e823-45bf-8bfa-c86fecc36f44,1779096455789-8,true,correct,2026-06-27 16:04:19.698+00
4e48f266-e823-45bf-8bfa-c86fecc36f44,1779096455790-49,true,correct,2026-05-20 16:56:33.493+00
4e48f266-e823-45bf-8bfa-c86fecc36f44,1779096455790-50,true,correct,2026-06-27 16:07:20.023+00
4e48f266-e823-45bf-8bfa-c86fecc36f44,1779096455790-51,true,correct,2026-07-01 08:27:55.943+00
4e48f266-e823-45bf-8bfa-c86fecc36f44,1779096455790-52,true,correct,2026-06-27 16:14:04.539+00
4e48f266-e823-45bf-8bfa-c86fecc36f44,1779096455790-53,true,correct,2026-07-13 06:29:13.653+00
4e48f266-e823-45bf-8bfa-c86fecc36f44,1779096455790-56,true,correct,2026-05-21 19:33:08.52+00
4e48f266-e823-45bf-8bfa-c86fecc36f44,1779096455790-58,true,correct,2026-05-20 21:01:58.532+00
4e48f266-e823-45bf-8bfa-c86fecc36f44,1779096455790-59,true,correct,2026-05-20 21:01:40.973+00
4e48f266-e823-45bf-8bfa-c86fecc36f44,1779096455790-61,true,correct,2026-06-27 16:08:15.172+00
4e48f266-e823-45bf-8bfa-c86fecc36f44,1779096455790-62,true,correct,2026-06-30 16:33:18.156+00
4e48f266-e823-45bf-8bfa-c86fecc36f44,1779096455790-63,true,correct,2026-06-27 16:16:02.281+00
4e48f266-e823-45bf-8bfa-c86fecc36f44,1779096455790-65,true,correct,2026-06-27 16:04:06.383+00
4e48f266-e823-45bf-8bfa-c86fecc36f44,1779096455790-67,true,correct,2026-06-27 16:05:39.85+00
4e48f266-e823-45bf-8bfa-c86fecc36f44,1779096455790-68,true,correct,2026-06-29 08:37:28.261+00
4e48f266-e823-45bf-8bfa-c86fecc36f44,1779096455790-69,true,correct,2026-06-27 16:03:56.116+00
4e48f266-e823-45bf-8bfa-c86fecc36f44,1779096993823-1,true,correct,2026-07-01 08:26:21.572+00
4e48f266-e823-45bf-8bfa-c86fecc36f44,1779096993824-10,true,correct,2026-05-20 16:53:14.798+00
4e48f266-e823-45bf-8bfa-c86fecc36f44,1779096993824-13,true,correct,2026-05-21 19:34:30.541+00
4e48f266-e823-45bf-8bfa-c86fecc36f44,1779096993824-17,true,correct,2026-06-27 16:09:43.914+00
4e48f266-e823-45bf-8bfa-c86fecc36f44,1779096993824-18,true,correct,2026-05-20 16:55:00.188+00
4e48f266-e823-45bf-8bfa-c86fecc36f44,1779096993824-19,true,correct,2026-07-13 06:30:10.242+00
4e48f266-e823-45bf-8bfa-c86fecc36f44,1779096993824-20,true,correct,2026-07-01 08:37:33.152+00
4e48f266-e823-45bf-8bfa-c86fecc36f44,1779096993824-23,true,correct,2026-06-27 16:07:12.395+00
4e48f266-e823-45bf-8bfa-c86fecc36f44,1779096993824-25,true,correct,2026-06-27 16:11:49.4+00
4e48f266-e823-45bf-8bfa-c86fecc36f44,1779096993824-29,true,correct,2026-06-29 09:10:17.664+00
4e48f266-e823-45bf-8bfa-c86fecc36f44,1779096993824-36,true,correct,2026-06-27 16:13:53.128+00
4e48f266-e823-45bf-8bfa-c86fecc36f44,1779096993824-37,true,correct,2026-07-02 08:52:31.226+00
4e48f266-e823-45bf-8bfa-c86fecc36f44,1779096993824-39,true,correct,2026-06-27 16:09:20.238+00
4e48f266-e823-45bf-8bfa-c86fecc36f44,1779096993824-4,true,correct,2026-05-20 17:18:19.813+00
4e48f266-e823-45bf-8bfa-c86fecc36f44,1779096993824-40,true,correct,2026-06-27 16:16:23.333+00
4e48f266-e823-45bf-8bfa-c86fecc36f44,1779096993824-42,true,correct,2026-07-12 06:28:30.175+00
4e48f266-e823-45bf-8bfa-c86fecc36f44,1779096993824-43,true,correct,2026-05-20 21:05:00.693+00
4e48f266-e823-45bf-8bfa-c86fecc36f44,1779096993824-45,true,correct,2026-06-27 16:06:41.352+00
4e48f266-e823-45bf-8bfa-c86fecc36f44,1779096993824-47,true,correct,2026-06-27 16:08:33.557+00
4e48f266-e823-45bf-8bfa-c86fecc36f44,1779096993824-48,true,correct,2026-06-27 16:14:45.845+00
4e48f266-e823-45bf-8bfa-c86fecc36f44,1779096993824-49,true,correct,2026-07-13 08:52:14.495+00
4e48f266-e823-45bf-8bfa-c86fecc36f44,1779096993824-51,true,correct,2026-06-27 16:12:36.664+00
4e48f266-e823-45bf-8bfa-c86fecc36f44,1779096993824-6,true,correct,2026-07-12 06:33:26.843+00
4e48f266-e823-45bf-8bfa-c86fecc36f44,1779096993824-7,true,correct,2026-05-20 17:16:54.866+00
4e48f266-e823-45bf-8bfa-c86fecc36f44,1779096993824-8,true,correct,2026-07-01 08:34:39.96+00
4e48f266-e823-45bf-8bfa-c86fecc36f44,1779096993825-53,true,correct,2026-06-27 16:01:12.402+00
4e48f266-e823-45bf-8bfa-c86fecc36f44,1779096993825-55,true,correct,2026-06-27 16:17:05.907+00
4e48f266-e823-45bf-8bfa-c86fecc36f44,1779096993825-56,true,correct,2026-07-01 08:40:53.637+00
4e48f266-e823-45bf-8bfa-c86fecc36f44,1779096993825-60,true,correct,2026-06-27 16:18:38.994+00
4e48f266-e823-45bf-8bfa-c86fecc36f44,1779096993825-63,true,correct,2026-06-29 09:33:10.518+00
4e48f266-e823-45bf-8bfa-c86fecc36f44,1779098767195-1,true,correct,2026-07-01 08:36:15.112+00
4e48f266-e823-45bf-8bfa-c86fecc36f44,1779098767195-2,true,correct,2026-07-01 08:33:00.554+00
4e48f266-e823-45bf-8bfa-c86fecc36f44,1779098767195-3,true,correct,2026-07-13 06:26:52.577+00
4e48f266-e823-45bf-8bfa-c86fecc36f44,1779098767195-4,true,correct,2026-07-13 06:25:17.791+00
4e48f266-e823-45bf-8bfa-c86fecc36f44,1779098767195-5,true,correct,2026-07-13 06:29:54.042+00
4e48f266-e823-45bf-8bfa-c86fecc36f44,1779098767195-6,true,correct,2026-07-13 06:30:13.376+00
4e48f266-e823-45bf-8bfa-c86fecc36f44,1779098767196-11,true,correct,2026-07-11 12:03:49.076+00
4e48f266-e823-45bf-8bfa-c86fecc36f44,1779098767196-14,true,correct,2026-07-08 12:55:39.932+00
4e48f266-e823-45bf-8bfa-c86fecc36f44,1779098767196-15,true,correct,2026-07-09 12:24:55.177+00
4e48f266-e823-45bf-8bfa-c86fecc36f44,1779098767196-16,true,correct,2026-07-09 12:33:46.78+00
4e48f266-e823-45bf-8bfa-c86fecc36f44,1779098767196-17,true,correct,2026-07-10 07:44:50.931+00
4e48f266-e823-45bf-8bfa-c86fecc36f44,1779098767196-20,true,correct,2026-07-10 07:29:07.053+00
4e48f266-e823-45bf-8bfa-c86fecc36f44,1779098767196-21,true,correct,2026-07-10 07:15:02.786+00
4e48f266-e823-45bf-8bfa-c86fecc36f44,1779098767196-22,true,correct,2026-07-09 06:24:57.645+00
4e48f266-e823-45bf-8bfa-c86fecc36f44,1779098767196-23,true,correct,2026-07-10 07:57:07.271+00
4e48f266-e823-45bf-8bfa-c86fecc36f44,1779098767196-8,true,correct,2026-07-13 06:27:11.755+00
4e48f266-e823-45bf-8bfa-c86fecc36f44,1779099371085-1,true,wrong,2026-07-11 12:08:32.896+00
4e48f266-e823-45bf-8bfa-c86fecc36f44,1779099371085-10,true,correct,2026-07-11 07:33:46.668+00
4e48f266-e823-45bf-8bfa-c86fecc36f44,1779099371085-11,true,correct,2026-07-11 07:27:24.343+00
4e48f266-e823-45bf-8bfa-c86fecc36f44,1779099371085-12,true,correct,2026-07-11 07:26:38.591+00
4e48f266-e823-45bf-8bfa-c86fecc36f44,1779099371085-13,true,correct,2026-07-11 07:55:42.617+00
4e48f266-e823-45bf-8bfa-c86fecc36f44,1779099371085-14,true,correct,2026-07-11 08:46:25.97+00
4e48f266-e823-45bf-8bfa-c86fecc36f44,1779099371085-15,true,correct,2026-07-11 07:49:35.72+00
4e48f266-e823-45bf-8bfa-c86fecc36f44,1779099371085-16,true,correct,2026-07-11 06:38:28.83+00
4e48f266-e823-45bf-8bfa-c86fecc36f44,1779099371085-17,true,wrong,2026-07-11 12:07:59.741+00
4e48f266-e823-45bf-8bfa-c86fecc36f44,1779099371085-18,true,correct,2026-07-11 07:34:24.761+00
4e48f266-e823-45bf-8bfa-c86fecc36f44,1779099371085-19,true,correct,2026-07-11 06:33:32.26+00
4e48f266-e823-45bf-8bfa-c86fecc36f44,1779099371085-2,true,correct,2026-07-11 06:39:43.824+00
4e48f266-e823-45bf-8bfa-c86fecc36f44,1779099371085-20,true,correct,2026-07-11 07:37:50.13+00
4e48f266-e823-45bf-8bfa-c86fecc36f44,1779099371085-21,true,correct,2026-07-11 12:06:56.85+00
4e48f266-e823-45bf-8bfa-c86fecc36f44,1779099371085-22,true,correct,2026-07-11 08:55:28.389+00
4e48f266-e823-45bf-8bfa-c86fecc36f44,1779099371085-23,true,correct,2026-07-11 07:50:27.027+00
4e48f266-e823-45bf-8bfa-c86fecc36f44,1779099371085-24,true,correct,2026-07-11 12:07:09.713+00
4e48f266-e823-45bf-8bfa-c86fecc36f44,1779099371085-25,true,correct,2026-07-11 12:02:50.842+00
4e48f266-e823-45bf-8bfa-c86fecc36f44,1779099371085-26,true,correct,2026-07-11 08:52:32.054+00
4e48f266-e823-45bf-8bfa-c86fecc36f44,1779099371085-27,true,correct,2026-07-11 07:31:40.066+00
4e48f266-e823-45bf-8bfa-c86fecc36f44,1779099371085-28,true,correct,2026-07-11 07:50:08.3+00
4e48f266-e823-45bf-8bfa-c86fecc36f44,1779099371085-29,true,correct,2026-07-11 07:51:03.622+00
4e48f266-e823-45bf-8bfa-c86fecc36f44,1779099371085-3,true,correct,2026-07-11 06:28:53.894+00
4e48f266-e823-45bf-8bfa-c86fecc36f44,1779099371085-30,true,correct,2026-07-11 12:03:08.629+00
4e48f266-e823-45bf-8bfa-c86fecc36f44,1779099371085-31,true,correct,2026-07-11 11:59:37.877+00
4e48f266-e823-45bf-8bfa-c86fecc36f44,1779099371085-32,true,correct,2026-07-11 07:34:05.313+00
4e48f266-e823-45bf-8bfa-c86fecc36f44,1779099371085-33,true,correct,2026-07-11 07:25:46.632+00
4e48f266-e823-45bf-8bfa-c86fecc36f44,1779099371085-34,true,correct,2026-07-11 07:27:01.31+00
4e48f266-e823-45bf-8bfa-c86fecc36f44,1779099371085-35,true,correct,2026-07-11 08:55:19.464+00
4e48f266-e823-45bf-8bfa-c86fecc36f44,1779099371085-36,true,correct,2026-07-11 12:05:06.205+00
4e48f266-e823-45bf-8bfa-c86fecc36f44,1779099371085-37,true,correct,2026-07-11 06:35:45.85+00
4e48f266-e823-45bf-8bfa-c86fecc36f44,1779099371085-38,true,correct,2026-07-11 07:53:04.312+00
4e48f266-e823-45bf-8bfa-c86fecc36f44,1779099371085-39,true,correct,2026-07-11 06:40:05.733+00
4e48f266-e823-45bf-8bfa-c86fecc36f44,1779099371085-4,true,correct,2026-07-11 09:00:26.761+00
4e48f266-e823-45bf-8bfa-c86fecc36f44,1779099371085-40,true,wrong,2026-07-11 12:06:37.148+00
4e48f266-e823-45bf-8bfa-c86fecc36f44,1779099371085-41,true,correct,2026-07-11 07:11:08.557+00
4e48f266-e823-45bf-8bfa-c86fecc36f44,1779099371085-42,true,correct,2026-07-11 12:04:12.408+00
4e48f266-e823-45bf-8bfa-c86fecc36f44,1779099371085-43,true,correct,2026-07-11 08:52:38.474+00
4e48f266-e823-45bf-8bfa-c86fecc36f44,1779099371085-5,true,correct,2026-07-11 07:51:23.091+00
4e48f266-e823-45bf-8bfa-c86fecc36f44,1779099371085-6,true,correct,2026-07-11 07:32:57.521+00
4e48f266-e823-45bf-8bfa-c86fecc36f44,1779099371085-7,true,correct,2026-07-11 08:55:42.909+00
4e48f266-e823-45bf-8bfa-c86fecc36f44,1779099371085-8,true,correct,2026-07-11 08:57:08.651+00
4e48f266-e823-45bf-8bfa-c86fecc36f44,1779099371085-9,true,correct,2026-07-11 12:05:51.456+00
4e48f266-e823-45bf-8bfa-c86fecc36f44,1779099371086-44,true,correct,2026-07-11 07:39:09.256+00
4e48f266-e823-45bf-8bfa-c86fecc36f44,1779099371086-45,true,correct,2026-07-11 06:29:40.156+00
4e48f266-e823-45bf-8bfa-c86fecc36f44,1779099371086-46,true,correct,2026-07-11 07:32:42.333+00
4e48f266-e823-45bf-8bfa-c86fecc36f44,1779099371086-47,true,correct,2026-07-11 08:58:51.799+00
4e48f266-e823-45bf-8bfa-c86fecc36f44,1779099371086-48,true,correct,2026-07-11 12:07:15.271+00
4e48f266-e823-45bf-8bfa-c86fecc36f44,1779099371086-49,true,correct,2026-07-11 12:05:40.837+00
4e48f266-e823-45bf-8bfa-c86fecc36f44,1779099371086-50,true,correct,2026-07-11 07:33:01.706+00
4e48f266-e823-45bf-8bfa-c86fecc36f44,1779099371086-51,true,correct,2026-07-11 12:07:40.915+00
4e48f266-e823-45bf-8bfa-c86fecc36f44,1779099371086-52,true,correct,2026-07-11 06:24:55.395+00
4e48f266-e823-45bf-8bfa-c86fecc36f44,1779099371086-53,true,correct,2026-07-11 06:35:27.415+00
4e48f266-e823-45bf-8bfa-c86fecc36f44,1779099371086-54,true,correct,2026-07-11 06:31:26.3+00
4e48f266-e823-45bf-8bfa-c86fecc36f44,1779099371086-55,true,wrong,2026-07-11 12:04:28.319+00
4e48f266-e823-45bf-8bfa-c86fecc36f44,1779099371086-56,true,correct,2026-07-11 12:04:41.979+00
4e48f266-e823-45bf-8bfa-c86fecc36f44,1779099371086-57,true,correct,2026-07-11 06:40:18.393+00
4e48f266-e823-45bf-8bfa-c86fecc36f44,1779099371086-58,true,correct,2026-07-11 07:31:11.881+00
4e48f266-e823-45bf-8bfa-c86fecc36f44,1779099371086-59,true,correct,2026-07-11 12:08:23.907+00
4e48f266-e823-45bf-8bfa-c86fecc36f44,1779099371086-60,true,correct,2026-07-11 08:59:36.649+00
4e48f266-e823-45bf-8bfa-c86fecc36f44,1779099371086-61,true,correct,2026-07-11 12:05:28.456+00
4e48f266-e823-45bf-8bfa-c86fecc36f44,1779099371086-62,true,correct,2026-07-11 12:06:10.908+00
4e48f266-e823-45bf-8bfa-c86fecc36f44,1779099371086-63,true,correct,2026-07-11 07:51:51.133+00
4e48f266-e823-45bf-8bfa-c86fecc36f44,1779099371086-64,true,correct,2026-07-11 07:28:57.516+00
4e48f266-e823-45bf-8bfa-c86fecc36f44,1779099371086-65,true,correct,2026-07-11 07:49:09.201+00
4e48f266-e823-45bf-8bfa-c86fecc36f44,1779099371086-66,true,correct,2026-07-11 12:04:50.696+00
4e48f266-e823-45bf-8bfa-c86fecc36f44,1779099371086-67,true,correct,2026-07-11 07:11:57.593+00
4e48f266-e823-45bf-8bfa-c86fecc36f44,1779099371086-68,true,correct,2026-07-11 12:03:31.474+00
4e48f266-e823-45bf-8bfa-c86fecc36f44,1779099371086-69,true,correct,2026-07-11 07:48:09.25+00
4e48f266-e823-45bf-8bfa-c86fecc36f44,1779099371086-70,true,correct,2026-07-11 06:31:36.934+00
4e48f266-e823-45bf-8bfa-c86fecc36f44,1779099371086-71,true,correct,2026-07-11 07:30:53.094+00
4e48f266-e823-45bf-8bfa-c86fecc36f44,1779099371086-72,true,correct,2026-07-11 07:37:59.978+00
4e48f266-e823-45bf-8bfa-c86fecc36f44,1779099371086-73,true,correct,2026-07-11 12:08:40.2+00
4e48f266-e823-45bf-8bfa-c86fecc36f44,1779099371086-74,true,correct,2026-07-11 07:53:10.403+00
4e48f266-e823-45bf-8bfa-c86fecc36f44,1779099371086-75,true,correct,2026-07-11 07:34:28.452+00
4e48f266-e823-45bf-8bfa-c86fecc36f44,1779099371086-76,true,correct,2026-07-11 06:37:47.211+00
4e48f266-e823-45bf-8bfa-c86fecc36f44,1779099371086-77,true,correct,2026-07-11 12:02:14.735+00
4e48f266-e823-45bf-8bfa-c86fecc36f44,1779099371086-78,true,correct,2026-07-11 07:36:56.689+00
4e48f266-e823-45bf-8bfa-c86fecc36f44,1779099371086-79,true,correct,2026-07-11 08:59:45.876+00
4e48f266-e823-45bf-8bfa-c86fecc36f44,1779099371086-80,true,correct,2026-07-11 09:00:41.744+00
4e48f266-e823-45bf-8bfa-c86fecc36f44,1779099371086-81,true,correct,2026-07-11 07:06:04.632+00
4e48f266-e823-45bf-8bfa-c86fecc36f44,1779099371086-82,true,correct,2026-07-11 12:05:58.793+00
4e48f266-e823-45bf-8bfa-c86fecc36f44,1779099371086-83,true,correct,2026-07-11 07:54:44.155+00
4e48f266-e823-45bf-8bfa-c86fecc36f44,1779099371086-84,true,correct,2026-07-11 12:08:12.622+00
4e48f266-e823-45bf-8bfa-c86fecc36f44,1779099371086-85,true,correct,2026-07-11 11:59:13.401+00
4e48f266-e823-45bf-8bfa-c86fecc36f44,1779099371086-86,true,correct,2026-07-11 12:06:48.647+00
4e48f266-e823-45bf-8bfa-c86fecc36f44,1779099371086-87,true,correct,2026-07-11 07:52:15.606+00
4e48f266-e823-45bf-8bfa-c86fecc36f44,1779099371086-88,true,correct,2026-07-11 06:28:04.273+00
4e48f266-e823-45bf-8bfa-c86fecc36f44,1779099371086-89,true,correct,2026-07-11 07:36:18.034+00
4e48f266-e823-45bf-8bfa-c86fecc36f44,1779099371086-90,true,correct,2026-07-11 07:52:03.599+00
4e48f266-e823-45bf-8bfa-c86fecc36f44,1779099371086-91,true,correct,2026-07-11 06:29:32.522+00
4e48f266-e823-45bf-8bfa-c86fecc36f44,1779099371086-92,true,correct,2026-07-11 07:38:50.461+00
4e48f266-e823-45bf-8bfa-c86fecc36f44,1779099371086-93,true,correct,2026-07-11 07:31:04.583+00
4e48f266-e823-45bf-8bfa-c86fecc36f44,1779099371086-94,true,correct,2026-07-11 12:01:28.898+00
4e48f266-e823-45bf-8bfa-c86fecc36f44,1779099371086-95,true,correct,2026-07-11 07:50:43.911+00
4e48f266-e823-45bf-8bfa-c86fecc36f44,1779099371086-96,true,correct,2026-07-11 06:28:11.633+00
4e48f266-e823-45bf-8bfa-c86fecc36f44,1779099371086-97,true,correct,2026-07-11 06:28:34.41+00
4e48f266-e823-45bf-8bfa-c86fecc36f44,1779099371086-98,true,correct,2026-07-11 06:32:52.019+00
4e48f266-e823-45bf-8bfa-c86fecc36f44,1779109290755-1,true,correct,2026-07-14 15:47:00.892+00
4e48f266-e823-45bf-8bfa-c86fecc36f44,1779109290755-2,true,correct,2026-07-14 09:27:10.569+00
4e48f266-e823-45bf-8bfa-c86fecc36f44,1779109290756-10,true,correct,2026-07-14 16:01:02.486+00
4e48f266-e823-45bf-8bfa-c86fecc36f44,1779109290756-11,true,correct,2026-07-14 15:36:45.041+00
4e48f266-e823-45bf-8bfa-c86fecc36f44,1779109290756-12,true,correct,2026-07-14 09:35:42.107+00
4e48f266-e823-45bf-8bfa-c86fecc36f44,1779109290756-13,true,correct,2026-07-14 09:22:05.004+00
4e48f266-e823-45bf-8bfa-c86fecc36f44,1779109290756-14,true,wrong,2026-07-14 15:56:07.719+00
4e48f266-e823-45bf-8bfa-c86fecc36f44,1779109290756-15,true,correct,2026-07-14 09:33:29.34+00
4e48f266-e823-45bf-8bfa-c86fecc36f44,1779109290756-16,true,wrong,2026-07-14 15:36:07.465+00
4e48f266-e823-45bf-8bfa-c86fecc36f44,1779109290756-17,true,correct,2026-07-14 09:28:31.015+00
4e48f266-e823-45bf-8bfa-c86fecc36f44,1779109290756-18,true,correct,2026-07-14 15:40:44.827+00
4e48f266-e823-45bf-8bfa-c86fecc36f44,1779109290756-19,true,correct,2026-07-14 09:25:21.902+00
4e48f266-e823-45bf-8bfa-c86fecc36f44,1779109290756-20,true,wrong,2026-07-14 16:00:39.552+00
4e48f266-e823-45bf-8bfa-c86fecc36f44,1779109290756-21,true,correct,2026-07-14 16:00:04.938+00
4e48f266-e823-45bf-8bfa-c86fecc36f44,1779109290756-22,true,correct,2026-07-14 15:51:19.189+00
4e48f266-e823-45bf-8bfa-c86fecc36f44,1779109290756-23,true,correct,2026-07-14 15:41:57.623+00
4e48f266-e823-45bf-8bfa-c86fecc36f44,1779109290756-24,true,correct,2026-07-14 09:28:49.214+00
4e48f266-e823-45bf-8bfa-c86fecc36f44,1779109290756-25,true,correct,2026-07-14 15:39:57.847+00
4e48f266-e823-45bf-8bfa-c86fecc36f44,1779109290756-26,true,correct,2026-07-14 09:27:48.482+00
4e48f266-e823-45bf-8bfa-c86fecc36f44,1779109290756-27,true,correct,2026-07-14 09:25:46.433+00
4e48f266-e823-45bf-8bfa-c86fecc36f44,1779109290756-28,true,correct,2026-07-14 09:29:20.869+00
4e48f266-e823-45bf-8bfa-c86fecc36f44,1779109290756-29,true,wrong,2026-07-14 15:42:20.236+00
4e48f266-e823-45bf-8bfa-c86fecc36f44,1779109290756-3,true,correct,2026-07-14 15:57:27.998+00
4e48f266-e823-45bf-8bfa-c86fecc36f44,1779109290756-30,true,wrong,2026-07-14 15:48:09.991+00
4e48f266-e823-45bf-8bfa-c86fecc36f44,1779109290756-4,true,correct,2026-07-14 15:51:28.518+00
4e48f266-e823-45bf-8bfa-c86fecc36f44,1779109290756-5,true,correct,2026-07-14 15:51:41.052+00
4e48f266-e823-45bf-8bfa-c86fecc36f44,1779109290756-6,true,correct,2026-07-14 15:58:02.919+00
4e48f266-e823-45bf-8bfa-c86fecc36f44,1779109290756-7,true,correct,2026-07-14 09:12:17.219+00
4e48f266-e823-45bf-8bfa-c86fecc36f44,1779109290756-8,true,correct,2026-07-06 08:06:25.805+00
4e48f266-e823-45bf-8bfa-c86fecc36f44,1779109290756-9,true,wrong,2026-07-14 15:57:43.554+00
4e48f266-e823-45bf-8bfa-c86fecc36f44,1779114515772-1,true,correct,2026-07-14 15:55:06.854+00
4e48f266-e823-45bf-8bfa-c86fecc36f44,1779114515772-10,true,correct,2026-07-14 15:54:00.802+00
4e48f266-e823-45bf-8bfa-c86fecc36f44,1779114515772-11,true,correct,2026-07-14 16:01:23.072+00
4e48f266-e823-45bf-8bfa-c86fecc36f44,1779114515772-12,true,wrong,2026-07-14 09:35:56.618+00
4e48f266-e823-45bf-8bfa-c86fecc36f44,1779114515772-13,true,correct,2026-07-14 15:39:51.209+00
4e48f266-e823-45bf-8bfa-c86fecc36f44,1779114515772-14,true,wrong,2026-07-14 15:34:53.83+00
4e48f266-e823-45bf-8bfa-c86fecc36f44,1779114515772-15,true,wrong,2026-07-14 15:44:35.719+00
4e48f266-e823-45bf-8bfa-c86fecc36f44,1779114515772-16,true,correct,2026-07-14 15:56:28.343+00
4e48f266-e823-45bf-8bfa-c86fecc36f44,1779114515772-17,true,correct,2026-07-14 09:33:08.075+00
4e48f266-e823-45bf-8bfa-c86fecc36f44,1779114515772-18,true,correct,2026-07-14 15:58:21.707+00
4e48f266-e823-45bf-8bfa-c86fecc36f44,1779114515772-19,true,correct,2026-07-14 09:35:26.318+00
4e48f266-e823-45bf-8bfa-c86fecc36f44,1779114515772-2,true,correct,2026-07-14 09:35:35.295+00
4e48f266-e823-45bf-8bfa-c86fecc36f44,1779114515772-20,true,wrong,2026-07-14 15:32:10.909+00
4e48f266-e823-45bf-8bfa-c86fecc36f44,1779114515772-21,true,wrong,2026-07-14 16:01:52.689+00
4e48f266-e823-45bf-8bfa-c86fecc36f44,1779114515772-22,true,wrong,2026-07-14 15:56:39.668+00
4e48f266-e823-45bf-8bfa-c86fecc36f44,1779114515772-23,true,correct,2026-07-14 15:45:19.663+00
4e48f266-e823-45bf-8bfa-c86fecc36f44,1779114515772-24,true,correct,2026-07-14 09:17:52.208+00
4e48f266-e823-45bf-8bfa-c86fecc36f44,1779114515772-25,true,correct,2026-07-14 15:30:13.806+00
4e48f266-e823-45bf-8bfa-c86fecc36f44,1779114515772-26,true,correct,2026-07-14 09:26:58.098+00
4e48f266-e823-45bf-8bfa-c86fecc36f44,1779114515772-27,true,correct,2026-07-14 09:23:38.235+00
4e48f266-e823-45bf-8bfa-c86fecc36f44,1779114515772-28,true,correct,2026-07-14 15:54:41.421+00
4e48f266-e823-45bf-8bfa-c86fecc36f44,1779114515772-29,true,correct,2026-07-14 16:02:07.165+00
4e48f266-e823-45bf-8bfa-c86fecc36f44,1779114515772-3,true,correct,2026-07-14 15:47:10.058+00
4e48f266-e823-45bf-8bfa-c86fecc36f44,1779114515772-30,true,correct,2026-07-14 15:32:25.59+00
4e48f266-e823-45bf-8bfa-c86fecc36f44,1779114515772-4,true,correct,2026-07-14 15:37:16.245+00
4e48f266-e823-45bf-8bfa-c86fecc36f44,1779114515772-5,true,correct,2026-07-14 15:29:41.937+00
4e48f266-e823-45bf-8bfa-c86fecc36f44,1779114515772-6,true,correct,2026-07-14 15:43:58.461+00
4e48f266-e823-45bf-8bfa-c86fecc36f44,1779114515772-7,true,correct,2026-07-14 09:29:04.977+00
4e48f266-e823-45bf-8bfa-c86fecc36f44,1779114515772-8,true,correct,2026-07-14 09:25:37.405+00
4e48f266-e823-45bf-8bfa-c86fecc36f44,1779114515772-9,true,wrong,2026-07-14 15:39:34.716+00
4e48f266-e823-45bf-8bfa-c86fecc36f44,1779114523970-1,true,correct,2026-07-14 15:31:04.515+00
4e48f266-e823-45bf-8bfa-c86fecc36f44,1779114523970-10,true,correct,2026-07-14 15:33:53.168+00
4e48f266-e823-45bf-8bfa-c86fecc36f44,1779114523970-11,true,wrong,2026-07-14 15:57:01.042+00
4e48f266-e823-45bf-8bfa-c86fecc36f44,1779114523970-12,true,wrong,2026-07-14 09:35:15.285+00
4e48f266-e823-45bf-8bfa-c86fecc36f44,1779114523970-13,true,correct,2026-07-14 15:47:16.554+00
4e48f266-e823-45bf-8bfa-c86fecc36f44,1779114523970-14,true,wrong,2026-07-14 16:00:45.17+00
4e48f266-e823-45bf-8bfa-c86fecc36f44,1779114523970-2,true,wrong,2026-07-14 09:35:49.021+00
4e48f266-e823-45bf-8bfa-c86fecc36f44,1779114523970-3,true,correct,2026-07-14 15:59:53.15+00
4e48f266-e823-45bf-8bfa-c86fecc36f44,1779114523970-4,true,correct,2026-07-14 15:52:44.42+00
4e48f266-e823-45bf-8bfa-c86fecc36f44,1779114523970-5,true,correct,2026-07-14 15:40:18.966+00
4e48f266-e823-45bf-8bfa-c86fecc36f44,1779114523970-6,true,correct,2026-07-14 15:40:36.18+00
4e48f266-e823-45bf-8bfa-c86fecc36f44,1779114523970-7,true,correct,2026-07-14 09:12:23.016+00
4e48f266-e823-45bf-8bfa-c86fecc36f44,1779114523970-8,true,correct,2026-07-14 09:34:57.406+00
4e48f266-e823-45bf-8bfa-c86fecc36f44,1779114523970-9,true,correct,2026-07-14 15:54:49.268+00
4e48f266-e823-45bf-8bfa-c86fecc36f44,1779114523971-15,true,wrong,2026-07-14 15:49:36.536+00
4e48f266-e823-45bf-8bfa-c86fecc36f44,1779114523971-16,true,correct,2026-07-14 15:51:51.927+00
4e48f266-e823-45bf-8bfa-c86fecc36f44,1779114523971-17,true,correct,2026-07-14 09:29:41.854+00
4e48f266-e823-45bf-8bfa-c86fecc36f44,1779114523971-18,true,correct,2026-07-14 15:50:14.133+00
4e48f266-e823-45bf-8bfa-c86fecc36f44,1779114523971-19,true,correct,2026-07-14 09:06:59.754+00
4e48f266-e823-45bf-8bfa-c86fecc36f44,1779114523971-20,true,correct,2026-07-14 15:38:35.892+00
4e48f266-e823-45bf-8bfa-c86fecc36f44,1779114523971-21,true,wrong,2026-07-14 15:52:12.057+00
4e48f266-e823-45bf-8bfa-c86fecc36f44,1779114523971-22,true,correct,2026-07-14 15:53:05.584+00
4e48f266-e823-45bf-8bfa-c86fecc36f44,1779114523971-24,true,correct,2026-07-14 09:26:47.492+00
4e48f266-e823-45bf-8bfa-c86fecc36f44,1779114523971-25,true,correct,2026-07-14 15:39:27.809+00
4e48f266-e823-45bf-8bfa-c86fecc36f44,1779114523971-26,true,correct,2026-07-14 09:12:44.502+00
4e48f266-e823-45bf-8bfa-c86fecc36f44,1779114523971-28,true,correct,2026-07-14 15:30:58.297+00
4e48f266-e823-45bf-8bfa-c86fecc36f44,1779114523971-29,true,correct,2026-07-14 15:53:42.8+00
4e48f266-e823-45bf-8bfa-c86fecc36f44,1779114523971-30,true,correct,2026-07-14 15:50:41.028+00